,0,1,2,3,4,5,6,7
AAACAAGTATCTCCCA-1,-15.046819,-5.376098,6.5734353,-3.6949995,2.6753511,-0.4920621,0.5674186,-0.38106382
AAACAATCTACTAGCA-1,5.4239607,18.171198,5.0415144,1.5040257,1.3142644,6.681101,-0.15699585,9.0210285
AAACACCAATAACTGC-1,49.61482,-11.097081,-0.10852649,-2.5321622,6.6495132,-6.8559146,-6.9590554,2.5577073
AAACAGAGCGACTCCT-1,-8.930289,1.6724684,7.1383643,-6.383923,0.14062275,-0.080751315,1.6174388,-2.2747595
AAACAGCTTTCAGAAG-1,-3.6105473,-4.1119633,-3.311324,12.293009,0.4497974,-3.9609609,3.7853992,2.6198792
AAACAGGGTCTATATT-1,9.227448,-4.8379335,1.4617616,10.946183,-3.7219481,-6.252708,3.3690498,4.1278944
AAACAGTGTTCCTGGG-1,26.994658,1.4519254,0.39918718,0.73340845,3.099708,8.164129,-3.570853,-9.292114
AAACATTTCCCGGATT-1,-11.560872,-7.5414157,7.075076,1.9443398,2.8291264,1.7864875,0.7842014,1.6057687
AAACCCGAACGAAATC-1,-12.631018,-10.271893,16.20653,3.1674554,-0.23506558,1.9093338,1.1592878,-1.4547936
AAACCGGGTAGGTACC-1,9.64677,15.052897,-6.921875,14.765422,4.0052147,4.051186,-10.542248,0.9991982
AAACCGTTCGTCCAGG-1,39.008587,-9.453521,-0.120046444,-5.8558373,-7.1200814,-3.1969907,2.585095,2.4983435
AAACCTAAGCAGCCGG-1,-10.321714,-9.616608,-0.71575856,-1.8939139,7.376552,6.3008957,0.020610662,-1.6370732
AAACCTCATGAAGTTG-1,-2.487479,1.8558758,-4.643137,10.140673,2.73642,5.512331,-0.9760903,2.000253
AAACGAAGAACATACC-1,-14.392095,-3.9542663,7.585055,-0.6442806,-2.997263,-7.297611,-1.4177802,3.6058383
AAACGAGACGGTTGAT-1,-9.105003,-8.793623,-3.959533,0.77013373,-3.6982539,3.2495327,2.3644059,1.8093057
AAACGGGCGTACGGGT-1,-12.566653,-3.3184493,-1.4851651,-1.1354089,4.585082,0.27936095,-2.549261,-3.052657
AAACGGTTGCGAACTG-1,-2.3095315,-9.995537,1.3697933,6.2878127,-6.6474175,7.819841,3.1026847,-8.335218
AAACTCGGTTCGCAAT-1,-5.2231874,-4.587421,-2.892086,0.7531024,1.4684582,8.893137,0.99013937,-5.415808
AAACTCGTGATATAAG-1,-16.158476,-8.002265,15.492241,3.1620026,-5.097266,-3.2029095,-0.55176693,-0.7284697
AAACTGCTGGCTCCAA-1,-11.138743,-10.191659,-2.327361,8.15859,-8.4081545,-0.5342859,1.4459597,0.07427554
AAACTTAATTGCACGC-1,48.827618,-6.0508685,5.712413,-2.6689198,4.9209976,3.4664707,-13.212334,0.33524123
AAACTTGCAAACGTAT-1,5.7380514,9.218382,-3.9916675,19.447357,-4.1042924,-13.338725,4.4302363,11.1345625
AAAGACATGAAGTTTA-1,-3.1497757,7.8158116,18.25229,-1.1592621,-3.3000312,4.4364204,7.270352,-1.7348094
AAAGACCCAAGTCGCG-1,-10.874394,1.3705513,9.015175,-3.2817495,-4.055237,-4.5776787,-0.24803746,4.0527387
AAAGACTGGGCGCTTT-1,-13.213663,-3.1151958,-4.2462587,-1.6718886,8.561793,-0.7021828,-0.9436,0.12883115
AAAGGCCCTATAATAC-1,47.830044,-3.0044627,-1.2069209,-6.952405,4.558453,-0.019139417,-4.396547,-1.6720177
AAAGGCTACGGACCAT-1,1.3246123,-1.4822136,-1.6653296,4.4097214,-9.940817,8.428575,2.1433942,-5.4816704
AAAGGCTCTCGCGCCG-1,6.5992584,3.6759295,-4.4743705,-3.3948615,-10.014476,1.2894858,2.512441,-5.9356074
AAAGGGATGTAGCAAG-1,-11.192295,-0.13828333,-10.564963,-1.0292472,-4.1217604,0.20892474,2.1384978,-1.0354757
AAAGGGCAGCTTGAAT-1,-2.630721,19.048906,-6.992532,-6.480614,1.9777755,-1.0627491,0.702742,-2.3020787
AAAGGTAAGCTGTACC-1,0.6758393,14.338269,10.958629,-3.606875,1.236229,3.7690554,3.8619518,-9.029435
AAAGTAGCATTGCTCA-1,44.0195,0.2568555,0.60898596,-1.3454566,0.2418909,-8.588813,3.6103177,6.133556
AAAGTCACTGATGTAA-1,-14.723348,4.5324597,0.5390645,-7.907461,-3.6023982,-10.323985,-2.1732888,3.6310556
AAAGTCGACCCTCAGT-1,-7.9245663,3.6985528,-12.126327,0.8119754,-0.5430898,-3.092913,-1.2344741,1.0275192
AAAGTGTGATTTATCT-1,-15.289518,-6.7502337,-1.1264749,-5.271154,4.268862,-0.1506574,-0.19070473,0.067751445
AAAGTTGACTCCCGTA-1,-17.801174,-6.532601,-3.491354,-5.6266503,4.1941905,-1.1044335,-0.13910922,0.13781992
AAATAACCATACGGGA-1,-10.652727,-2.6903536,2.3974285,-8.923246,5.3515735,-0.35472196,-0.29906195,-0.6897496
AAATAAGGTAGTGCCC-1,-19.760021,-6.336599,11.185963,3.2507498,-1.3892668,-8.36986,-3.1152527,-1.0798221
AAATACCTATAAGCAT-1,-12.520727,-13.837219,-0.25415215,5.367128,-5.0115213,3.611427,1.5719417,2.005862
AAATAGCTTAGACTTT-1,-7.8250647,-2.8756752,5.42173,-0.90033704,7.0804396,3.9500432,-3.1197681,-4.7029176
AAATAGGGTGCTATTG-1,-11.303594,-10.936329,-4.192128,0.7986843,4.0417027,8.957684,2.3158946,-1.8831894
AAATCCGATACACGCC-1,-16.00862,-13.87267,-0.16038153,-0.5067135,9.901997,3.4597712,-0.050878417,0.63265705
AAATCGTGTACCACAA-1,10.851255,-3.0928266,-0.8283348,9.372252,-11.569845,5.912116,-3.4913754,-3.50081
AAATCTAGCCCTGCTA-1,-8.398058,-2.568748,6.482049,-1.711355,3.6998441,1.9521791,-0.7309502,-2.8581219
AAATGATTCGATCAGC-1,-13.457678,-2.3510349,11.23313,-0.07084694,-5.274429,-3.9968522,-1.4304248,-2.1808486
AAATGCTCGTTACGTT-1,-5.42125,15.747222,0.83790725,-5.1902523,0.972771,-7.4820495,-5.2108307,-1.1845657
AAATGGCATGTCTTGT-1,-7.1409235,14.448583,-7.9286237,-12.892011,-2.4620414,-5.626322,-0.98859847,-1.7386744
AAATGGCCCGTGCCCT-1,30.263348,3.7467613,0.8383887,5.096251,-4.784288,-8.954177,14.334749,4.108265
AAATGGTCAATGTGCC-1,0.48405728,6.292097,-3.5753832,8.831315,-3.4189386,-0.2700204,-4.532227,0.94635355
AAATGTGGGTGCTCCT-1,5.616952,24.640738,6.647934,-5.827424,-3.596985,5.0384827,5.814636,3.42528
AAATTAACGGGTAGCT-1,-9.779456,-7.8350425,-2.3763683,13.860327,-6.87176,-5.837798,-4.7401,3.0312762
AAATTACACGACTCTG-1,-6.047374,3.9035227,-0.14127253,-10.433143,1.9602057,0.79126585,2.523158,0.42977718
AAATTACCTATCGATG-1,-12.627952,-1.5285333,-3.6222696,-8.188368,-0.16052265,-0.46152398,2.0865417,0.6517337
AAATTGATAGTCCTTT-1,47.035084,-12.0528345,3.1478605,-3.370573,4.3531523,-1.9422163,2.4626975,7.492807
AAATTGCGGCGGTTCT-1,2.4140952,15.750016,3.2815092,5.55746,12.521241,2.719427,-12.561282,0.1441425
AAATTTACCGAAATCC-1,-10.675823,-3.3948903,8.560022,-2.432505,-0.4312199,-3.6075692,0.017729307,-1.6543437
AAATTTGCGGGTGTGG-1,31.260805,-3.237215,3.8236732,4.615025,-2.1314263,1.3251282,3.1998446,9.991214
AACAACTGGTAGTTGC-1,-5.1181793,7.1898713,-10.560858,0.7446581,-0.9123109,1.3876237,-2.2940466,2.1506217
AACAATACATTGTCGA-1,38.85026,-16.316778,1.1336168,-0.6426744,-0.89523995,-1.6128789,-0.081634894,4.903778
AACAATTACTCTACGC-1,-2.2082443,14.885529,-13.220671,-3.630632,7.764698,2.3940077,-4.80766,-4.274342
AACACACGCTCGCCGC-1,-11.026602,-8.197755,-1.3531059,-5.0892835,5.5566893,4.180049,0.87293214,-0.47942823
AACACGACTGTACTGA-1,-12.875323,2.7012107,2.834497,-8.291206,-1.2031418,-9.126376,-0.52325284,4.4651246
AACACGAGACGCGGCC-1,10.02453,10.741354,-7.6009603,4.608078,-9.169021,-10.109305,2.2450116,4.7201414
AACACGCGGCCGCGAA-1,14.840835,27.068436,12.886891,4.9866805,7.514354,35.954098,14.437391,30.470343
AACAGCTGTGTGGCAA-1,47.867012,-10.352235,5.3582478,-1.7843574,4.2109437,9.733495,-2.5606272,1.9728954
AACAGGAAATCGAATA-1,-10.71788,7.7797465,-6.881945,-9.813952,-1.2729352,-4.332814,1.6239513,0.7019736
AACAGGATGGGCCGCG-1,-9.350203,-4.193595,-9.911455,6.05279,6.9431224,1.3914922,-2.7826638,1.7534453
AACAGGTAGTATGGAT-1,-14.226125,-5.738674,17.79463,6.047428,-1.2264745,-3.0836334,0.3690557,0.75886065
AACATATCAACTGGTG-1,-12.266029,-3.5155785,-2.1356475,-8.988811,2.3725305,-0.43782303,0.0054949387,-1.4269543
AACATCGATACGTCTA-1,-1.1484939,8.13872,10.650481,-3.0864823,-1.8181522,2.6860433,3.7519054,-4.40218
AACATTGAAGTTGATC-1,44.674465,-12.1049795,3.7124448,-1.316968,5.530256,-0.44626263,-4.374371,0.996824
AACATTGGTCAGCCGT-1,2.8298478,17.152704,5.1339035,7.543241,9.445206,3.1372743,-6.1246657,1.4226643
AACATTGTGACTCGAG-1,7.2808986,5.113945,-1.8377843,-1.1166184,-8.220122,3.8044314,0.7603456,-6.562784
AACCAAGACTTCTCTG-1,-4.515766,-0.45990425,-10.39967,8.517683,5.0379844,5.899337,-4.892013,-0.48290992
AACCAGTATCACTCTT-1,-9.4594345,2.0741327,9.98744,-1.6994565,-2.011971,-1.2474042,2.6187537,-3.8555799
AACCATAGGGTTGAAC-1,51.093594,-15.044233,4.1639733,-5.2061777,7.1233325,-0.5575154,-9.21732,4.1015515
AACCATGGGATCGCTA-1,-7.810236,5.0397043,5.9651327,-0.4220295,-0.99335057,-5.784005,3.098247,-0.76310647
AACCCAGAGACGGAGA-1,-12.979538,-0.81689966,3.7726398,0.31348288,2.3022861,-6.8258286,-3.4729283,2.3188877
AACCCATCCCATGATC-1,41.46101,-5.9815392,-0.11464233,3.8622513,9.531471,0.69527644,-4.8236895,-2.1119323
AACCCGACAACCCGTG-1,29.09598,-8.875928,5.163557,0.2941704,-4.644116,8.777206,1.0391771,-3.6169248
AACCCGAGCAGAATCG-1,-6.386774,-0.74577373,16.20736,11.460812,-0.76410204,4.372737,-2.741913,-0.6612104
AACCCTACTGTCAATA-1,-12.005204,-4.9556575,-0.4045708,-3.9586446,7.537861,2.1287692,-0.9069397,-0.4040605
AACCCTGGTGGAACCA-1,-16.68994,-4.859537,5.999686,-6.515126,-0.7499999,-5.5200872,-0.1621624,0.93489665
AACCGAGCTTGGTCAT-1,-3.6221833,6.1360188,-9.70372,-4.1813526,-5.613632,0.0735654,1.4653941,-2.420793
AACCGCTAAGGGATGC-1,-16.07601,-8.090411,-2.6039813,-3.6898715,3.743877,-0.05174231,0.4826618,0.012954061
AACCGTTGTGTTTGCT-1,-17.417501,-5.600611,-5.3384385,-9.878381,3.2762177,-7.8162866,0.1423788,5.85472
AACCTAAAGCCGTCCG-1,-11.477791,-3.1291745,13.6534605,2.4352114,-4.9431953,0.34333962,-0.7271251,-2.230095
AACCTCGCTTTAGCCC-1,-10.317897,-7.6441665,-3.4973903,-2.2135358,3.38186,4.673953,0.6238264,-2.5572453
AACCTTTAAATACGGT-1,-4.035767,-3.204227,-0.27749303,7.43572,-0.39195713,8.738101,1.4831399,-5.746641
AACCTTTACGACGTCT-1,-10.708957,2.640752,1.2781289,-10.783236,0.7791253,-2.6454885,-0.16913076,-3.3629363
AACGAAAGTCGTCCCA-1,45.52556,-14.801153,4.6039615,7.722686,9.448271,-2.500127,1.5906715,-1.0588659
AACGATAATGCCGTAG-1,-6.176408,-3.7270696,-5.061006,3.218018,2.0770314,5.7690535,1.6749018,-3.871089
AACGATAGAAGGGCCG-1,-13.637278,-0.14844373,-2.5583947,-3.373385,5.805292,-4.488446,-0.9812117,5.4267535
AACGATATGTCAACTG-1,-6.0136447,-3.4905386,-8.092853,-4.1390715,-4.9635024,3.8093956,5.296041,0.24704331
AACGCATGATCTGGGT-1,-14.849432,-4.535975,8.730499,-0.8494631,-0.2620066,-1.2810694,0.36138427,-1.8546393
AACGCGACCTTGGGCG-1,1.728617,-10.207509,3.0315247,5.146878,-6.1348777,6.264744,-0.23734002,-3.6898139
AACGCGGTCTCCAGCC-1,-4.2906327,4.2512207,-8.788396,-5.252051,-3.569679,0.28140655,2.4657621,-3.1128757
AACGCTGTTGCTGAAA-1,-11.598143,-6.6101427,0.8974147,-4.5272136,5.1728845,2.2176008,-0.2597345,-0.6898588
AACGGACGTACGTATA-1,-13.410745,-11.272247,-2.4213812,-4.165162,7.079924,-0.6050054,1.1647311,0.09592945
AACGGCCATCTCCGGT-1,38.561543,-18.540052,0.85474974,0.43072417,-3.054434,-1.497936,-1.3118277,5.2245455
AACGTACTGTGGGTAC-1,35.858974,-3.945572,-0.7625308,-5.6362214,-5.4997106,-1.2571005,-1.0991292,1.2211584
AACGTAGTCTACCCAT-1,-1.2356098,15.870514,1.966518,-2.4035766,1.6334558,2.536543,0.80582666,2.895536
AACGTCAGACTAGTGG-1,-6.885195,-0.93001455,-5.1458764,0.7833394,4.9216294,-0.360963,0.19322895,1.481568
AACGTGATGAAGGACA-1,-10.946202,-0.701021,4.0407786,-6.474869,-1.9980178,-3.2605238,1.4491508,0.4227232
AACGTGCGAAAGTCTC-1,-6.9345407,-4.318155,-3.443059,3.347841,-8.883888,3.35846,1.0389981,-5.5354586
AACTACCCGTTTGTCA-1,-12.060666,0.028127274,12.189045,0.9547839,-1.9495991,-1.9344954,1.446668,-4.5740986
AACTAGCGTATCGCAC-1,9.226722,33.383366,6.3261523,-7.807002,-7.8757615,3.2098885,5.803761,2.6235895
AACTAGGCTTGGGTGT-1,3.6087592,13.461802,-7.096268,1.5794895,-12.511672,2.0697467,1.6400495,-13.06628
AACTCAAGTTAATTGC-1,9.001203,19.504292,-8.67341,10.197976,-1.7313355,0.27444008,-10.040742,0.45075917
AACTCCAGAGCGTGTT-1,-12.367541,-5.798598,0.77277434,-2.211007,2.5137768,1.7919344,0.484057,-0.6293415
AACTCCTAATCCCATG-1,-14.4021635,-4.025769,2.6073139,-6.638313,1.0389729,-3.3377042,0.22136171,-1.2931621
AACTCGATAAACACGT-1,7.7091646,24.387043,-0.37225738,5.3055897,8.344362,1.6907648,-8.102464,-6.960281
AACTCGATGGCGCAGT-1,6.2247815,33.03018,2.0175946,-4.8450627,-5.9699697,4.7970624,4.320526,6.7545676
AACTCTCAATAGAGCG-1,-13.8392725,-12.848533,-1.3184516,-2.553002,3.1956167,4.0709076,0.9592103,0.9257045
AACTCTCAGTGTGCTC-1,37.83883,-15.247516,3.9874253,-3.2694468,-7.0129275,-1.4260252,3.94286,4.2340946
AACTGATATTAGGCCT-1,-10.442472,7.377143,-9.068801,-8.8708315,-1.1002688,-3.0795963,0.4225276,0.01733882
AACTGGGTCCCGACGT-1,-7.4393473,-4.6123915,-3.2507014,-2.241606,0.47276968,1.9951955,1.9763298,2.852382
AACTGGGTTCGAGCCG-1,-11.829778,2.2930424,10.962003,-2.826756,-3.8811417,-3.2837381,-0.4375539,-3.1338186
AACTGGTGTGGGCCTT-1,-13.473059,1.3069514,16.284498,-0.63522804,-10.022253,-9.544176,-1.946668,0.3803006
AACTTCTGCGTCTATC-1,-4.5462446,11.20319,2.6367126,-2.245678,0.40328342,-4.76346,-4.448737,-2.8069553
AACTTGCCCGTATGCA-1,-8.793168,-3.3917391,-6.793388,0.35441902,8.244472,2.6852715,-3.3540273,1.1074513
AACTTGCGTTCTCGCG-1,-4.9465165,15.701031,2.758835,0.23223446,5.2333994,-11.460819,-5.630026,1.6018293
AACTTTAGCTGCTGAG-1,2.7391968,19.022863,8.875642,-6.112267,-7.9768233,-3.0980842,-1.7714856,1.1971098
AAGAAGGATCAGTTAG-1,-6.818274,12.465317,4.6667256,-0.89299357,-2.749055,-7.1787252,-3.3512068,-0.31524938
AAGACATACGTGGTTT-1,-5.3020496,-4.3030715,4.3767447,4.2794857,8.435653,7.547156,-4.2716813,-6.131303
AAGACCAAATAACTCA-1,55.82263,-16.658659,2.6403258,-5.4060717,3.5019104,-6.1005487,-3.337679,4.5973463
AAGACCCAACTGAACA-1,3.0235462,-5.3732934,2.2941124,3.943173,-6.8743577,2.3601344,0.56236625,-3.6807432
AAGACTAACCCGTTGT-1,4.076372,21.667158,6.3603687,6.8316507,8.656781,7.388626,-0.44264296,26.303238
AAGACTCACGCCCACT-1,-6.270131,4.1732273,14.36213,-0.15127599,-1.9784583,0.66800106,0.42741877,-1.4705547
AAGACTGCAAGCTACT-1,-3.386873,-8.692874,-5.6338315,7.499207,-7.204204,0.63521755,-2.7420053,-3.009145
AAGAGATGAATCGGTA-1,-0.5575684,5.857953,-6.9461412,2.0274446,9.632091,3.4800117,-6.001328,-3.9732418
AAGAGCTCTTTATCGG-1,-9.10058,-6.53465,-3.656656,2.3198206,-6.8234997,3.61762,2.759912,-1.7461311
AAGAGGATGTACGCGA-1,-0.13360797,0.75161374,-5.8365164,12.501101,-2.0728397,1.0474291,-7.2136893,2.7339919
AAGAGGCATGGATCGC-1,-8.450844,-4.8953266,-4.777228,-2.3411133,-3.4534316,5.9616995,3.613926,-0.63793784
AAGAGGCCCTTTGGAA-1,-14.822298,-6.751505,13.636298,12.760031,-1.458563,-4.685196,-3.5331998,-0.427822
AAGATGGCACCGGACC-1,39.155785,-14.888367,0.618922,-3.3075979,-3.3505282,-1.733863,-0.9900211,-0.4726463
AAGATTGGCGGAACGT-1,-10.966695,-8.081542,-3.774634,-2.9185472,-0.23583163,2.079997,2.8215635,2.6649714
AAGCACCCTGCGTATC-1,-10.435928,-7.4336824,-7.2279143,3.9137058,1.7778777,6.132624,1.0429685,-4.026992
AAGCATACTCTCCTGA-1,-10.16472,-9.041596,-2.0092614,9.21918,-3.2804837,3.9220188,-0.6070697,-3.3871138
AAGCCGAAGCGGTTTA-1,-13.709145,-6.6055684,9.726164,2.2957325,-0.5916638,-0.38446796,0.23642248,1.3905709
AAGCCGCCGTGAAATC-1,51.606388,-13.986203,3.9508092,-3.6517446,3.7327359,1.734227,-4.406126,1.0785668
AAGCGCAGGGCTTTGA-1,-2.0981042,1.7355351,-5.8032722,-0.976417,2.6127462,8.37062,-2.5213602,-7.6261764
AAGCGGCGTCATGGGT-1,-13.000381,-1.7420279,9.330627,-4.641692,1.8209532,-1.6528608,-0.65890825,-5.2106533
AAGCGTCCCTCATCGA-1,34.55764,-7.377028,5.021609,1.9918414,-0.9526539,0.56714565,0.6530762,4.991932
AAGCTAGATCGAGTAA-1,-12.872485,-2.2040298,-4.5298433,1.6037296,-5.795371,0.6692089,2.4532087,-2.9263408
AAGCTCGTGCCAAGTC-1,-8.586508,-4.0508943,-5.648459,2.6201112,-4.7993574,3.323556,3.2106678,-2.058687
AAGCTCTTTCATGGTG-1,-12.706,-8.787209,-6.2852507,-0.13100982,3.946687,3.653071,0.5602522,-1.0527432
AAGGAGAACTTATAAG-1,0.788624,13.893114,16.401478,-6.8261666,-6.672854,2.2401645,3.8666427,5.857197
AAGGAGCGGTTGGTGC-1,-5.928166,9.799685,-8.65356,0.7843195,-2.543114,-1.8878784,-0.23328009,-0.076244906
AAGGATCGATCGCTTG-1,-13.936106,-3.873153,7.392833,-3.1551063,1.3943456,0.6682384,-1.3866835,-5.774891
AAGGATGAGGGACCTC-1,-13.795723,-9.456804,-4.84115,-4.7569575,-0.50844604,3.7929337,3.0267086,4.4210205
AAGGCAGGCTGTCTCC-1,-8.431678,1.7816982,10.8769865,-0.08958296,-4.082355,0.9214041,-0.05247579,-4.4944954
AAGGCGCGTAAAGCTT-1,-2.282695,7.3180494,-5.742222,2.134852,6.3634524,5.306768,-1.7088321,2.8935916
AAGGCTGTGCTCATCG-1,-4.052506,-2.0241718,-5.1345816,5.5028553,-0.35298923,0.2973175,-1.4814886,4.5828347
AAGGGAACGACTGGCT-1,50.122963,-8.862394,-1.6405933,-8.710826,2.2057643,-3.945606,-6.0018983,-2.7158825
AAGGGACAGATTCTGT-1,-11.17742,-5.384299,0.24439731,-5.312588,-1.1677512,4.9156303,3.072293,0.10007657
AAGGGACTATGCATTC-1,51.979713,-17.354921,5.071481,-1.9003404,6.0387526,-2.0704777,-4.3903,3.664734
AAGGTATCCTAATATA-1,-11.415068,-2.0990024,-8.389848,-4.103698,-3.4061081,0.26974347,2.7557852,2.0869539
AAGGTGATAAACCAGC-1,-12.578709,-7.882102,-3.1945133,-3.7730188,4.750784,0.94052917,-0.13335066,-0.21536785
AAGTAAGCTTCCAAAC-1,-5.1665254,2.5211194,8.572184,3.7241926,5.045921,5.5996294,-1.3067019,5.485762
AAGTAGAAGACCGGGT-1,-15.861373,-9.995865,-6.4567704,-3.5744321,6.934829,-4.1901937,-1.4233376,5.018121
AAGTAGTGACGCGAGG-1,-5.5530276,0.21696374,-7.163169,3.4378767,1.9798143,1.1566708,-2.261773,2.1210945
AAGTCAATTGTCGTCA-1,-14.286026,-3.9605916,1.0420101,-3.361216,1.867379,-1.6630223,-0.73656476,-0.5416364
AAGTGACGACCGAATT-1,0.2910842,14.816224,-7.6056185,7.928785,-4.6482873,-1.3536508,-4.1126194,0.89235187
AAGTGAGTCGGGTTTA-1,17.720171,3.713052,-2.3487415,-4.342225,-6.4525056,4.5177207,1.4309281,-7.3184195
AAGTGCAAAGGTAGAC-1,-5.981704,9.560435,-3.2519646,-0.08616277,6.9714355,-1.1824031,-0.94549,-4.0684195
AAGTGCCTTGACTGTA-1,-12.682048,-4.882653,5.4228487,-0.9543793,2.2154586,1.1450055,-0.5315368,-1.990903
AAGTGCGTTAGAATCT-1,39.947773,-1.6064808,4.0542436,0.9392321,-1.428443,-1.3242389,7.183568,3.7345393
AAGTGCTTCTCTATTG-1,32.706654,9.263901,-4.3915334,-4.1866918,1.7315654,0.5832313,-3.461664,-10.902067
AAGTGTTTGGAGACGG-1,-17.101534,-9.474813,-8.780795,0.5315339,2.1647887,3.1921513,-0.7728381,-0.48575345
AAGTTCACTCCAAGCT-1,-17.950258,-15.761613,-5.4689126,-0.93858707,10.41784,3.7090979,-0.36195827,1.7623069
AAGTTCAGTCTGCGTA-1,-15.759559,-7.729514,10.637984,0.8663765,-0.7169538,-5.3572893,-1.6607276,-0.86172444
AAGTTCGGCCAACAGG-1,33.726116,-12.623255,1.077411,6.239085,0.23008424,-0.8592246,-2.719135,8.603316
AAGTTGTGATGTTATA-1,-1.6878996,3.3490381,4.4905076,7.2022033,5.2704606,4.2355456,-5.521224,-4.4839935
AAGTTTACTAATGGCA-1,-12.561435,1.4230955,8.739756,-3.028587,-3.4831884,-6.5614247,-1.3919543,1.5631655
AAGTTTATGGGCCCAA-1,-6.752944,0.13417801,-8.9668665,-0.91133565,-0.45114473,7.5614233,1.1868747,-4.548861
AATAACAACGCTCGGC-1,-9.145843,-4.2985935,-6.9087934,11.723589,1.6219101,2.8109336,-5.298506,2.9675872
AATAACACTAGAACAA-1,41.10798,-5.342539,-3.3442945,-8.376509,-9.170159,-7.5412674,0.9658052,2.432582
AATAAGTCCTCGAGAC-1,-10.801179,0.71769524,5.332006,-1.9875082,-1.7572062,-4.287155,-3.0940444,-0.46066922
AATACAATGTTTCAGG-1,1.5942429,7.5898786,2.874966,-7.1398416,8.335629,1.6442511,3.5563002,-5.121064
AATACCGGAGGGCTGT-1,44.036392,-15.617133,5.219439,-2.2754507,0.028144991,3.8903296,-0.8964435,-2.3340957
AATACCTGATGTGAAC-1,-2.2882776,13.739252,-3.666922,-0.12741964,9.978308,2.1978445,-4.867502,-13.902157
AATAGAACAGAGTGGC-1,37.418633,-10.17498,2.584026,-7.2256956,-9.035978,-1.9655842,3.438466,3.3249447
AATAGAATCTGTTTCA-1,-15.009552,-12.886626,-3.489874,0.18104728,7.110416,3.3790083,1.152333,-0.30198365
AATAGCTACCGCGTGC-1,-11.54201,-6.420257,17.452005,4.2626853,-5.039662,-1.689521,0.30059808,-1.0983346
AATAGTCCGTCCCGAC-1,9.935559,13.856082,-2.7785754,-2.2747526,-8.793399,5.3318663,1.4978583,-6.6870465
AATATCAAGGTCGGAT-1,-0.59842175,17.232014,6.4799504,-3.4037385,-2.8566086,3.590518,0.37275237,5.7824883
AATATCGAATCAATGC-1,-16.052729,-5.635436,15.564282,4.646297,-0.43693796,-3.6936853,-2.0526888,1.7118399
AATATCGAGGGTTCTC-1,-12.293799,-1.4481663,-1.4552941,-8.620865,1.6917056,-1.6935257,1.18211,-1.246337
AATATTGGAGTATTGA-1,-3.6401758,3.6923575,-8.851513,5.3833647,1.1282678,1.9550407,-4.731271,-0.7972128
AATCAGACTGCAGGAC-1,1.0462974,21.33158,7.081572,7.6538405,15.067405,6.8124485,-4.5524983,10.790914
AATCATGTAAAGACTC-1,-13.6042,-11.303655,5.151517,-0.39967778,6.1840115,1.8553634,0.17332166,0.86907566
AATCCAAGGGCCTGAG-1,-15.369818,-5.4032445,3.1454835,-1.4280132,0.055073317,-5.73393,-1.1344141,4.9255867
AATCCATGCAAGGGTG-1,11.013628,30.582726,0.58040696,4.7386446,5.280024,3.9205925,-3.3359947,16.42009
AATCGCCTCAGCGCCA-1,-12.625314,-10.33525,-7.2838874,-1.3030502,-3.052428,2.4520004,2.135409,1.2094728
AATCGCGCAGAGGACT-1,-11.848193,-6.5594916,11.324082,0.40853837,-0.4955154,0.9447725,0.071076296,-1.8510724
AATCGGGACACTACGA-1,-11.675069,5.1904135,2.0039675,-3.6901276,-4.0431123,-8.9939165,0.03674733,1.2914639
AATCGGTATAGCCCTC-1,0.063557506,10.816307,-4.1279,4.509433,12.846197,7.5907288,-6.990769,-18.10912
AATCGTGAGCCGAGCA-1,-7.3909006,4.7952304,-4.95696,-1.8786077,5.0988607,3.9317434,-1.1315211,-4.194809
AATCTAGGTTTACTTG-1,35.70103,3.465294,-3.6373813,5.9152613,6.0640435,-15.257699,23.558487,-3.9625378
AATCTATGCCGGAGCC-1,-16.002394,-8.488744,13.092212,0.08181202,-1.10788,-1.1052808,-0.021591166,-1.3032619
AATCTCTACTGTGGTT-1,-2.3239093,10.4905615,-6.6222157,1.7661105,0.2968035,0.5521987,0.6790736,0.43635386
AATCTGCGTTGGGACG-1,-13.591037,-7.001845,-6.4559484,-6.7099113,2.1785674,2.9041471,0.44365233,-1.7774674
AATCTGGCTTTCTAGT-1,39.510662,-3.6632578,-0.3335342,14.484153,9.926635,-24.083136,45.878876,-1.7669514
AATCTGGGTAGACCCT-1,-8.903555,4.4411464,12.046027,-1.397607,-3.9834018,-1.3212446,0.27357644,-6.420634
AATGACAGCAATGTCT-1,23.266127,-10.175009,0.27257234,1.5798117,-3.7651973,-4.013258,1.4703337,9.086361
AATGACGTAGGATGTC-1,-8.147367,-0.39998373,-6.637354,-2.7627335,-6.70262,0.6747138,3.435312,-1.0970566
AATGACTGTCAGCCGG-1,-14.46693,-0.57752705,-10.2499075,-1.0745733,0.49177176,-0.8281668,-1.1965921,2.989047
AATGAGTTCGCATATG-1,-4.4299264,12.238941,10.067061,3.3894076,6.615203,-7.1561403,-5.8985534,2.479383
AATGATGATACGCTAT-1,-15.931822,-3.1882079,-7.814845,-11.493718,3.5133238,-1.737146,1.0809078,1.2611248
AATGATGCGACTCCTG-1,-18.842606,-6.797744,-0.38157076,-6.4185405,1.938017,-3.960996,0.8820094,-0.35103682
AATGCAACCGGGTACC-1,-7.722784,-2.315794,-6.967098,5.5307574,-1.3757598,2.6356363,0.47251832,1.7170279
AATGCACCAAGCAATG-1,-14.320256,-5.7676134,3.2703795,-7.057353,3.2514656,-0.683365,0.3697717,-1.3493148
AATGGTCCACCGTTCA-1,-3.9560783,13.0591545,-6.4837813,-4.6911626,8.997706,-2.1506813,0.8586779,-5.1596704
AATGGTTCTCACAAGC-1,-15.241725,-6.95798,0.54292727,-1.2310213,5.8755136,-6.8639235,0.68270165,5.4188385
AATGTATGGCACTGTA-1,38.794147,-5.1284146,3.1208892,-4.80591,1.5744014,-0.16614021,-5.113762,1.8987335
AATGTGCCCGAGGTGT-1,44.906513,-11.795032,6.0200787,1.8405766,0.7883318,1.6274043,1.0435354,3.164165
AATGTGCTAATCTGAG-1,42.773403,-9.066451,-0.42639193,-8.6514635,-0.71653545,1.3874385,-1.8912494,-2.917987
AATTAAAGGTCGGCGT-1,5.623834,-8.01377,0.66510856,13.015327,-8.294478,3.4957578,-4.6934114,3.842082
AATTAACGGATTTCCA-1,-8.907177,-9.627765,-1.0498414,4.9189105,-2.570663,3.35394,1.6825191,-3.1856756
AATTACGAGACCCATC-1,41.86714,6.1971364,-2.0579493,-3.774548,4.184274,-5.2288256,-2.073469,-3.4727623
AATTACTCGTACGCTC-1,4.108397,29.707615,1.3868798,-3.809476,2.7405353,-10.507561,-6.9738116,-4.1618285
AATTAGCGCTGCAGCG-1,-10.333405,-9.202502,-2.7121687,8.813137,-7.4788513,-0.60092884,-0.13155603,-1.9789867
AATTCATAAGGGATCT-1,-10.811406,-2.1853733,-4.509036,-7.840878,-0.21340212,0.4065089,0.8002131,-0.7516545
AATTCATTGTCATGCA-1,50.502724,-7.311946,2.3212936,-6.3643165,2.6184855,-5.469343,-6.498318,3.0581436
AATTCCAAGCATGTAC-1,-1.563555,-5.281941,1.7949613,2.968931,-7.7568393,4.109167,3.701573,-5.2678957
AATTCGATTCGAGGAT-1,-6.415059,-4.2179456,-1.9576873,1.7416533,6.864265,9.444598,-1.9912461,-1.5502058
AATTCTAGAGTTAGGC-1,-5.3954854,-5.359023,-0.20422705,5.4111943,-8.227605,1.959524,2.1383975,-0.73568845
AATTGAACGCTCTGGT-1,-11.98659,-4.324577,-6.096966,-3.1109493,1.0517645,3.4006546,2.6878922,-3.1199734
AATTGCAGCAATCGAC-1,-14.58554,-4.5389366,6.5569615,6.243828,1.227021,-2.7802575,-4.60444,-1.901676
AATTGCGTGGATTACA-1,49.552586,-9.341758,1.6348615,-3.1216302,12.406518,-1.9072932,-4.1033716,1.6104089
AATTTGGGACATAGTA-1,-16.565866,-0.48978558,-0.5652054,-9.622607,-0.9199491,-4.3481975,0.10300709,-2.6673315
AATTTGGTTCCAAAGA-1,-18.699924,-10.816715,-2.672504,-4.8428,6.469305,-6.720416,-0.98124474,7.040469
ACAAACCATGCGTCCT-1,50.32247,-9.979712,2.7557604,-5.096806,3.9981375,-1.7814729,-10.797788,1.6510495
ACAAACCGACAAGGCG-1,-10.484587,-1.4498951,16.003206,2.1390636,-4.145527,-1.0017196,-0.29882902,0.26485473
ACAAAGCATGACCTAG-1,-10.9501,-6.9015455,5.480289,0.3444096,5.0130696,-0.0989461,-1.035415,-2.1029103
ACAAATCGCACCGAAT-1,-16.757605,-16.390017,-6.1930876,1.3770125,4.398882,4.0580573,0.24473369,-0.0893656
ACAAATGGTAGTGTTT-1,-9.521871,-3.9033973,-4.0020533,-4.9813867,0.26431707,5.608972,4.351658,-1.4505607
ACAAATTCAGATCTGA-1,-0.37302738,4.360536,16.455278,5.549573,3.2175066,7.867931,3.0955248,-2.3411765
ACAACAGCATGAGCTA-1,-9.484653,-4.398169,-3.9640024,5.1657095,-7.430789,1.8870006,-0.3574809,-2.5565867
ACAACGGTCCCTGCGA-1,-5.5674996,9.494853,-2.2639313,-4.2545195,5.9141917,-0.1037281,-0.61596334,-0.026617864
ACAAGCAGTGCCTAGC-1,-7.3163085,-0.17474158,-4.4976974,0.5401416,6.063204,2.0205417,-1.7163957,0.24735902
ACAAGGAAATCCGCCC-1,-14.598557,-11.984805,-4.1557875,6.5205884,-1.0839329,5.0427337,2.4635174,-0.258829
ACAAGGACAAGAGGTT-1,-6.2572126,-1.693025,-4.038877,6.141382,0.5788995,1.4534525,-3.1858099,1.823639
ACAAGGATGCTTTAGG-1,-11.085574,-6.361328,-0.090228654,-1.9865087,6.634437,2.675859,2.002707,-0.78429097
ACAAGGGCAGGCTCTG-1,-12.724655,-8.213707,-5.878226,1.9908118,-3.8703742,1.8159397,3.892214,2.635809
ACAATAGTCGTACGTT-1,-7.6047378,0.2376194,-5.5830626,13.311055,-5.197697,-3.7857504,-3.5671442,2.0422158
ACAATCCATTTAAACC-1,-6.7078304,-4.2532506,-6.5165944,11.019171,-2.7531514,-1.5512073,-2.695785,0.1576102
ACAATCGATCTTTATA-1,-2.4033437,11.311193,8.854585,-3.5456302,-2.1084478,-1.2141627,2.5234458,1.8224591
ACAATGAATACGGAGA-1,39.51283,-3.4720204,3.7023642,-4.261357,3.0574367,5.305688,-1.0985637,-1.3426058
ACAATTGTGTCTCTTT-1,-6.744409,-1.9869226,2.3494668,-5.688395,3.810284,1.944414,0.2992432,-2.1084917
ACAATTTGAGCAGTGG-1,-9.149196,-2.858284,-7.4136286,-5.1422853,-2.1950684,2.2906039,5.2814913,1.1983155
ACACAAAGACGGGTGG-1,-6.4393644,0.12354755,-7.5371337,-0.5625552,-1.5679848,-0.6807918,0.09393612,4.3540525
ACACACCAGGACCAGT-1,-13.025104,-5.603247,-0.06549831,-2.1214967,5.087258,1.9447442,2.4295874,0.25488383
ACACACTTTCTACACG-1,-15.610718,-4.777421,-6.1478825,-6.583139,2.1591814,-4.4676623,-0.15037757,3.6779246
ACACATGATCAAATCT-1,42.53423,-11.686269,-3.613455,-1.3281262,1.205457,-6.6602583,-6.3013353,0.043541905
ACACATTGACGCAACA-1,2.2646756,30.698652,-1.0988303,0.14940584,1.5443596,-5.931018,-5.4180446,-6.842877
ACACCCAGCATGCAGC-1,-9.43922,-1.0483677,-8.45903,1.9008939,-1.2553183,0.2657782,-1.8613557,5.0366287
ACACCCGAGAAATCCG-1,-14.662661,-4.942987,-2.4569952,-3.1016896,8.654919,-4.1874423,-0.26345265,5.727995
ACACCGGTCTGACCGC-1,52.936176,-9.304059,1.8027028,-6.367509,5.425285,-2.5566437,-5.7746344,-1.3786529
ACACCTTAAGTAGGGC-1,-11.305285,-4.1118364,-5.3151855,2.151842,6.1114707,2.4295475,-1.5029573,8.649881
ACACCTTACTACTTGC-1,-10.749682,-2.5250704,11.441664,0.7396768,-0.46417418,0.9914946,-0.103621855,-3.623428
ACACGAGACTCCTTCT-1,-11.668569,1.3728045,-8.65026,2.4849033,-9.679768,-0.87966216,0.9977685,-3.1152778
ACACGGCACTATGCAT-1,-13.827442,0.6502981,4.4822035,-4.5681577,-1.1833245,-5.05403,-0.59451944,2.5233583
ACACGGGAACTTAGGG-1,-11.611986,0.69816256,-10.804079,-1.6883849,-5.783488,-0.9202087,3.0614436,0.8954043
ACACGTAGGCCACAAG-1,-8.3154335,-2.7459857,16.585474,13.956459,-0.93984866,0.1306234,-2.3147333,-1.5555034
ACACTCCAATGTCACT-1,-15.071152,-5.505251,12.469977,4.3759356,2.3378954,-9.5380745,-6.0094547,2.9952745
ACACTGATCAAGGTGT-1,36.71904,-2.9585304,-0.6484853,-11.056766,-9.890674,1.9709866,4.922473,1.0276589
ACACTGGGACAGTCGT-1,-3.1998563,8.26274,7.9066706,6.35589,-1.8765434,2.372903,-2.3109381,-0.6077073
ACAGAACTGAGAACAA-1,44.914482,-13.5024,4.919293,4.020839,3.2652855,-3.2033944,2.0908492,5.402528
ACAGATTAGGTTAGTG-1,-11.753512,5.9417386,3.184434,-6.3646097,-4.6213894,-8.198131,-1.3663514,-0.1284457
ACAGCATAGAGCCAGT-1,-14.762294,-1.0101855,0.76198876,-6.4615006,-0.2314476,-10.11268,-3.2337143,4.740797
ACAGCGACATTCTCAT-1,-16.921951,-7.04982,3.3434062,-0.2836923,0.6428287,-3.5330324,-2.43234,1.2135844
ACAGCGCACCCGCAGC-1,-8.043157,8.124475,-1.5621494,-10.638012,-1.5772716,-3.708916,3.0930433,-3.9768155
ACAGGCTTGCCCGACT-1,-15.715092,-11.223617,-3.0442424,-2.4143715,7.6867776,4.729074,-1.0118273,0.9730262
ACAGGTGGAGGTGAGG-1,37.431942,-3.1280653,0.078867815,-8.703784,-8.627332,-2.880164,3.7112827,2.4061682
ACAGTAATACAACTTG-1,6.3425765,-1.0041912,-1.7793106,15.2428055,-6.506932,-3.2270463,10.552334,5.681207
ACATAAGTCGTGGTGA-1,43.127975,6.6101694,2.799955,-0.10069655,13.047915,1.8153293,-7.3868065,-12.549073
ACATAATAAGGCGGTG-1,-9.342537,2.4658372,-7.061618,-4.0783105,-5.2505965,3.3704586,3.9811,1.047986
ACATCAGCTGGGACGC-1,-5.1935134,5.507688,-6.697116,-3.6536548,7.1500583,-2.0692348,-1.1206857,-3.5711596
ACATCCCGGCCATACG-1,15.052414,10.239925,-5.6305585,-2.4012244,-14.144334,6.484276,4.4077034,-4.9951105
ACATCCTGGTAACTGT-1,-17.659298,-11.519031,0.57525235,-3.6721792,4.1775784,-0.5046228,-0.24221049,0.48693174
ACATCGATCGTTTACC-1,13.10372,34.918007,-10.075672,-2.1207242,-8.107028,-4.4893317,-0.54568607,-5.812618
ACATCGGTCAGCCGCG-1,16.35774,27.712679,-11.213776,10.600471,0.16858995,-1.4915657,-11.240564,-2.42898
ACATCGTATGCAATGG-1,-16.996037,-13.725625,-6.099929,1.6545489,-0.5697096,2.3997104,2.4280565,2.6284657
ACATCGTTAACCTAGT-1,-12.346437,0.14664175,3.206274,-7.055034,1.0573591,-5.5504518,0.76075536,-0.6183507
ACATCTCAACGCGTAA-1,-15.105697,-3.5791628,8.237884,-2.1817117,-1.0148206,-2.3115842,-1.0072973,1.0963761
ACATGGCGCCAAAGTA-1,-16.134466,-12.563694,5.1145115,-1.1229256,5.926326,1.1533501,-1.6995324,-1.5922364
ACATGGCTCAATTTAG-1,5.675509,19.41888,4.5590305,9.008139,17.66389,3.3316488,-9.999073,-6.9351664
ACATTAGTTTATATCC-1,-4.2731714,-1.9306794,-2.148424,5.315219,-8.806933,3.1905012,-0.055952113,-3.274174
ACCAAACTAGAAATCC-1,-14.957101,-5.5122213,13.91782,1.7405795,-1.2153634,-9.113645,-2.1220675,1.5678799
ACCAACACCACACACT-1,-14.151927,-6.358474,14.421545,0.6288602,-3.0736418,-1.8550863,0.6980906,-2.0380783
ACCAACCGCACTCCAC-1,-7.54273,4.7212954,1.8729402,-1.6151797,3.3753521,2.9502313,-0.5115163,-4.462921
ACCAACGCTTATTTAT-1,34.50074,-11.750996,1.1887225,-8.598509,-8.153717,0.5661409,1.3896295,3.7604992
ACCAAGAACGCGTGTC-1,-16.281725,-6.061542,-3.55178,-3.9900649,4.451989,-4.8775516,-0.1909253,4.853536
ACCAATATGCAAGTTA-1,-8.052226,-6.2153816,-6.088502,0.4775594,5.096007,8.896144,-0.12572543,-2.3837729
ACCACAACTCAGAACA-1,-11.183639,0.62998813,3.4709756,-4.5215235,-0.4812137,-1.2610487,0.74171287,-1.0585233
ACCACAAGTTTCTATC-1,-9.806684,-5.7823405,-3.9590924,9.267073,-0.2916099,0.05903443,-3.4796612,2.726596
ACCACCAATGTAACAA-1,-14.198319,-8.576389,8.451381,-0.7480203,1.0210332,1.3171577,-0.15518318,-2.7759104
ACCACGTGCAGCTATA-1,-5.635824,8.08301,-7.9082904,-1.0133619,-1.7032605,1.8988035,2.4721699,-2.2807913
ACCACTGTTCAAGAAG-1,3.3430114,28.91222,4.145982,-1.5736554,4.872172,-9.708684,-8.100196,-6.4747934
ACCAGCCCGGTCTTTG-1,-12.238441,0.2942655,7.6302333,0.124759205,-1.0898069,-3.3830476,-0.8770096,-2.399283
ACCAGGAGTGTGATCT-1,-1.9959604,18.00875,8.752338,-4.0375385,-6.186111,0.48967385,0.42130452,-0.03373241
ACCAGTGCCCGGTCAA-1,-7.1697474,0.8224071,12.64091,1.441886,2.435665,5.174813,1.9885929,-5.511524
ACCAGTGCGGGAGACG-1,-7.66584,0.14663067,-0.02925351,-6.1030517,4.0301247,0.85978657,0.5920987,-4.5557504
ACCATATCCGCAATAA-1,4.9260893,-8.121266,1.8260785,10.155937,-4.1466618,-1.8782554,-7.146469,4.0074587
ACCATCCGCCAACTAG-1,0.78271794,2.2263916,-2.8659372,19.086132,2.6229548,-8.531651,6.2491236,2.378536
ACCATCGTATATGGTA-1,17.808697,-1.1516225,-0.7589166,7.1845436,-3.9027083,4.5888066,-5.2858696,0.87796205
ACCCAACGCCCGTGGC-1,-10.358179,-5.96899,-5.8542986,-5.0167565,-0.9151555,3.7456481,2.0987558,0.8502265
ACCCACCTACATGCTC-1,-5.7226124,8.542713,-6.740823,-5.177426,6.799924,0.1430702,0.10579204,-3.109079
ACCCATCTTGAGGGTA-1,-10.6844015,-5.243295,-4.6495495,15.046573,-3.1959631,-2.7244697,-4.3265963,4.4780827
ACCCATTTGTCCCTCT-1,-10.380922,-3.473517,8.283311,1.2013031,0.3107343,1.3686682,-0.094959006,0.04698886
ACCCGAGCGAAATTAC-1,45.181427,-3.8272028,-0.60670066,-0.85787076,9.126284,5.350132,-1.011944,-4.269505
ACCCGGAAACTCCCAG-1,-6.202063,-9.99931,-1.7885457,9.192285,-5.714499,3.5012462,0.8753636,-6.219286
ACCCGGATGACGCATC-1,-8.453555,-8.655288,1.7530556,-1.1807283,5.878565,3.058874,-1.1372105,-3.069029
ACCCGGTTACACTTCC-1,19.925716,5.6833687,-0.6585475,2.640621,-7.261729,4.4185348,1.1244913,-2.7838674
ACCCGTGTCATCAGTA-1,10.820424,-3.3272367,-0.33613607,-1.3774229,-10.954655,2.9354486,2.6397645,-4.057318
ACCCTATAGGACTGAG-1,3.5004227,29.240759,-0.44651082,1.9681067,6.3250465,-8.209343,-5.045997,1.8061008
ACCCTATGCCATATCG-1,43.6519,-12.475783,0.8180038,-9.956939,-3.3911595,-5.5677767,1.1000799,4.11213
ACCCTCCCTTGCTATT-1,-13.303713,-8.158493,-4.224215,-1.0310051,0.17345402,3.102899,2.6748037,-1.0582728
ACCCTTCATCTGCGAA-1,-8.215448,8.207103,-3.956912,-9.049173,0.64107156,-4.511436,0.27311066,2.334988
ACCCTTTAGTTCTCCA-1,-14.2249975,3.6875381,2.6348534,-8.653586,-2.1953235,-6.2000866,-0.16152412,-2.0032992
ACCGAAAGGGCCCTGC-1,-10.628157,5.5755353,7.8529997,-4.3653073,-5.7763753,-7.7290344,-1.1534544,0.016199885
ACCGAAGAGTCTGGTT-1,40.36812,-13.204151,1.2647432,6.2192583,7.925332,-4.3118587,-3.3686028,0.15024313
ACCGACACATCTCCCA-1,-10.883767,-6.3943872,-4.936639,6.9631934,-0.44519514,4.169602,-0.11221664,-4.743055
ACCGACTGAGTCCCAC-1,-9.747611,2.9645846,-8.175423,1.2971404,-7.155452,1.0942377,-0.113965064,-0.99266315
ACCGATGGTAGCATCG-1,-11.108785,-5.846097,-5.6393843,-5.620557,2.2133474,2.4797301,2.9320993,-0.45462132
ACCGCAATAACTGCCT-1,-9.122268,-5.959648,-3.3238964,0.70908487,5.6401267,9.430981,1.6260915,-1.7366374
ACCGCGGTGGAAGTCG-1,-16.772392,-6.579819,2.9468117,-2.2272282,2.4691122,-1.9098723,-1.2181964,-1.9422336
ACCGGGCCTTTGTTGA-1,-14.461032,-3.1335213,0.077550665,-7.3016515,1.1053011,-4.2188554,0.5765592,-2.1117733
ACCGGTCAGGTACACC-1,47.175983,-4.559378,-2.073104,-2.0143032,8.244966,-4.429093,-10.140633,-2.8583856
ACCGGTCTGAGTACGG-1,1.0489141,15.475703,12.902404,-1.5610297,-3.1357596,7.2261705,8.749423,-3.0840216
ACCGTCCACTGGGCCC-1,49.312332,-2.402652,-0.48135507,-5.7851095,-1.920565,-6.658708,-4.387841,-0.105413325
ACCGTGACCACGTGGG-1,37.76089,-1.0197277,2.776585,-4.171325,1.0168128,4.059386,0.81041425,-1.7683805
ACCGTTCCCGCTCTGA-1,-11.176887,3.6288252,8.596424,-2.3799326,-6.2584023,-7.775848,1.8198397,1.0142504
ACCTAAGTACCTTTCA-1,41.839302,-3.287022,-3.2434587,-4.9344845,-3.9693108,-7.7063065,0.09780358,6.0983787
ACCTAATCGACTTCCT-1,-14.599412,-7.9111476,-8.907703,3.3070896,7.134615,-0.4004376,0.38082212,2.426245
ACCTACAGTATGTGGT-1,-13.573094,-6.2960443,10.897914,2.336254,-0.03627918,-0.6820674,-0.052537393,-2.9798582
ACCTACTATAAATCTA-1,16.035177,-0.5895973,0.14137723,0.978499,0.26701304,4.289905,5.1865654,-7.424452
ACCTCCGCCCTCGCTG-1,-13.632985,-8.70683,11.192702,3.814989,2.330971,-1.079645,-0.52556425,-0.11726409
ACCTCCGTTATTCACC-1,-11.054882,-1.514226,10.090871,1.532969,1.3524262,-1.7117567,-1.3049537,-1.7011899
ACCTCGAACTTATGCT-1,48.15645,-5.070816,1.8879415,-5.627024,3.9001749,1.7736284,-4.2970734,-0.9756197
ACCTGCGTGTCATGTT-1,-3.7573748,-2.3862536,-3.0655582,17.263119,-8.869958,-10.104693,4.5750604,7.612127
ACCTTTCCTTTAGAAG-1,-2.053652,8.176483,13.267889,-1.6241206,-0.5842302,1.1576763,3.0429292,-1.420221
ACGAAATGGGCGGCAC-1,-8.057113,-1.2196125,-9.491645,7.7570257,8.364488,3.0071216,-3.2158353,2.598064
ACGACTGGTCATACTC-1,42.28386,-15.8755,2.9181175,-4.114763,-1.8266187,2.6159697,-3.4197216,-2.967579
ACGAGAACCCATCACG-1,8.49369,33.813286,2.4844487,-4.854733,-6.018667,6.160112,6.6379604,5.4191995
ACGAGATATTTGCTTA-1,-11.45033,4.6469846,3.0210247,-6.801663,-2.36099,-2.9735913,-0.107064016,-0.83889335
ACGAGGATACCACTCT-1,37.75905,-8.25171,1.5623091,3.5738049,-2.3998845,-7.687154,6.333809,6.2204814
ACGAGGTTTACAACGT-1,45.71961,-7.867532,-0.18213645,3.0168006,8.32267,-5.190507,-5.9672184,-2.6834993
ACGAGTACGGATGCCC-1,-12.698117,-0.53841496,3.1834884,-4.658047,0.16998897,-1.9939519,0.9497225,-1.9885483
ACGATACATAGAACTA-1,-13.420452,-9.528912,-5.7541375,-2.756712,-1.8749031,0.8329981,1.4782654,3.667967
ACGATCATACATAGAG-1,-6.021764,2.214675,-4.786191,1.4330013,-3.2145395,2.9582715,0.9640913,-0.036306817
ACGATCATCTTGTAAA-1,-13.897023,-7.6655593,4.2570686,-0.26796284,5.579483,3.063056,-1.8942919,-0.6776335
ACGATGCATATGTTAT-1,8.707597,26.132616,-11.546726,5.1215386,-4.067932,-0.5012923,-8.785546,-1.2353598
ACGATGGATCCGATGC-1,-21.540623,-11.860372,-1.3044114,-5.0433245,3.127604,-5.138565,-0.91007125,4.7253513
ACGCAAACTAATAGAT-1,18.455076,-4.9100733,2.0131905,-0.87824905,-6.5882583,3.701087,2.825785,-0.9067357
ACGCAATCACTACAGC-1,-13.941294,-4.88942,11.755998,0.07379209,-4.3635783,-3.307363,0.45739287,-0.13479704
ACGCATACGTTTACTA-1,-8.597712,-0.9368691,9.515516,-1.621774,-0.41789564,1.7264247,-2.2515955,-4.0856314
ACGCATTCGTGAGTAC-1,5.5606766,8.367663,-5.90159,5.8552575,-5.278673,-3.4073815,2.3118033,-4.330596
ACGCCAGATGATTTCT-1,-10.0478325,-3.5183947,-6.5270824,-5.5789275,0.7228898,0.93367416,2.9150171,4.661358
ACGCCCAGCTGTCGAT-1,-9.523584,0.95724005,12.811136,-1.6283126,-2.8654537,-2.6187248,-0.98514754,-2.2053986
ACGCCGCTAGACGACC-1,-6.513427,-0.46359605,-3.5027573,3.4257522,-8.336729,-0.45452142,2.8626797,-0.8787248
ACGCGAAGTCAGACGA-1,14.871583,14.354043,-3.7940044,-3.2921336,-11.478446,5.25396,3.3018677,-7.335506
ACGCGCTACACAGGGT-1,2.9891148,9.928435,-9.373946,11.072944,-5.6311455,-1.4980472,-7.7363787,2.981025
ACGCGGGCCAAGGACA-1,1.231458,6.9594665,-4.8180485,9.035482,-6.4888415,-0.6102355,-1.7856853,-7.7820206
ACGCTAGTGATACACT-1,-13.460158,-5.091808,-0.30307725,-7.012501,3.7584717,-0.21640988,-0.26448923,0.85160464
ACGCTGTGAGGCGTAG-1,-9.480359,3.6833389,-14.123341,1.00091,-1.4955392,-5.29329,0.29990682,0.72738904
ACGCTTAGTGTCTCTC-1,-13.364855,3.058736,6.0821037,-5.3856783,-4.1488,-6.7824593,-0.36659375,-2.6075022
ACGGAATTTAGCAAAT-1,-0.45425868,17.896479,6.250579,-2.0068386,-1.846876,-3.11998,-2.341687,-1.7746059
ACGGACTCTCAAAGCG-1,-7.460211,-8.553575,-5.3021674,1.8961598,3.5488842,6.580908,0.2603855,-1.7569212
ACGGAGCGCAAATTAC-1,-16.131493,-7.462985,12.942967,0.2578211,-0.32641232,-3.6070771,-1.3655931,-3.3134584
ACGGATGGTGCGGATA-1,-11.879198,-10.84701,-5.2248087,-0.19965577,4.2428384,4.781189,3.6658301,-1.4729729
ACGGCACTTGCTTGGG-1,10.727219,15.407766,-5.4599876,2.898484,-7.2555733,1.380403,2.9448614,-4.044899
ACGGCCAACATGGACT-1,17.502846,1.7414634,-0.11793454,-3.3798563,-7.3811865,6.028333,2.3284073,-7.3790555
ACGGCGACGATGGGAA-1,-13.559533,-12.891061,-5.283164,5.2558303,-0.3282729,4.1392045,1.9582641,0.5385154
ACGGCGGGTTGCCCTG-1,5.6984577,33.255894,-0.6924552,-0.48745075,2.1889439,6.0478077,3.5723236,15.333895
ACGGCTGGATGTAGAA-1,46.71926,-9.878674,1.5551165,0.13086048,5.8347545,-1.179026,-7.959142,-2.0113664
ACGGGAGTGTCGGCCC-1,32.065105,-3.5058923,0.42881608,2.9602125,-6.875252,-4.6195974,1.2233154,8.757997
ACGGGTCATGTGACTT-1,2.6177924,27.765873,-0.35335875,-2.587075,1.1440787,-10.774736,-5.190158,-5.673598
ACGTACAGATTTCTCT-1,-15.167044,3.7897701,-2.89819,-7.4071794,1.7136276,-6.656347,-1.1366733,4.0024424
ACGTAGATTGCTGATG-1,-7.8681474,3.7863047,-7.1911583,4.384706,-9.422595,-0.052602544,0.7418553,-1.0216124
ACGTATTACTCCGATC-1,-11.880618,-5.2078733,-0.15539409,-4.9821544,3.8499277,2.9496996,-1.5638595,-1.5683163
ACGTCCTAAACGAGAT-1,0.21949062,8.880693,9.273952,-0.73431647,-0.65162045,7.356623,-0.77013403,-0.9602981
ACGTGCGCCTCGTGCA-1,-9.262491,5.8115983,-8.398492,-5.807884,-1.7063618,-3.1518757,1.016181,0.8716298
ACGTGGTCGAATGTGC-1,-9.746062,2.8196757,8.591696,-3.6779964,-5.7779303,-2.9994125,-1.1956302,-3.0636938
ACGTTAATGTCGAAGA-1,-2.799315,1.646476,-4.0475826,1.0556307,-12.34062,-4.278167,1.1364951,-3.2273521
ACGTTAGATTTGCCCG-1,-0.56355953,4.319006,-4.9748197,17.792797,-5.485081,-3.9576693,-11.132874,1.1532909
ACGTTCCGCGCTCCGT-1,-9.604202,1.7646987,8.917426,-3.7137322,-4.243122,-5.3460917,-2.8467064,1.0440981
ACGTTCGCAATCAATT-1,-15.499994,-5.916561,11.504234,2.7124448,0.6768513,-4.860573,-3.0041122,-0.013650045
ACGTTCGTTCAGGAAA-1,28.10709,-10.574499,2.6112611,-1.0459963,-4.993335,1.353228,1.609656,-1.5697078
ACGTTCTGTACAAGTC-1,-10.371856,-5.6703997,6.642036,3.3573282,5.393408,1.4241394,-1.0515538,-0.8673873
ACGTTTAGTTGTGATC-1,-7.182618,8.855448,-6.696488,-8.539673,2.3850007,-4.910784,-2.027467,-0.57821053
ACTAATACGTCAGGCG-1,-11.47193,-1.2015419,10.311494,-0.49562764,-0.62073606,-2.7949424,0.97830886,-4.519255
ACTACATCCCGACAAG-1,48.892136,-1.5728747,-0.86258125,-6.491273,2.3689854,-4.640044,-4.0992904,-0.548008
ACTACCAGCTCTCTGG-1,-7.254707,0.17819296,-7.8064885,1.1544517,1.0289409,1.1780423,-4.746726,3.573171
ACTACGCGTTAGAATT-1,14.167442,16.582176,-9.240231,2.3170516,-2.7715662,2.3368044,-0.21273401,-7.2208977
ACTAGTTGCGATCGTC-1,-11.162618,-3.105971,8.760914,-0.08542939,0.77682745,0.12832186,1.6885493,-0.253562
ACTATATGCTGTGTTC-1,-13.038733,-6.5948677,14.36255,2.4553354,-0.503752,-0.6794065,-1.172507,-2.2970002
ACTATCCAGGGCATGG-1,-12.752054,-7.3305464,9.657281,1.2298172,4.300217,1.5085913,-1.3623767,-3.8085246
ACTATCTGCCCGCGTA-1,-10.949086,-6.698268,17.656149,10.58253,0.71683383,2.0825634,-0.7430238,-0.207165
ACTATGTCCAGCTGCC-1,52.344627,-18.275644,1.615712,-4.769272,4.4333897,-0.3082451,-4.907234,3.6154304
ACTATTCGTCCGTGGT-1,-9.312325,1.9538592,-7.275116,-10.448337,1.9566604,-2.2138705,0.19696848,1.6522201
ACTATTTCCGGGCCCA-1,43.133297,-13.703884,1.3121287,-6.2945967,-2.1377885,-2.5709343,-0.77064514,2.346018
ACTCAACGAATGTATT-1,8.88901,29.484499,7.15352,0.80126566,2.7864878,19.043596,11.462977,11.340479
ACTCAAGTGCAAGGCT-1,-16.506653,-8.573299,-4.4857264,-2.3431015,4.406416,2.123736,0.93118244,-0.8032834
ACTCAATAAAGGCACG-1,-9.84645,-0.88312113,-6.9314413,-3.3984365,-2.189345,-0.9753908,0.664648,-0.39388385
ACTCAGACCTGCTTCT-1,-8.603618,6.1601806,12.442737,-0.18001205,-4.0273366,-3.4543757,3.892779,4.817355
ACTCATGGCAGCCTTC-1,50.314587,-9.579607,3.6111712,-3.877771,8.234261,0.9705165,-8.090384,0.23333344
ACTCCAATATCATCAT-1,46.49927,-11.052937,2.572601,-6.8002234,3.3077738,3.7466652,-1.0547534,-1.8948135
ACTCCCATTCCTAAAG-1,3.7162132,-3.347453,4.9030924,11.066884,-6.4940925,-9.424607,4.631957,9.361633
ACTCCCGAATTCGTTT-1,-8.887193,4.115604,0.77560425,-6.0867133,-0.060378492,1.5174468,0.44487715,-3.1973665
ACTCCCTAATGCTAAA-1,-6.9221325,-8.567445,-4.4859757,5.4268775,-0.58375514,6.363194,2.733788,-2.0818677
ACTCCCTAGAATAGTA-1,-12.794208,-9.067374,-2.4884205,5.4077005,-7.4729185,3.841339,1.648523,0.7087538
ACTCGCCGTTCGATAA-1,-0.046025135,1.1629155,5.456905,6.697256,6.277472,8.8871565,-4.382841,-8.315065
ACTCGTAACCCGTCCT-1,37.938324,4.618207,-3.1548347,-1.6907783,-5.633949,-11.081083,3.7872608,6.917486
ACTCGTCAGTAATCCC-1,-11.597764,-8.89768,-5.2346416,-0.030899527,-5.150401,1.852807,3.4928393,-0.9980083
ACTCTCTGACTTAGGT-1,-9.2397375,-7.058922,-6.7402754,-1.8510267,-2.9598875,4.931174,2.1123638,-0.87487185
ACTCTCTTATACACGA-1,-14.653816,-1.2875441,4.6716547,-6.0379744,0.17065604,-4.2569666,0.09477521,-1.1058187
ACTCTTGTATAGTAAC-1,-10.209768,-2.9117768,-6.0568852,4.142222,-10.731665,-0.55687124,0.1842411,-3.613162
ACTGAAACGCCGTTAG-1,-14.734631,-13.2842045,0.94936454,0.72334,6.5498343,1.1622949,-1.2806166,0.12975661
ACTGAATGGCGAAAGT-1,-7.5184355,-3.0944088,-5.937241,-4.449963,0.15364285,6.094406,3.2293732,-2.0424707
ACTGATTTAGTGATTC-1,-11.513795,-0.6980642,10.339419,-4.651002,-1.5525994,-4.7943444,-0.7449881,0.37582827
ACTGCCCGCCATTCTC-1,36.83997,-10.861402,-0.04335566,-5.4155097,1.2760518,4.2006598,-2.9298296,-3.8795753
ACTGCCGTCGTAACTC-1,-9.184002,2.2033076,-5.0723014,-7.9420333,0.61646205,-2.9719996,2.2851446,0.27724147
ACTGCTCGGAAGGATG-1,34.785492,7.621627,-7.5812755,24.783392,34.22936,-28.42988,53.30175,-17.771181
ACTGTACGATACACAT-1,-9.902976,-4.0710897,-9.501239,-5.546024,-2.1032357,1.537788,2.0319617,-0.441779
ACTGTAGCACTTTGGA-1,-2.0150964,5.3564973,-9.650628,3.756369,0.7733675,3.5187542,-2.7087016,1.7661647
ACTGTATACGCGAGCA-1,0.71458906,9.903092,13.589831,-0.5112446,-5.8920717,10.527503,10.069854,8.516277
ACTGTCCAGGATTATA-1,-2.2905452,-2.2968283,-4.8891625,8.241917,-0.42222393,0.13281003,-2.3215919,3.0742412
ACTGTCTTCTTTAGAA-1,-5.4657564,1.6142167,-5.521156,5.9281254,-5.198952,1.0214937,1.3308303,1.3555806
ACTGTGCTAGTAGATC-1,-9.859263,8.281541,8.661762,-0.28153938,-6.375658,-5.269142,1.1950741,2.8063726
ACTGTTTAGTGTAGGC-1,0.5643902,25.141096,6.2322025,-5.537666,-8.875135,-2.2844563,2.3335106,-2.1814847
ACTTACCGGGCGCGCA-1,-14.10251,-0.5467312,5.944655,-4.1129355,-2.0501719,-2.9837167,-0.7915824,-4.7773757
ACTTACGCATCCACGC-1,-8.271196,-2.103065,-8.778006,-3.075885,3.5633874,6.785704,0.9580342,-2.856849
ACTTAGTACGACAAGA-1,-15.961816,-0.57070196,7.8304467,0.9185675,-4.424206,-8.992655,-2.131072,1.0637002
ACTTATACTTACCCGG-1,-11.06862,-1.3307449,-6.1997514,-6.989593,-1.8380271,1.558529,1.6962065,-1.8274763
ACTTATCTGATCTATA-1,-2.0733585,20.47205,2.1441104,-3.133862,1.482482,-1.444782,-2.3531291,3.1034052
ACTTATTAGGATCGGT-1,-0.8557405,7.102428,-11.4503,9.219856,-9.318893,-3.3567028,-7.1455407,1.4348439
ACTTATTTATGTGCCA-1,-15.210427,-7.552536,-7.093648,-4.706809,9.955134,1.045481,-0.93889904,0.014502325
ACTTCAGGCTGATCCC-1,-12.939594,-13.564313,-5.20195,-0.59762937,5.635533,5.553289,-0.22633338,0.3351331
ACTTCCATGCGGGACA-1,-15.717729,-12.511233,-1.1829656,-1.3795896,11.069275,5.2476807,2.0461311,-0.4465295
ACTTCGCCATACGCAC-1,-9.987111,-7.179646,-6.202685,-2.4845707,-5.4430394,5.8965883,2.4591439,1.3894125
ACTTGACTCCCTCTTT-1,-8.767045,1.3238682,-7.789417,-0.1619597,-11.023233,-2.3120985,1.5697082,-4.1701794
ACTTGCCATATTGTAC-1,-10.401895,5.824858,9.268537,-1.6839756,-7.6945095,-5.331755,-0.2678424,1.4216429
ACTTGGGACCCGGTGG-1,-8.349686,-0.101355925,-7.0659375,8.534344,-3.3039782,-3.1475224,0.60193866,2.0161111
ACTTGTAGTCCCTTCA-1,-7.370857,-3.4826453,-4.1374707,13.548232,-5.6517177,-8.766619,6.089474,4.5122986
ACTTGTGGATGGAACG-1,-14.698435,-4.305814,9.037869,0.3442042,-2.1524396,-2.2056296,-1.4925629,-0.5771123
ACTTTACCCTCATGAA-1,-9.9247,-2.5657225,8.018795,-2.3027716,3.8029397,2.5953052,-0.33313772,-1.6059062
ACTTTCCTATAGCTTC-1,-8.498974,-1.0335988,-4.727736,4.876288,-3.706823,0.36692643,0.23658669,-0.82303
ACTTTGACTGCATCCT-1,-7.419559,0.09144363,-9.311156,1.2908716,-0.40473863,0.61088574,0.018773692,4.879155
ACTTTGGTCGTGCTCC-1,47.618736,-1.5964205,0.7083356,-4.156657,6.9008827,1.140991,-9.076927,-3.3692067
AGAAATTATGACTCGC-1,-3.2952068,-0.04834148,15.485862,10.504331,0.60824174,6.2981806,1.0411828,-1.059534
AGAACCCTCAATTGGG-1,39.0358,-13.974991,2.2474992,1.8492441,-0.80021626,-2.5931015,-5.229052,2.3811083
AGAACGTGGTACATTC-1,-9.152993,-2.5313737,-5.1258607,-3.036612,-5.4894977,2.7612262,2.946176,2.828891
AGAAGAGCGCCGTTCC-1,4.169521,31.024803,-12.393672,-7.682144,-3.9693887,-6.7646174,2.9298024,0.4312114
AGAAGGTACACTTCAC-1,34.162083,2.3789759,-4.894346,21.022982,23.736038,-11.988132,47.763817,-16.297222
AGAAGGTTGCCGAATT-1,20.831385,4.8578687,-4.3356605,0.86808044,-5.3034,-0.1031007,-3.4718232,-1.8847798
AGAAGGTTGTAGGTCG-1,-10.364786,-8.542653,-3.0316074,1.3543861,5.3827543,7.7038364,0.43451548,-0.3880929
AGAAGTGATTCGTGAT-1,26.702562,-13.819184,2.8852475,7.2365184,-6.5812216,-5.919956,0.77163506,6.4791174
AGAATAAATCTTCAGG-1,-5.1678524,12.186259,-10.912647,-3.2614095,2.1540923,-0.7403717,-1.0830417,-1.4048668
AGAATGCGGGTTCGGA-1,-0.31491604,12.022999,7.579549,-3.6244369,-1.4014486,2.4315875,0.6875149,-6.1495514
AGAATTATGGATTCGA-1,-10.700007,-2.2223656,-1.4649471,-6.7681217,4.4196653,0.08976884,1.3299853,-0.7529704
AGAATTGTTTGACATA-1,-7.066988,6.3175106,8.322873,2.325617,5.618246,-8.576055,-7.3246713,1.5658752
AGACATAGATCCTTCC-1,-11.552624,-1.6505755,18.674992,5.0298777,-7.1655545,-7.378361,0.38261288,2.8727329
AGACCAAACCACACCT-1,33.33757,-0.9110358,-3.604162,35.46882,39.13049,-31.315056,96.2145,-26.436163
AGACCATGGGATACAA-1,-7.418481,6.097074,0.01680944,-4.717042,2.2442315,-0.8536443,1.0994531,-0.796926
AGACCCACCGCTGATC-1,0.21491814,11.49343,-5.703744,2.5118656,-9.651471,7.1190457,5.6022625,-5.066729
AGACCCGCCCTCCTCG-1,-8.783383,-1.1556743,-6.623822,4.408227,-3.2171342,-3.1419463,-0.45237717,4.339085
AGACCGCTCCGCGGTT-1,-11.235521,-4.880265,14.025145,5.3003373,-1.4451371,-0.17690958,0.113954775,2.1566792
AGACCGGGAAACCCTG-1,-10.011192,-6.267456,-5.0946565,11.594666,-2.3155518,-3.2389793,-1.6587753,6.3551016
AGACGAAGTGCCGGTC-1,-17.36992,-10.697422,1.4911181,-2.786433,5.287791,-0.107167915,-0.11758277,0.29600835
AGACGACGATGCCGCT-1,41.227352,-5.506808,2.4273374,-3.1009243,1.021671,2.426978,-2.030096,-3.770622
AGACGGGATTGGTATA-1,-9.589436,-1.27644,14.127722,2.0540917,-3.9873915,-1.3804497,0.5241167,0.6797432
AGACGGGCCGATTTAA-1,-15.064981,-10.006676,18.582825,8.748073,-0.7359544,-2.7655904,-0.5997959,-3.1090317
AGACTAGCCTTCCAGA-1,-13.635837,-8.982742,-6.9269247,6.62346,1.0815408,2.4431777,-0.4919014,5.9186597
AGACTGTTACCGGGTC-1,31.373768,-9.728892,-0.30900422,-1.0333326,-4.1981783,3.2155988,2.8101425,-0.8575874
AGAGAAACACCAGAAA-1,38.47026,-15.453785,4.2296696,-1.0221151,-0.40051916,3.0999424,-4.868475,1.6166272
AGAGAACCGTCTAGGA-1,-13.909143,-9.16409,-5.260424,-3.53181,2.1791973,2.6585546,1.5156091,2.1142364
AGAGAAGGAGTACAAT-1,43.496643,-15.599158,7.412201,1.9309368,-0.16722241,2.2008746,1.0328196,4.3366675
AGAGATCTCTAAAGCG-1,-2.8495245,0.39413312,-6.230239,10.067958,-2.0490139,-4.7490525,-1.7650528,0.29283547
AGAGCAGTTATGAGAC-1,-8.876013,-2.7736714,-2.6503747,0.2585645,13.152556,1.1357453,0.41422427,0.18214163
AGAGCCGCCGAGATTT-1,-9.158245,-0.5683801,15.317374,11.6510105,-0.4099667,-2.230492,-4.6836634,1.157337
AGAGCGGGCTAATCAT-1,-5.4825034,0.499272,-5.026953,-5.0289702,-0.6201181,-1.8721305,0.87310374,4.6285458
AGAGCGTACAAGCTCG-1,-9.125745,5.7528443,-5.956014,-4.681926,5.0300565,-3.4136672,-0.6695489,-0.3620187
AGAGGCTTCGGAAACC-1,-13.069745,-4.456232,5.5658774,-1.1449736,1.3192924,-0.27313754,0.36069813,-1.524948
AGAGGTATCTCGGTCC-1,8.597936,32.606243,6.782602,-10.490151,-2.4633172,5.3570127,7.092363,5.678188
AGAGTAAACTTCACTA-1,-15.474381,-7.4661355,9.91769,0.15989761,3.2113833,0.21557707,1.0060673,-0.008133224
AGAGTTAGAGACCGAT-1,-9.924093,0.86278695,14.305888,0.3574443,-5.1412907,-1.5955753,3.1712263,-5.9842567
AGATAACTTCAGGGCC-1,-7.312976,-0.7659347,-3.8438375,11.755754,-3.0186553,-2.2161636,-4.2802386,2.704811
AGATACCGGTGTTCAC-1,16.555523,26.925102,-10.286966,9.183609,-4.221915,-1.827118,-10.149037,-1.5258515
AGATACGACTTCATAT-1,-12.20858,5.6582184,3.4497178,-0.814222,-3.2776036,-9.479408,-1.9351948,1.091718
AGATACTCAAGATCGA-1,-11.207677,-5.8469105,-7.28934,-2.9333928,0.9255462,3.0837727,2.516025,-0.22246417
AGATATAATACGACTA-1,-7.766859,-5.199279,-4.6494102,4.213238,5.125336,8.542153,-0.24154049,-0.27891317
AGATCGTGCATAAGAT-1,-6.566844,2.151401,0.5534644,-10.697433,2.9892359,1.7083415,2.4045398,-0.088269874
AGATCTCAGGTGTGAT-1,-3.9996107,6.5146346,-9.223827,-6.3124404,-7.32849,2.150427,4.056163,0.46114168
AGATGACTCGCCCACG-1,-7.9428244,10.511177,-9.053329,-5.6270614,-3.6436064,-2.2646601,0.83036673,3.3064086
AGATGAGGGTTGCGAT-1,-11.660047,0.61388546,2.2156515,-6.4522676,-1.3330009,-3.1818504,1.6585395,-3.9572413
AGATGATGGAGTCTGG-1,-14.715142,-6.6477647,2.8268428,-2.9889708,4.527343,1.099599,-2.3048453,-1.555478
AGATGCAAGACGTGCA-1,49.9654,-10.4826145,0.6380734,-4.1415615,6.8173485,-5.8560915,-6.016792,3.5668597
AGATGCTATAACGAGC-1,6.2508407,39.92114,-3.6892743,-5.757018,-2.0113657,-13.944438,-6.083981,-4.3742623
AGATTATAGGACGTTT-1,-3.7148113,-6.0017986,-2.979588,15.466514,-6.4347334,-0.25518984,-3.1216912,3.2779663
AGATTCACAACCGATA-1,33.65485,-1.7692959,-3.100144,27.18749,26.690334,-19.283138,53.176674,-10.175274
AGCAAAGGCCGCTAGT-1,-5.872711,-3.0862522,-6.0210805,2.1843214,0.6329966,9.695929,2.3697343,-2.9297001
AGCAACATATCTTATT-1,-12.994328,-6.143525,-1.9359373,-3.6264672,8.040425,3.8163102,0.38540778,0.102223255
AGCAACCGAAAGTAAT-1,39.452732,5.4452114,-3.1730704,-3.3654246,1.3906931,-2.4284396,-3.8751771,-5.012077
AGCACACGTTTAGACT-1,35.73589,-19.417973,-0.49999785,0.72183675,1.2944403,0.80196303,-2.2238798,0.47917938
AGCACCAGTACTCACG-1,-7.2306647,-0.9645054,-2.5031583,5.5309,-5.121334,0.45399103,0.33311734,-1.6467991
AGCACTACCGGCCTGT-1,-12.603749,-10.05894,-6.6392264,6.9769664,8.483429,7.190106,-0.10090117,3.7096488
AGCACTACCTCACCAG-1,-8.957529,-3.1949599,-6.4298353,0.028991621,5.0212226,8.597023,0.524698,-4.423052
AGCACTTAAGGACGCC-1,-8.870396,1.72293,-9.43333,4.7526464,-0.35722572,-0.6378055,-3.4572282,-0.90205985
AGCAGAAGGAGAAAGA-1,-6.5681186,0.8967942,-6.6448298,-0.68794715,-0.67017704,3.2052932,-0.10002031,-2.5528102
AGCAGCCAGATGAATA-1,6.577773,17.929678,-7.547119,-1.5102996,-11.47221,1.0066985,5.1308765,-7.899977
AGCATATCAATATGCT-1,-10.247911,-4.6338305,0.6323365,-3.1063447,7.063532,4.838743,-2.3981059,-1.3059356
AGCATCATTTCGAAAG-1,44.327343,-2.9325364,-2.822961,3.2453074,4.828014,-10.808814,8.523302,-1.284837
AGCATCGTCGATAATT-1,-15.433445,-4.3253875,-8.800803,2.4706442,-0.63292545,-2.7147615,0.26265195,8.991376
AGCATTACGAGGCAAG-1,-1.2846936,7.028299,-1.1731218,2.9257905,1.2581737,2.8133748,-2.75196,-8.037935
AGCCAAGCTTTGTGTC-1,-2.3099408,6.8692307,-3.4546645,3.390856,-4.883427,5.180409,-0.50099504,-8.312143
AGCCACAGGTTACCCG-1,-18.115072,-11.803672,-0.6803345,-1.2097646,8.524983,2.952916,-1.0664232,-1.0221592
AGCCACTCCCGTGCTT-1,-12.4275875,-4.605685,-8.371519,-5.179754,0.68349195,0.1808616,1.7066778,1.6963403
AGCCCATACATGTAAG-1,1.7128321,11.0004835,-8.973598,10.286872,-4.210216,-5.415274,-6.5698624,4.756359
AGCCCGGCATTAGAGG-1,33.365982,-18.764303,1.0876865,0.60968506,4.662025,0.7918624,-6.295258,-0.25551665
AGCCCGGTAGCCTGTA-1,30.951258,-7.7651296,-1.5370617,-4.1585274,-7.4979424,0.12390777,0.46360856,-2.7790532
AGCCCTAAGCGAAGTT-1,-10.890629,-0.31099093,-6.24973,-10.242205,1.5412512,-6.584616,2.8615353,5.102974
AGCCCTCCCTGGTGGC-1,36.236,-20.436968,0.49876806,-4.879079,0.53171945,0.90872216,-5.5420003,-0.9470656
AGCCCTTCTAATCCGA-1,-6.3391066,1.1876346,8.834692,-4.539329,0.6075091,0.7935332,0.40437657,-4.821439
AGCCGTGGCTAAATGT-1,36.47318,-8.915921,0.4463635,4.2416124,-2.0759397,-10.695224,6.5585933,9.121941
AGCCTAATACCCACGT-1,32.523125,-16.717844,-0.21087624,11.954783,4.6727605,-10.639554,16.636911,-0.36655816
AGCCTTAAAGCGGAAG-1,-7.529884,5.7416124,8.100619,0.024549743,1.3188016,-4.5378337,1.0301925,1.6445643
AGCGACAGGAACGGTC-1,44.532925,-8.24144,0.57964426,-5.303997,-1.4937854,-1.6799124,2.9419012,5.8240085
AGCGACATCCCATTCA-1,-9.303494,2.847874,-4.5620213,-6.970491,2.534923,-0.25440058,0.70790654,6.9841995
AGCGACCAACGATATT-1,-6.782147,2.3326051,-6.6842365,4.7453756,-2.542809,2.99617,-1.6522208,-0.037782554
AGCGAGACGTGAAGGC-1,43.61782,-4.3415623,1.6505746,-2.9523115,5.53592,3.2336953,-6.9302955,-2.1772897
AGCGATGCGCCTAATA-1,-10.198695,-2.8907177,13.298611,8.932388,1.5420392,-0.50125253,-3.412567,-3.8068924
AGCGCATAATGAATCG-1,7.304809,-11.533091,2.557699,3.1421297,-12.290149,1.0847403,0.3929226,0.99418586
AGCGCGGGTGCCAATG-1,-7.970092,-0.20437337,-4.1123147,-9.480922,2.987888,1.2720901,4.4916716,-0.5243282
AGCGCTTATGGGCAAG-1,-11.07862,-1.157781,10.364693,-1.7103086,-1.047887,0.42575347,-0.0029409663,-4.0176616
AGCGGACACTTCGTAG-1,-2.3609428,2.9784403,-2.82443,2.9667146,-4.5538955,3.3826735,1.2478471,-4.8374023
AGCGGCGGTTAGCGGT-1,37.608864,1.2843958,-1.95499,7.352436,5.4796286,-9.033711,18.231525,-3.8043928
AGCGGGAAGGGTCCAT-1,-11.791756,1.9791824,9.680643,2.1078017,-2.5561743,-5.756848,1.2548273,-0.5499357
AGCGGGTCTGACACTC-1,-9.2659645,-11.387695,-2.4560006,3.703778,-3.004408,6.4244576,1.466883,-5.1377754
AGCGGTTGAGATGTAC-1,-12.256468,-5.1767793,18.412794,3.3849218,-1.4339223,0.6881695,0.68190503,-3.014118
AGCGTAGCGCTAGACC-1,-0.44044155,18.029243,5.887343,3.77293,3.1581695,4.214559,-1.0286692,11.496221
AGCGTCTGAACCCGCA-1,12.999156,36.47328,2.3021302,-1.9686248,3.7463784,20.270834,6.9154778,15.618483
AGCGTGGTATTCTACT-1,-8.936626,-3.437446,-6.109247,1.1979303,-9.248871,0.4521674,2.010075,1.2224433
AGCGTTCCGATTTAAA-1,-10.689053,-0.8665945,14.970971,-0.0153646255,-3.4122157,-3.4331648,1.9211783,-2.6123393
AGCTAACAAGCAATGT-1,44.2202,-10.709106,8.784163,-1.4608947,7.333106,13.285884,0.120725304,2.9203725
AGCTAAGTACGCAGGC-1,-11.838839,-6.6497073,0.9653965,-2.354733,6.8802795,1.8612089,-1.2811288,-0.90373665
AGCTAGAAGCAGAAGT-1,-9.295333,3.4834042,3.022154,-10.164076,1.7643354,0.5927102,3.0989594,1.2001992
AGCTATTTAATCCAAC-1,-12.993318,-4.0871234,-4.870324,-6.0574822,2.4941013,-1.2521956,1.4636663,1.896602
AGCTCCATATATGTTC-1,-7.097198,-1.0974711,15.350909,6.2623744,-0.62401444,3.0648072,-1.4379528,-0.46545392
AGCTCCTTCGCACATC-1,-11.490529,-8.841543,-1.9167207,-0.32303405,4.065022,6.3070703,0.3412106,-2.0535412
AGCTCTAGACGTTCCA-1,-9.246385,-4.8718987,-4.510605,-0.3779675,-7.7642655,3.233377,4.0612974,-4.087635
AGCTCTTCCCAGTGCA-1,-8.193551,1.5057927,-4.5658607,-8.883497,2.4060223,-0.65215784,4.161897,-0.005410729
AGCTCTTCGTAACCTT-1,-12.595132,-4.382985,7.6905704,-2.6177819,1.9388126,2.5050223,-1.2628284,-2.58898
AGCTCTTTACTCAGTT-1,18.21882,-1.1748998,0.02309863,5.442253,-7.8089414,-1.1196496,-5.6121078,2.02913
AGCTGAAGTAAACCAA-1,-7.7363663,0.9084083,-6.7170753,-8.531309,0.73441356,-2.1977997,0.338426,1.269972
AGCTGTAACCTCAATC-1,41.74581,-0.27445787,1.028158,-4.6002626,-2.8254113,-1.5550218,0.4983677,3.1409168
AGCTTATAGAGACCTG-1,4.7124147,29.018726,5.4029884,-9.736875,-5.482049,1.0766276,2.8086963,1.0360622
AGCTTCAATACTTTGA-1,-7.8965883,-0.5446488,16.02764,-0.4489188,-2.0420175,1.8648782,0.48759034,0.7057726
AGCTTGATCTTAACTT-1,-1.8289957,10.602876,-9.517078,9.980686,-2.1056032,-3.5639231,-3.2821922,1.9522189
AGGAAAGCCTCTGATG-1,4.608084,14.452011,5.856058,10.439428,15.411301,6.5647926,-10.954732,-2.386315
AGGAAGCTGTCCGCCG-1,-10.23928,-3.8998802,-4.62516,5.4977846,-2.5423298,2.8444023,1.6846354,-5.2503924
AGGACAGTCGAATCCC-1,-15.789977,-5.491004,-8.792795,-3.8465526,-0.56783897,0.9451468,1.4757135,-0.862929
AGGACATCGCACGTCG-1,-16.990139,-2.7926445,1.2231148,0.17071378,3.6010716,-8.205132,-2.7203205,4.9351416
AGGACGACCCATTAGA-1,28.463064,-7.830732,0.6250976,3.3845618,-6.3473206,1.1798872,-3.4794781,2.030316
AGGACGCTCGATGTTG-1,-6.988495,4.1340613,2.3471723,-8.797526,1.16213,0.90469474,-0.8831288,-1.3878381
AGGAGGCCTTCGCGCG-1,-11.242716,-3.7811282,4.4195147,-5.0227933,6.0351024,1.0361366,-0.51838505,-1.4841443
AGGATAAAGTCGGGAT-1,-2.6039948,5.2205696,-5.758733,3.6041799,-3.2366762,1.4586545,2.3430355,-8.329022
AGGATATAGGGATTTA-1,-18.351608,-11.584947,1.975226,-3.9404309,3.8202884,-2.6962562,-1.0749823,1.9767059
AGGATCACGCGATCTG-1,12.968663,-3.4147162,-1.5181801,8.357188,-9.212715,-4.08151,5.065646,8.042811
AGGCAAAGAGGAATCA-1,-1.262613,17.724678,0.4584687,-1.3836563,0.8275619,-0.34034738,-2.103172,1.9767642
AGGCACGTGACTGTCC-1,1.4925983,7.8598576,15.519749,9.926861,-2.6667778,7.6829543,-0.53284186,-3.3038301
AGGCAGATGCGTAAAC-1,-14.469322,-11.903169,-3.3459992,-3.0134208,0.28626767,4.930679,1.4842473,2.9198668
AGGCAGGGAGCGTACT-1,14.172601,-14.381735,-4.2271295,-1.244514,-9.684458,3.1208491,4.4133673,-0.6952014
AGGCATTGTCGTAGGG-1,-7.994854,-0.47832254,2.233909,-5.5171843,2.4845705,2.6987672,3.125902,-3.6753488
AGGCCACCCGTTATGA-1,-2.8641026,9.076694,-8.849382,3.6717587,2.7351732,4.761549,-3.4065924,0.7007005
AGGCCCATTGTACAGG-1,-12.798953,-0.520502,-3.6751118,-1.5694093,1.8160754,-4.7088575,1.3451895,5.745382
AGGCCCTAGAACGCCA-1,23.895344,0.086286105,-1.7625272,3.5374346,-7.975658,-4.617022,-0.8472403,6.8720636
AGGCCTGAGAATCTCG-1,-11.540085,-3.634609,-2.674348,-5.474334,6.2679152,4.3816977,0.95676374,-0.82522696
AGGCGGTTTGTCCCGC-1,49.897087,-8.095093,-3.5584211,-2.228548,8.721573,-5.887288,-9.287186,-0.60713387
AGGCGTCTATGGACGG-1,1.7929833,13.36795,10.504629,-2.1665008,-3.56072,3.930624,4.7821746,-3.4469655
AGGCTATGGTTAGCTT-1,1.6758503,8.462007,-2.86884,-1.1610601,5.8091345,2.4622293,-3.849655,-4.3494763
AGGCTTCCCGAAGAAG-1,38.24503,-8.687038,3.4386668,-3.8593318,-7.136241,3.1656446,3.274986,5.1317987
AGGCTTGCTAGACACC-1,-2.4973443,11.436201,-2.7682178,-5.9102387,7.16343,-2.1775444,1.0297132,-3.1258028
AGGGAAACGAGGTACT-1,-12.330076,-2.5610318,4.3024135,-6.0573926,-0.017259946,-1.6867721,-1.3303916,-0.19166999
AGGGACAGCACGGCGG-1,9.214206,33.376503,4.1715302,-8.845498,-3.5905302,1.2285566,3.7403555,3.4828568
AGGGACCGGCTGCGTT-1,-13.289145,-7.6388235,10.239042,2.1206315,1.851689,-2.8444006,-0.89426225,-1.7208142
AGGGACTCTACGCGAC-1,13.959159,1.4511132,-3.822165,-2.2220895,-7.2634664,1.8639312,4.0168834,-0.6288842
AGGGAGACATACTTCG-1,-14.856059,-5.472723,11.768626,0.07358326,-1.003222,-1.7411238,-1.8492188,-1.4191406
AGGGCAGCGGCGTGGT-1,-13.7699175,-0.6598124,1.2547725,-5.9703712,1.3857403,-5.731846,-0.31270823,0.67975986
AGGGCGAGCAGCTGAT-1,-1.2675134,6.4705443,-6.0069637,14.712226,-8.179826,-14.949899,3.237796,11.323815
AGGGCGTGATCGGCTA-1,-17.635517,-7.2548556,-4.247839,-2.2321446,4.358922,-4.017514,-0.2937517,3.39764
AGGGCTGCAGTTACAG-1,4.6044106,6.3948407,-2.300263,3.4978561,-7.092702,2.696329,1.3776414,-7.2673373
AGGGTCAGAGCACTCG-1,28.572691,-20.470438,2.9653673,5.4101143,-1.4090277,6.7119374,-5.455916,-0.63497657
AGGGTCGATGCGAACT-1,-14.933977,-9.390926,-1.4722317,-1.1579041,6.2637033,2.1549067,-1.9567479,-0.24736267
AGGGTGCCGTTCTTTA-1,41.60946,-12.184187,4.131246,-6.251794,-0.62268525,3.6926246,0.88692445,0.88785404
AGGGTGCTCTCGAGGG-1,-12.655569,-6.722217,-4.4019566,-5.6820045,0.32068676,2.2445323,0.5302893,0.51513577
AGGGTGGATAGTGCAT-1,-6.944312,12.126958,-5.9323206,-7.116738,4.78933,-4.1594777,1.1081247,-4.8174763
AGGGTTCCCTTTGGTT-1,-13.737572,-7.738078,-7.9559093,-4.5301967,0.31174204,4.1569066,1.3567215,3.4101748
AGGGTTTAGTTCGGGA-1,-1.8848155,9.8121,-3.7946842,8.233332,-4.9032946,-3.0266786,-2.793266,-2.2713628
AGGTAACCTCCTATTC-1,-13.327257,4.7985554,2.0832524,-2.2281122,-2.2243643,-9.932773,-4.0476866,2.7290351
AGGTACGATATTGCCA-1,-11.389434,4.3965893,-5.1749935,-11.176062,3.7173815,-3.8183622,2.3955197,2.3063626
AGGTAGATCGAGATAT-1,44.75992,-7.5251656,0.57991374,-6.756233,-0.80113924,2.2473042,-3.1337638,-1.5093158
AGGTAGGTACAAAGCT-1,-9.269302,-2.269024,-9.579641,6.9551454,-3.1858075,2.9039602,-3.8339796,4.059885
AGGTATAATTGATAGT-1,-14.555361,-7.6104527,9.942439,0.6178334,5.553912,-0.44326913,-2.6750572,-2.3478231
AGGTCAGGTGAGAGTG-1,4.197425,-13.469759,-2.2326932,14.869481,-7.2979174,-5.279505,6.4036913,10.413796
AGGTCGCCACTTCGGT-1,1.2710879,17.90317,2.300318,5.81906,5.155285,3.8175864,0.3864423,14.053304
AGGTCGCGGAGTTACT-1,-15.615403,-5.040912,5.138821,-4.934059,1.4487017,-2.1054797,-0.9012583,-0.22418112
AGGTGGTGACCTTCGC-1,5.769142,7.6176248,-3.1705396,2.1317563,-5.4201603,5.2784495,-0.035982773,-6.9309387
AGGTGTATCGCCATGA-1,-13.323742,-0.15643376,-11.100716,3.6144824,-0.7512832,-2.2957022,-1.5126237,1.5077856
AGGTTACACCATGCCG-1,-16.645647,-9.055365,13.981817,3.7598386,0.37234947,-1.6985569,-0.9867123,-2.1004996
AGGTTCTCCTTTCCGG-1,47.711987,-3.5369885,2.4470139,-4.583137,6.468817,0.05291703,-8.018597,0.049965173
AGGTTGAGGCACGCTT-1,-11.324376,-4.8444085,-9.032478,-3.0652163,-0.1761868,-0.32110658,0.4771869,1.5935856
AGGTTTCACACACCTT-1,2.9373844,13.107373,-7.672602,0.38310778,-9.070509,-4.600703,3.1775148,-6.987177
AGTAACGTTCATCCTG-1,-16.341337,-4.844648,7.7966743,-2.7832947,-0.60222405,-6.0462937,-0.35270324,-1.5890977
AGTAACTATAGCAGCC-1,0.9873987,11.856938,-4.27412,4.3753557,10.426846,7.3332524,-5.0941553,-16.80638
AGTAATGTCTTGCCGC-1,-11.208585,7.3330364,-10.81981,-6.8965387,-0.82023805,-5.7563214,1.642917,2.821343
AGTAATTTGCAAGCGT-1,46.229935,-18.852968,3.2094975,2.332412,6.8140907,-1.6389832,-6.5037494,6.357572
AGTACATCATTTATCA-1,-15.797426,-7.1524773,8.581791,-4.074619,0.1470766,-1.5541778,-0.33511725,0.16153026
AGTACCTTCGAGTGCT-1,6.30378,9.544598,12.170744,1.6122179,5.7770514,10.182425,4.4767785,-7.1937017
AGTACGGCCCGTATCG-1,-9.547991,-0.20367606,-5.237004,3.1647224,5.938132,2.2527936,-3.267861,1.0796591
AGTACGGGCACCTGGC-1,-14.515214,-13.028985,-8.486855,-1.4617231,-1.653002,-0.88863564,0.18871422,5.603679
AGTACGTGGCCTGTCT-1,-8.626514,4.608946,7.121109,-5.2849455,-3.112688,-1.500591,1.0295949,-1.3050596
AGTACTCTTATGCCCA-1,-19.83458,-16.294378,-3.8497427,-1.8348494,9.292322,1.5557781,-1.3807343,3.0476475
AGTAGAAGGCGCCTCA-1,10.203172,4.754122,-6.246508,-1.030461,-3.3832848,3.0229962,3.684439,-6.445955
AGTAGCGTGAACGAAC-1,-11.323741,-3.7728019,14.008613,0.95019615,-2.7194386,-1.4257594,-1.2909824,-3.0836663
AGTAGCTAGACGCCGA-1,5.328471,13.281332,16.599705,-1.9409319,-5.5794644,9.647261,10.935014,-4.420311
AGTAGGAAGGAAGTTG-1,-14.5409355,-1.722402,2.0606234,-7.3375173,0.6541491,-1.6422279,0.12871377,-0.65393883
AGTAGGTAACATACAT-1,-16.44649,-4.0256195,4.133411,0.46237534,0.28650764,-9.724189,-3.0917935,6.2259655
AGTATAATACTAGGCA-1,-11.54003,-2.1080208,-4.8755994,-2.662903,8.357358,0.027905107,-2.0974464,5.7313027
AGTATACACAGCGACA-1,20.120928,4.007132,-0.5526375,-4.015905,-9.064043,4.6752405,1.5401069,-5.748937
AGTATCCATAATAACG-1,-0.8298559,11.395802,7.3159924,5.7277637,6.415832,2.6521754,-3.6624894,3.5644224
AGTATGCTGGAGACCA-1,53.30706,-12.46917,3.1344883,-3.5963056,1.440947,-3.3039536,-2.1448874,3.5944774
AGTATTTGGCACGACC-1,10.055511,-10.28814,-0.0415598,1.8429993,-7.083457,6.0270524,4.091222,1.8513722
AGTCAAATGATGTGAT-1,38.847923,-8.099187,1.5153111,-4.3920736,0.08235492,1.8266777,-5.272106,-5.544872
AGTCAACACCACCATC-1,17.936522,1.6205859,-4.6502056,6.4296074,-5.5933876,5.9322195,-4.5880866,-1.4870973
AGTCAAGATGACACTT-1,-9.525055,-7.332231,-1.0029842,-4.351618,3.8016422,2.803965,2.3931956,0.2358104
AGTCACTAGCTCTCGA-1,-17.135542,-11.57215,5.1835914,-1.9558477,5.010238,-0.31307572,-1.3931942,-0.050257485
AGTCACTCCGCCTCAT-1,11.813386,27.558249,10.084078,-1.2012973,8.737526,22.926188,9.455506,28.297081
AGTCAGCCACCGCCTG-1,-5.5531144,6.323867,4.030559,-3.211207,1.297143,-1.9567438,0.78395194,0.3955715
AGTCCAGCGGGTACGT-1,1.9946369,24.06977,3.2499697,1.0762625,3.8699992,1.2002962,-4.997354,-1.9012665
AGTCCATTGGCTGATG-1,-16.471043,-11.003274,0.19133423,-3.9569328,6.967891,-2.027054,-0.8544356,-1.085073
AGTCCCGCCTTTAATT-1,-8.669214,1.0252413,-1.060064,-6.1543274,4.941924,1.7798431,1.1573172,0.8433601
AGTCGACGGTCTCAAG-1,-15.605237,-10.808052,-6.2488627,-2.787509,1.4805921,1.0842057,1.9158152,0.20220971
AGTCGGCCCAAACGAC-1,-12.530472,-8.388592,-5.8714333,1.8858253,7.356188,1.5681994,-0.6498963,6.8012056
AGTCGGCTCAACTTTA-1,23.7564,8.677588,-6.3034916,1.7330714,-9.76149,-7.769186,3.042301,4.5890646
AGTCGGTTGCGTGAGA-1,-12.977662,-7.0482926,9.633097,0.55811346,-0.024781942,-0.89295596,-0.97115237,-1.5008936
AGTCGTATAAAGCAGA-1,-10.062297,-8.061265,-0.31097338,0.16871737,6.122143,9.934351,-0.053551104,-3.618771
AGTCGTCGACCACCAA-1,-18.239923,-12.629518,1.7355667,-1.0699152,8.027608,-0.82342863,-1.6723546,0.38615584
AGTCGTGGGCATTACG-1,43.90137,-8.634486,-2.1406744,-2.9841995,-3.0456393,-6.5212436,0.80233246,7.2242627
AGTCTAAAGTATACTC-1,-16.023933,-1.5624094,6.578339,-3.7586527,-1.4341426,-5.5320153,-2.1345158,-1.0750402
AGTCTCACAAGACTAC-1,37.83735,-15.11344,1.459837,-1.1430078,-0.50224036,-3.9963586,-1.177444,5.8037906
AGTCTGGACATCCTTG-1,-1.6536452,12.824991,4.282701,-5.9085274,1.4150885,-6.606852,-5.7000165,-0.4397893
AGTCTTCTCCTCAAAT-1,-6.7728415,1.6245674,-7.5569468,-1.4481529,-3.102719,1.1213824,3.006701,-3.597446
AGTCTTTAAAGTGTCC-1,-10.884084,-5.9146385,-6.335233,4.8980827,6.996265,9.678776,-1.5633154,-3.4139159
AGTGAACAAACTTCTC-1,-17.193031,-6.7867045,0.82029796,-3.89252,2.421483,-2.161425,-0.80851644,-1.0293674
AGTGACCTACTTTACG-1,27.032795,-10.048621,3.473778,2.422432,-7.3517795,9.938741,0.014884964,-2.0173512
AGTGACTGTGACACAA-1,30.35884,-9.94815,-3.2806568,-3.433923,-0.6326559,1.5957832,-3.329029,-3.4679875
AGTGAGACTTCCAGTA-1,-7.673174,-1.4679828,-6.61989,-5.6413093,-2.3695765,3.1987839,2.2006845,0.75502294
AGTGAGCCTCGCCGCC-1,-13.065063,0.77518713,-3.5456758,-9.048407,0.7789823,-2.7738755,0.62145734,-1.6483395
AGTGAGGGTTTCTGAC-1,-16.235962,-6.531469,4.8996906,-3.002375,0.20755719,-4.9248676,-0.9944622,-0.37012157
AGTGATAACCTGCGCG-1,-18.45982,-10.881224,-1.6597581,-2.7041838,5.921148,1.361304,1.5698135,0.28210267
AGTGATATGAGTAGTT-1,28.363192,1.314959,-3.603009,-5.1422944,-6.368005,1.4254723,0.12700811,-3.127027
AGTGATTCAAGCAGGA-1,-13.975368,-9.480753,-6.1917076,-3.1853263,0.20983922,4.6297817,-0.25719264,-0.6407622
AGTGCACGCTTAAGAA-1,-7.718255,-1.4130855,1.8631027,-3.5142071,4.1124167,1.4550608,1.9475068,-0.93370694
AGTGCGTAGCTCGTAA-1,25.91167,-4.5490713,-2.2184706,3.8242002,-1.7811254,4.3015695,-3.2731588,1.1613681
AGTGCTAAACACAGCA-1,-13.857546,-13.052557,3.2719967,-0.7123058,6.7997494,3.2156432,-1.3481687,-0.009459345
AGTGCTTGCACGAATA-1,-12.037277,-6.6320515,-4.7372923,-4.1997895,2.8993123,5.807989,0.5779373,-1.1671174
AGTGGCGGCAATTTGA-1,-11.689785,-4.4116325,-1.4033839,-9.134612,3.6707516,-1.4954288,1.6284969,-0.8962816
AGTGGCGTCTGAAGGT-1,-10.914646,-8.441771,0.87506324,-2.1489599,4.851948,4.947566,1.3265305,-0.33202052
AGTGGCTCCGTCGGCC-1,-5.2054977,8.279822,-6.105854,3.3673122,-0.92480403,-2.736039,-0.7384056,2.1792202
AGTGGTGTTACCCGTG-1,-1.832558,-6.046838,-0.84523344,18.008057,-5.0366507,-5.1559315,4.0864134,1.0363785
AGTGTATTGCGCATTG-1,-13.455061,-7.665229,0.8142854,-7.9160066,4.124768,-2.1562626,-0.4838076,-0.21404333
AGTGTGCTAAGATCGC-1,4.2032022,27.832834,-0.8733078,3.295193,4.870448,-9.912539,-9.763391,-7.900741
AGTGTGGTCTATTGTG-1,-7.9930844,6.8176084,-0.19737577,-3.2658026,2.1632714,-4.659117,-1.8011117,2.3271997
AGTTAAACACTTGCGA-1,9.883488,-1.3643543,-2.7772055,9.143737,-3.9922268,0.5000156,-6.5963035,2.257451
AGTTAAGCGGTCCCGG-1,-8.875437,3.5358639,-8.373536,-11.868433,3.3797925,-1.1350204,1.9036356,0.9202145
AGTTAAGTCAACCGCT-1,38.924454,-0.793989,-0.61945564,0.8070016,1.4577079,-5.5594535,0.68702656,3.5048325
AGTTACCGCACATGGT-1,-7.9290824,5.5936112,-3.109335,-8.034834,4.3625326,-5.1768928,-2.5547602,-2.581487
AGTTACTCTATCGTGG-1,-7.643668,6.604755,-1.0081614,-11.472893,-0.033453744,-1.5900018,2.5108857,-2.6776798
AGTTATTGAAAGGTAA-1,-15.12304,-6.8130317,19.815763,3.9110975,-3.1397321,-2.3731456,-1.6104342,2.9708667
AGTTCCTACAGAATTA-1,-2.3993323,11.165017,-6.7748613,3.0839462,-4.1980624,-1.3839698,-1.0113521,-0.15193139
AGTTCCTATTTATGTT-1,0.20199376,10.140673,-6.7603717,3.405544,-5.0827956,0.44420084,-2.218998,-2.089595
AGTTCTGCGTTGTATC-1,9.126772,30.220085,1.6892352,3.5975366,4.574255,-12.3122835,-1.4377656,-1.7367679
AGTTGACATCGGCTGG-1,10.641029,28.51184,5.7357483,-1.4042244,-4.880821,5.2961016,0.69703656,4.4491515
AGTTGACGGTCCTTGC-1,-7.5223923,-3.1592836,-2.315067,3.558712,-7.9500737,2.89659,2.5573716,-3.8759334
AGTTGCTGACTGATAT-1,-7.0015864,8.750886,8.190207,-0.5056272,2.9699411,-6.0704203,-7.317342,4.05811
AGTTTCGCAGGTCGGA-1,-4.723058,7.63833,-0.94972324,-7.227746,3.1902342,-3.105765,-2.2113388,4.2497435
AGTTTGCACCTGCCTC-1,-10.925618,-10.814932,-7.299732,3.1176891,3.3205621,7.548051,0.9491446,-2.8193574
AGTTTGGCACGGGTTG-1,-12.055769,-2.95126,5.4340158,-2.3325474,1.461862,-0.93030995,1.5756543,1.2118655
AGTTTGGCCAGACCTA-1,24.572273,-10.347544,-0.27997985,5.4975004,-5.840336,-3.1744998,1.9195602,10.0724325
ATAAACCATTGGACGG-1,9.40624,24.218111,5.1909266,1.0661829,-2.7485259,3.5104465,8.474656,6.5215955
ATAAACGGACCCGTAA-1,4.8681917,1.8034527,-0.32752222,2.3554354,-7.3183193,5.4544044,1.2977272,-1.8755636
ATAAACGTTGCACCAC-1,-11.181762,-3.8288374,10.479567,0.31357995,-1.4608026,0.17602211,-0.07365937,-2.0594466
ATAAAGGCTCGGTCGT-1,5.328653,16.05846,-7.0543566,2.731738,0.95500875,-0.0051758075,-1.7251796,-3.7214692
ATAAAGGTCAAGTACG-1,-17.939032,-9.824141,12.755805,-1.1886262,-1.2501719,-6.5123734,-1.3311225,0.96583575
ATAAATATTAGCAGCT-1,-6.5724506,-3.0720513,-3.557007,14.37341,-2.3218348,0.85131377,-4.7679768,3.8530982
ATAACGCCGGAGGGTC-1,-8.1686945,-5.7357206,-5.29626,-2.9191158,-2.65754,4.647066,3.0084555,-0.0014049821
ATAACGGAGTCCAACG-1,-4.483507,-6.1646295,-10.314161,-4.655581,-5.2508135,-1.4372613,0.89848006,2.2583263
ATAAGGTGGAGAACAT-1,-13.26035,-11.826889,-2.3861535,6.0922594,-3.5408027,3.4594135,-0.42159107,-1.7908407
ATAAGTAGGATTCAGA-1,-17.89949,-10.229606,5.265722,-4.8802505,1.2164345,-3.3490505,0.09715693,0.4095828
ATAAGTAGGGCGACTC-1,-12.198801,-2.280712,6.26434,-2.2420793,5.9353366,3.251124,-2.5503447,-3.8496683
ATAAGTTACCGCGACG-1,25.075005,8.166121,-4.174287,-2.5964003,-9.979363,5.740739,0.7915079,-6.0454116
ATAATACCGTTAGCCG-1,-0.58670616,17.18441,4.484784,2.389654,5.27859,-9.684718,-14.87454,-4.747787
ATAATAGCTGTTGAAT-1,-4.9211564,-7.212233,-3.2409363,6.1871986,-7.5486794,4.955623,0.14066364,2.8610926
ATAATAGTGTAGGGAC-1,-10.185965,9.057622,0.42552164,-5.110751,1.2654527,-7.6751614,-1.114828,2.7402582
ATAATCTTGGAGAACC-1,-10.416976,-10.884475,-4.61294,2.386907,4.7956123,10.35476,3.777828,-0.06754635
ATAATTAGCTAAGTAG-1,-14.022112,-3.755214,-5.517461,0.9514129,-4.3678617,1.5613092,-0.021263594,-3.3239088
ATACAGGCCCTCCAAT-1,-5.7135663,-9.227516,-6.9391966,5.478946,1.6748089,11.112383,1.8941364,-6.5072064
ATACCACGGGCAACTT-1,-3.6407833,-1.6285563,-12.11301,6.448992,0.6460559,-1.3235226,-6.2182345,3.1928678
ATACCAGCAAATTGCT-1,-11.613892,1.1362381,17.13622,3.1598506,-8.693819,-7.08583,-0.903139,2.8549101
ATACCAGGCTAATAGA-1,-13.720886,-4.576583,9.08904,-3.5068135,-3.471378,-12.170387,-1.6030773,4.3317614
ATACCAGGTGAGCGAT-1,3.282124,21.775131,8.5020685,-4.757663,-4.378301,6.5269156,8.416713,3.1323783
ATACCTAACCAAGAAA-1,-10.657331,-2.1724555,-5.003391,4.8892627,-5.2375417,0.4355993,1.3887097,-5.1808143
ATACGCCGATCTACCG-1,-0.91766167,14.690209,2.4883535,3.1792772,6.0366545,5.0027914,-4.0955644,6.131242
ATACGCCGGCGAAACC-1,-14.187021,-11.399125,-4.286958,2.774719,-5.3458276,3.4725497,3.9082596,0.3505435
ATACGGAACGTCGTTT-1,33.72624,-11.690972,-0.24067536,2.6214328,1.4969506,-4.307122,-0.43018803,0.29577544
ATACGGGTTTCGATTG-1,-11.700515,-0.15853517,-9.542512,-8.825229,-2.1833673,-0.8950187,1.2704418,2.28383
ATACGGTGAAGATGCA-1,-10.072325,-0.31286353,-5.7479954,-3.0429358,10.414773,-1.3371974,-2.001628,2.5915546
ATACGTACTTAGCCAC-1,-8.262968,-8.857659,-6.2391014,-1.5038658,3.613554,7.3260345,0.7440164,-2.333644
ATACGTCCACTCCTGT-1,-13.947179,-7.538143,-1.812869,-4.673007,4.5656567,-3.4456396,1.2326072,-0.17463773
ATACGTTATGCACGGA-1,-10.798871,-5.453585,-2.5473206,4.686607,-6.9072,2.155615,1.3551157,-2.985401
ATACTACCCGTACCAC-1,-11.57283,-6.9371533,14.807704,6.553298,-1.652883,1.1755643,1.7144517,-1.792409
ATACTAGCATGACCCT-1,-8.541238,0.8943388,-8.969002,-1.2429676,-3.7368362,-1.6383829,0.8412567,2.6951454
ATACTCTCGCCACTCT-1,12.499261,31.403578,4.3653464,4.167673,5.342498,4.1489677,2.629324,8.046294
ATACTGCCTTACACCG-1,-12.813121,-8.947395,-1.8325757,-0.90594286,6.3886714,6.3327127,5.0317926,-1.4495595
ATACTTGTTCTCGAGC-1,-2.5171196,14.482236,-6.396615,-5.3898177,5.725014,-4.321263,0.581714,-5.6496263
ATAGACAACGGGACCT-1,-12.389657,-9.277495,-1.0969684,-6.3228736,3.4907334,5.38922,2.4233706,2.6123366
ATAGACGAAGAGAAAG-1,-4.21079,6.145464,-5.6406307,4.822691,-2.698724,-2.240862,-2.2112744,0.39372823
ATAGAGTACTGGGACA-1,-10.419359,-3.618443,-8.110117,2.7327518,0.8903552,-0.98327667,-1.163736,5.142864
ATAGAGTTATCAACTT-1,-11.099354,-3.8244977,-1.2013694,-5.6142735,-0.62057817,4.459113,3.3863897,1.4382067
ATAGATTTGCAGTCGG-1,-8.1280775,9.018945,7.801413,-2.3583028,-5.766353,-3.5752456,-0.11946079,-1.2773242
ATAGCAACTAGGGAAG-1,-13.347057,-7.755349,5.357801,1.4594916,3.6181412,0.44647214,-1.3739568,-2.4012165
ATAGCCTCAGTACCCA-1,-3.4976504,19.6331,1.6809804,-4.5438166,0.40478584,-5.712171,-2.8671663,-3.3669274
ATAGCTGCTCTTGTTA-1,10.077244,32.148468,-1.1876594,3.8639145,11.223231,-9.358941,-15.696057,-16.712278
ATAGGAATCTAAGCTT-1,2.8254719,12.713593,11.937919,-4.598116,-2.0878139,8.35945,7.2523313,-1.8345121
ATAGGCGGCTATAGAA-1,14.869168,1.6499181,-0.61066526,10.58522,-0.98558307,0.23339339,-6.4288497,1.9097545
ATAGGCTAGCTTCGCA-1,-10.251351,-1.0636808,-1.2214149,-8.807718,3.361164,0.9382578,1.5365167,-1.684741
ATAGGGATATCCTTGA-1,-14.32846,-10.847544,-5.7813916,-0.3818553,-0.29886496,-0.32498598,0.7997918,3.585275
ATAGGTTGGGCAGATG-1,-6.098741,-9.090069,-3.656613,7.1789184,-2.2231324,-1.6721759,-1.7858053,2.493984
ATAGTCTTTGACGTGC-1,-8.406793,8.734976,3.1560369,-5.5925384,-1.6133411,-2.0450068,-0.015180777,1.2048215
ATAGTGAAGCGTTCTC-1,16.662033,10.289699,-5.770779,-0.5159207,-4.9416046,1.402696,-0.88641334,-4.6884956
ATAGTTCCACCCACTC-1,-16.58102,-12.966739,3.9171143,-0.110868484,6.8541265,-0.12591071,-3.354856,-0.7269831
ATATAAAGCGCTCGTG-1,-7.7558036,-6.7062287,-0.93839073,3.8890917,-4.626766,3.981618,2.3712847,-3.970563
ATATAAATGTAGCTGC-1,-7.0926476,-5.8297563,-3.5627308,2.2898734,3.0618424,7.016986,2.7808135,-3.0876098
ATATAACACGGGCGCA-1,-9.734581,-3.044413,3.9630494,2.3679793,8.1184435,3.7861547,-0.06134855,-0.8803984
ATATACGCTCGTGACG-1,-15.130712,-4.4771104,12.2922535,11.21406,-3.5831964,-4.7604957,-4.5831313,0.12992378
ATATAGAGTATTGGTC-1,50.292465,-11.2314415,5.476777,-6.17516,4.742595,-1.739201,-6.455868,6.8991847
ATATCAACCTACAGAG-1,-12.626419,-5.165975,4.969957,-1.2308513,4.7060323,2.6905615,-2.9060915,-3.3592744
ATATCAATTCCAGCCT-1,34.67243,20.474947,-6.1435847,4.7871485,9.778885,-14.071977,10.529608,-2.830523
ATATCGGTAGGGAGAT-1,-10.857722,-6.2237625,10.116905,0.7869605,1.5042734,3.1563728,-0.70465106,-3.2351425
ATATCGTGCCAGACCC-1,-16.33004,-6.689633,11.610941,0.12474928,-0.7376192,-6.089365,-2.7147968,-1.9706799
ATATCGTTCCTCGAAC-1,-14.284502,-10.165164,2.2143295,-1.0094361,6.546454,0.83531415,1.4960426,0.65825665
ATATCTCCCTCGTTAA-1,-12.1076,-4.8879642,-2.742265,-8.042803,3.9567223,-0.2259654,-0.23472404,1.8148445
ATATCTTAGGGCCTTC-1,2.8824825,11.982975,-8.303171,7.686195,-7.5756993,-4.931654,-1.7443881,-5.1207476
ATATGTCTCCCTAGCC-1,-11.33099,-4.339696,-3.3899398,-4.949347,3.5772018,3.0622256,-1.1360092,-2.0114582
ATATTCAGTTAAACCT-1,30.378172,-1.2700546,3.1485496,2.9022024,-2.9372888,8.459577,-3.1592073,3.7801864
ATATTCCACATAGTGA-1,-9.019499,-6.6617017,-5.708688,0.08926729,3.450383,5.163513,-0.40334755,-1.6503702
ATATTCCCACAGGTCA-1,-14.962827,-1.9530659,0.029981336,-5.6656103,0.14695372,-8.211259,-2.8500009,4.8575997
ATATTGCTGTCAAAGT-1,-13.613759,3.0621467,-3.5707176,-7.017758,2.2080138,-8.370521,-0.38281992,1.159387
ATATTTAACCCTCAAG-1,-7.812945,-3.5118668,-4.140541,10.066889,-4.649721,-0.8123391,-1.5131699,2.734908
ATCAAACACTGTTCCA-1,-15.484999,-7.8963947,7.544344,-0.005752864,3.7486405,-1.8027735,1.5779668,-1.2511175
ATCAAACGAAGGTTTG-1,41.919544,-16.485603,2.9040968,0.39554787,-1.3849007,-2.8858433,0.108470984,10.979143
ATCAATCTGGGCTGCA-1,-1.8685268,5.478842,-4.4692364,7.484263,-5.1772165,0.020099115,1.3565004,-3.2938044
ATCAATGCCGTGGCTG-1,45.75724,3.0013063,-5.028664,-7.889157,1.412051,-4.719919,-7.755631,-4.2302313
ATCACATTAGAATATC-1,-15.108872,-9.437458,-7.4497457,-4.639207,-0.0034344462,-2.3419416,1.0750579,2.802877
ATCACGTGCTAATTAA-1,28.955593,-10.358386,3.1964016,4.902958,-2.30081,1.3717048,-5.0417085,4.1996994
ATCACTTCATCCTCGC-1,-7.010119,-0.61210924,-8.689835,-5.1682687,0.08737014,2.3120503,0.3977783,-3.3995059
ATCAGACGGCACGCCG-1,36.57771,-10.208064,2.069185,7.279914,-4.562918,0.5691228,-4.360833,4.7569737
ATCAGCCTCATGCTGC-1,-13.708414,-13.373852,-1.4614685,-0.4444902,6.644576,3.534191,0.51004195,0.97757936
ATCAGCTCGTCCACTA-1,27.270712,0.9288409,-3.7124958,9.562386,-0.9382092,-10.401986,14.455427,1.0286919
ATCAGGTCGCCATTGC-1,-10.531559,4.2224526,3.9957478,-5.219592,-3.6061878,-3.19702,0.26816344,-5.7013364
ATCAGTAGGCAGGGAT-1,-17.866175,-10.252364,-7.927673,-4.8193827,3.367638,0.993478,1.2296515,3.3512747
ATCATAGCCCTATGTA-1,-12.569149,-0.2774906,10.563425,5.4006395,-3.5089846,-4.6561494,-4.3478208,-1.7790859
ATCATCCAATATTTGT-1,5.9722357,12.0468645,-5.4177203,5.494233,-5.5333457,2.240062,-0.42506188,-5.1796556
ATCATCTGCCCAGTGT-1,-14.033037,-1.6201692,11.2623,-2.669705,-4.9423633,-4.838344,-1.9442192,-2.011157
ATCCAACGCAGTCATA-1,-6.675244,3.0518725,-5.633056,-0.07564353,4.9074135,-0.46982926,-0.16548574,3.1820316
ATCCAATGGAGGGTCC-1,15.630943,11.299713,-8.169707,13.422893,0.7847548,-0.19429927,-7.674309,1.4646119
ATCCACATCGACAGAA-1,-6.336581,-2.6383607,-7.3434505,2.0228226,1.1167061,4.8158255,1.3734723,-2.568686
ATCCACGCTAAATGTT-1,-16.423067,-6.06437,5.465788,-4.5087156,-0.10454556,-5.685794,-0.052274816,1.4826733
ATCCAGAGCAACAACC-1,22.799543,-8.656966,2.0573623,-3.2371655,-8.095184,6.2840447,5.5279026,0.013725672
ATCCAGGATTCGTGAA-1,12.562356,-4.709295,-1.9457207,7.1122227,-8.689781,1.4288279,-5.2165337,-0.027440334
ATCCCATCCACAGCGC-1,43.77079,-9.569334,-0.7321911,-4.6112747,2.8769615,-4.2709804,-7.4177675,1.855903
ATCCTACCTAAGCTCT-1,27.511679,-2.8585958,3.6364038,1.8689547,-2.071402,6.540939,-3.2355862,-4.067274
ATCCTGAATCGCTGCG-1,-2.527412,3.4847393,-9.032406,14.024885,3.9979637,-0.9088008,-8.155014,-1.0072662
ATCCTGCGTGGAATGG-1,16.423882,-10.325815,1.1884356,4.240288,-6.1306653,1.8013911,-1.9649363,1.1006554
ATCCTGCTGCAGATAG-1,6.6803575,24.220062,6.1282134,-8.396488,-6.1733074,-1.0937532,5.6165147,1.2788032
ATCGACCCAATACAGA-1,1.4046478,5.067444,-4.4299817,8.909019,-9.073285,0.58875614,-1.9954783,-5.184059
ATCGACTCTTTCCGTT-1,-6.4526563,4.062457,-10.170869,-2.5556448,-2.1251402,-1.8849717,2.0455277,2.5614202
ATCGCACGATTGTTCA-1,1.1537138,20.236843,3.3606193,10.007802,14.055699,1.1729808,-12.0091505,0.84797335
ATCGCACGCCGGGAGA-1,-11.43535,-7.818013,-4.250825,4.9309373,-3.7971294,-0.072397314,1.2122496,3.116905
ATCGCCAGTCAACATT-1,-17.659756,-9.320826,5.514458,0.20296076,2.0798132,-1.5798076,0.20186366,0.09476367
ATCGCTGCGTGCAGCA-1,-13.22797,-4.655509,13.588901,0.8527374,-3.1791701,-0.67844105,0.18836541,-2.0219467
ATCGGAGACAGACGGC-1,-8.955157,-6.2741213,-4.004284,-0.7117332,0.43709156,6.504604,1.8948504,-0.31862193
ATCGGCAAGCAGTCCA-1,-11.047561,3.3434637,-4.767901,-10.877752,2.3122013,-1.9442018,1.8322754,-3.063604
ATCGTGGAAAGTCTGG-1,45.87139,-2.5728376,-2.6730669,-5.292867,5.945811,-0.89491683,-5.5462475,-3.095516
ATCGTTAGCTAGCGGA-1,-16.414534,-10.816511,8.223362,0.8767357,4.3046207,-0.62629473,-2.308947,-0.45988286
ATCGTTCACTTTCGCC-1,-8.730604,2.4504516,6.3724732,-5.410219,-1.5759197,-2.7305968,0.27819136,-5.56279
ATCTAATATCCTACGG-1,-4.388396,-2.8473573,-4.0570154,6.4031076,-4.0599566,7.8432126,-1.5018815,-5.7955422
ATCTAGCTTGTGAGGG-1,-8.445205,-9.71171,-1.511772,5.723656,-5.076727,7.5819516,3.1289282,-4.054397
ATCTCCCACGGAATAT-1,-11.50206,-6.527268,15.391439,11.553128,1.6324167,-2.6730192,-2.1648207,-0.28607324
ATCTCCCTGCAATCTA-1,-8.83961,1.5742956,-8.069751,-8.860706,2.491175,-2.644469,-0.034514792,0.9502876
ATCTCGTGAGCGAAAC-1,-11.385943,-7.188026,15.554011,8.694199,0.589248,0.6982781,3.3473384,1.0711641
ATCTGACATGGAAGGA-1,36.328594,-5.259614,2.1962771,-7.122295,-2.5680127,4.3454494,0.8735401,-2.118925
ATCTGATAGTGTCTTA-1,-0.2916212,17.739204,2.780087,5.1669984,4.316668,-12.442677,-8.319905,-5.093909
ATCTGCACCTCTGCGA-1,-11.450926,1.7303241,-1.5675195,-8.568306,-0.37606856,-0.7617587,0.40386423,-1.4236835
ATCTGCTGTTATCGCC-1,1.404059,-4.710666,0.5881659,4.3636527,-4.146242,7.830845,3.2542033,-7.677245
ATCTGGGCTGTTCTTG-1,-9.939895,-7.0388174,-4.5596023,6.6684375,-2.8297296,3.92867,1.2965631,-3.1162784
ATCTGGTTAAGACTGT-1,-5.095323,1.1521692,-7.7126403,-7.19651,-4.1184444,0.029826045,3.5693696,2.1718302
ATCTGTAATTGTACCC-1,-15.33826,-2.4684305,-3.6832314,-6.6854815,5.5535855,-6.7491803,-0.21842134,10.339003
ATCTTAGGGCATTAAT-1,42.55614,-16.279182,2.7644613,3.9527206,13.327866,-1.8793372,-6.1135955,8.61207
ATCTTATCGCACACCC-1,-9.676016,-2.3065784,9.727771,6.3209405,1.1430538,-2.5101213,-4.9632998,-3.9563437
ATCTTGACCTGCAACG-1,-9.458642,-1.5612266,-11.191904,7.1855984,3.2479384,2.7103755,-5.1380224,3.3786156
ATCTTGACTTGTCCAA-1,-17.546558,-6.4560437,8.380549,-0.90788776,0.7507686,-4.5131974,-0.53142023,-1.8033777
ATGAAGCCAAGGAGCC-1,-10.006976,-5.9881015,-6.16391,1.2718143,3.0027444,-1.4794916,-2.2388637,5.183037
ATGACGCCGGCTCTAA-1,-13.321249,-4.670921,-4.4052434,-3.9064813,4.14576,-2.2181602,0.7888437,5.8990874
ATGACGCGTTCTATCC-1,43.252064,-12.102899,1.8606273,0.7254872,-1.9441618,-1.4501579,0.37723562,5.1607866
ATGACTATCAGCTGTG-1,24.24921,-14.642182,-0.066637956,-1.504994,-5.4969077,4.3465695,0.08517112,-1.6778321
ATGACTATGCGACATT-1,-8.039744,-9.638644,-1.0932636,-1.0092775,2.1569424,4.3975773,1.5151378,0.072039224
ATGAGGAGTGTTAATC-1,-10.262691,-3.149554,-4.7311106,1.829899,4.1904306,1.0139837,-1.2970843,3.034311
ATGATCGGGAATAGAC-1,-16.125671,0.061635114,-6.6493554,-4.7928257,1.8666453,-6.567987,-1.4059402,3.8591676
ATGATGCAATGGTACA-1,27.7473,-6.1005807,0.94993705,1.4173659,-3.8803093,6.108437,-2.0816054,2.1384094
ATGCACGCGCTGTTCA-1,46.43754,-2.105713,1.0005994,-0.37543935,10.96959,1.6472151,-8.350188,-6.1220193
ATGCACTACCGCATTG-1,-8.5725,-3.9469645,-7.982894,6.1151915,-0.6862005,-0.15996335,-1.675917,5.6012545
ATGCATGATCCAGGAT-1,-7.033444,1.9738703,-8.57765,-1.4988062,-1.2624292,3.1547358,-1.6184864,-2.5838773
ATGCATTCCGTGATGG-1,0.22492747,18.959343,7.007607,-9.268436,-7.5172834,-0.8973751,3.2690594,0.22019443
ATGCCAATCGCTCTGC-1,-13.537031,-4.1629515,9.373572,-0.8939257,0.7639334,-1.2409402,-0.5892191,-5.1585445
ATGCCATTTGCGACCA-1,-9.284047,-2.263133,-6.115045,-4.006517,3.1454864,3.210698,-0.84151334,-2.8432994
ATGCCGGTCTTGCATA-1,-11.488748,-7.156982,-5.3739867,4.738938,-3.350938,0.17735998,0.41100386,0.43060654
ATGCCGGTTGATGGGA-1,-9.582573,0.7756209,-6.761333,-8.211937,1.9696183,-0.5105868,2.5025117,2.2967527
ATGCGACAATTGGTCC-1,1.0098801,8.01848,13.375469,0.24246362,1.3078797,7.253924,3.4266665,-10.122469
ATGCGACAGTCCCATT-1,-6.547977,-5.458579,-4.3980775,5.07202,-7.4535837,0.3152191,-0.7066883,-0.5295115
ATGCGAGTCCCACCAC-1,-17.188438,-11.599105,9.313123,0.3501833,3.0287373,-1.9322653,0.649322,2.5577552
ATGCTCAGTGTTGCAT-1,-14.9214525,-1.469154,-3.1617155,-2.8760085,3.2297237,-4.796625,1.4628898,3.6995964
ATGCTCTGGCGCGGTA-1,-11.133671,-10.25362,-6.074575,0.34713367,2.8655927,6.656842,0.747259,-2.4437242
ATGCTTAGGAGTTGAT-1,-12.634229,-3.4183776,17.53031,14.068698,-1.8950917,-0.69514054,-2.4496574,2.9556298
ATGGAAATTTAAGGAG-1,31.883875,7.3137846,-3.1862414,22.471037,33.8435,-12.309969,36.022987,-14.707469
ATGGAGCAGGCCGTGA-1,-0.9303209,1.5972856,-4.0416956,5.183256,-6.704223,1.257793,1.1387485,-5.4168797
ATGGATCCGGCGTCCG-1,-14.294168,-5.9566045,-6.9857073,-6.7426267,1.4404515,1.0096222,2.6899002,4.6901917
ATGGATTGACCAAACG-1,-11.6405735,-1.8291441,-4.515382,5.2183633,-6.3084993,0.121071525,-1.1015952,0.7762431
ATGGCAGCATTACGAT-1,54.599586,-13.059072,4.544341,-4.6054254,2.6781247,0.70118177,-5.0160356,2.0317154
ATGGCTGGAAATGGCC-1,-7.760821,3.5332744,5.950024,-2.8332503,-0.67560804,-2.5514238,1.2328628,-6.1558266
ATGGGAACGGAAGCGG-1,-13.293382,-2.016034,8.231118,-3.2840152,-2.2926538,-2.495079,1.2283714,-3.5532727
ATGGGACCTGCTGAAC-1,46.61422,-3.4095764,3.441371,-2.519202,6.928612,6.303682,0.6285477,-4.6842785
ATGGGCCTCGGCCTCT-1,-12.070053,-2.0719476,-5.5883594,-5.6611924,4.3277097,2.5241885,0.81666183,-2.9347284
ATGGGTGTATACCTCC-1,47.224274,-18.496319,3.4815009,-1.565509,6.808958,-0.66413486,-3.7473342,0.96689016
ATGGTATTTACTGATT-1,41.651352,-0.021579102,-2.5040035,-0.8279857,8.269832,-2.7509186,-5.5066323,3.5244412
ATGGTCGCGTGGTTTC-1,-12.966881,-8.76514,-6.8164024,-3.029686,0.498022,2.7775066,1.9715911,-1.1250852
ATGGTGCTCAAAGCCA-1,5.238288,16.990128,9.944465,-2.1966972,-1.7123338,10.421078,4.98652,0.20201929
ATGTAAGGCTGCTCTT-1,-17.816355,-8.258983,10.499643,3.6253695,0.8974189,-4.7698765,-1.1689066,0.3686305
ATGTACATGCGGTGAG-1,-1.6196042,6.3573604,8.847206,16.44105,8.936526,5.761823,-10.749873,-9.508147
ATGTACGATGACGTCG-1,-10.434085,-11.797305,-1.5034534,5.003954,-5.1923046,5.284311,2.2132094,-2.9914956
ATGTAGCGCGCGTAGG-1,-3.4636667,9.122076,-7.9357214,-3.9538054,-1.4776179,6.5903664,0.24309586,-7.33886
ATGTGAAAGCCTAATG-1,14.725682,-4.8838487,-3.2640343,11.865792,-11.561657,-12.033049,0.7519014,17.100033
ATGTGCATCCGACGCA-1,-14.317865,-4.978229,-9.300792,1.6562611,-2.053238,-1.5144964,1.9478924,4.3959403
ATGTGGACATCTTGAT-1,-8.086948,-1.3023419,-5.747713,1.4700745,-8.780742,1.5595825,2.9631495,-2.2984548
ATGTGTAGTTTAGTCA-1,-11.250314,0.027901718,13.855035,-0.025239883,-5.093537,-6.746585,1.0766356,4.2688127
ATGTTACGAGCAATAC-1,-11.550002,1.4757925,8.9213,0.5935918,0.27662024,-6.705628,-2.314993,2.3415089
ATGTTCGTCGACCCAC-1,-14.526732,-9.823647,-5.9478626,5.9799323,5.0013733,1.4795567,0.5074698,1.9392598
ATGTTGTAGTCTGTTT-1,20.092148,3.978368,5.956136,-2.9058712,-10.877543,14.80944,4.686531,-6.6648245
ATTAAACATGCGGACC-1,8.047925,15.6899185,-9.17914,10.039048,-2.8082566,2.758629,-4.238912,-5.0388584
ATTAATACTACGCGGG-1,-8.953906,-7.1369514,-6.8252435,-0.6548036,-2.164842,-1.3199028,1.2632978,3.0551507
ATTAATGAACCAGTCG-1,-17.759207,-6.992628,-9.528496,-3.3340461,-3.4748037,-0.8967314,1.504275,2.3947024
ATTAATTCGGTCACTC-1,-6.287011,8.57748,-3.5879848,-8.989696,-0.62321,-3.6113772,1.434013,4.1608353
ATTACAACTACCGGCC-1,-5.7080317,10.525105,0.0066945897,-12.002115,-1.9682957,-2.4371111,0.4057549,-4.3788247
ATTACATGTCAGTCTT-1,-15.189398,-5.847822,8.639895,-0.15717761,0.24014229,-2.77056,0.19795266,1.9506154
ATTACCACACTGCCTG-1,-6.961054,2.6281028,15.716669,4.999634,-1.5313882,0.89065325,0.43536252,-3.9645898
ATTACGCGCTGGCAGG-1,2.2696047,11.601137,-9.177279,8.48653,-3.4911454,-1.9460101,-6.8531976,2.0550332
ATTACTAGCCTCTTGC-1,-12.691868,-0.85283417,-2.9472566,-2.6766057,5.882968,-8.406337,-2.1229408,3.6650643
ATTACTTACTGGGCAT-1,-14.45752,-3.994216,2.2070427,-7.9883437,2.3019838,-1.0166117,0.8123799,-0.7773466
ATTAGATTCCTCAGCA-1,-14.254601,-5.0452785,6.6301827,-5.2024403,-1.8028889,-3.5827398,-0.19017686,-2.5720704
ATTAGATTGATAGCGG-1,-14.408872,-6.947661,-1.612948,-0.10326103,1.5696231,-2.4432123,-0.62682945,5.204304
ATTAGGCGATGCTTTC-1,-5.987823,-3.034759,-3.195621,4.207966,-4.26372,-0.18101788,3.5522165,-1.9616394
ATTATACTTTGCTCGT-1,-10.997651,2.7873514,-10.101664,-8.723036,0.348811,0.27224898,1.9127685,-0.34693432
ATTATAGCTACTTTAC-1,-16.390858,-8.000916,15.079264,7.592539,2.2708204,-4.339659,-3.0389628,1.0899813
ATTATCTCGACAGATC-1,-8.537684,7.6056275,7.218407,-5.6319437,-4.267776,-8.785053,-0.58361465,1.1098574
ATTATGAGACCCAATT-1,43.697556,-5.3765593,3.2844958,-1.4105698,10.373139,0.77023256,-9.529571,5.7370744
ATTATGCCATAGGGAG-1,-14.965974,-8.984558,-5.4331985,3.4125745,-0.82174677,-4.1775594,1.0806582,7.6477623
ATTATTATGTCCGTCA-1,29.179487,-19.503626,7.257465,3.38345,0.80819046,-0.9521544,-0.5310298,5.275817
ATTCAAAGTACCTGTT-1,2.1659145,24.035536,5.366782,1.283413,3.9182277,-3.3706033,-8.483368,-7.6250196
ATTCAACCATTTAAGG-1,-13.749792,-4.239908,5.809963,-1.2119787,1.280954,-0.71624255,-1.3881017,-0.6541619
ATTCACTGATGTTGGA-1,-5.7212543,4.543359,-7.3466344,1.5691952,-3.7225685,4.861101,3.6694417,-8.656643
ATTCAGGACCTATTTC-1,-2.3636434,6.718101,2.2280495,-12.502574,1.0183154,0.60480833,3.331406,-0.7987976
ATTCAGGATCGCCTCT-1,-12.817902,-1.9873756,13.484347,-0.21229355,-5.1052647,-2.75606,0.88983166,-2.0125442
ATTCAGTAGCAGGGTC-1,-3.9296978,11.196268,-7.8257437,-0.29048,11.016879,0.12743554,-3.3485553,-3.5098467
ATTCATATACTGTCCA-1,6.8838553,4.4440975,-5.889763,5.427794,-7.9755554,1.0638446,-0.8037964,-4.111808
ATTCATCGTTGAGGCA-1,-17.238977,-12.718534,-0.025486,-1.422164,7.859737,0.5027474,-0.040366292,0.46911925
ATTCCCACATAAACAA-1,-5.4028807,11.764585,-7.7745185,-4.102219,6.0130024,-0.2526066,-2.451334,-3.3394248
ATTCCTAAGACGTGGA-1,-13.055879,-1.2120253,9.967046,0.1340816,-3.90751,-2.7504141,-0.8327431,-4.46509
ATTCCTCCGCCAGTGC-1,-9.591743,-2.377149,-4.646205,0.6441044,7.862375,0.39064357,-5.009468,7.838609
ATTCCTTCCAGGCGGT-1,7.9676332,29.505709,2.352824,-0.8926622,1.5413067,0.33031383,3.2594438,12.916651
ATTCGACGCCGGGCCT-1,-2.5415082,-1.9119238,-8.623133,9.588997,1.7858468,3.5319057,-5.642331,0.4202412
ATTCGTGCTATCTCTT-1,-14.056841,-8.404537,11.492855,2.9782164,-0.76614106,-1.4788067,-0.8917672,-2.8306146
ATTCTCGTCTCTTTAG-1,-10.805745,4.0829844,5.572018,-0.938963,-3.0509818,-12.561055,-3.6158814,2.7461274
ATTCTGAGTATGAACT-1,-13.282987,-0.6829459,6.9383073,-7.017757,-1.693389,-4.3114967,1.0337456,-2.131929
ATTCTTCGTACTTATG-1,-15.529619,-6.168019,5.4144893,-4.156309,0.16615643,-3.9045973,0.83086354,1.1277183
ATTGAAGATCTTAGTG-1,-2.4997084,2.6007023,-4.9200377,9.006673,-3.8587859,0.19127545,-0.6168555,1.667833
ATTGACGTAACTCGGT-1,-12.278052,2.3365407,2.0570173,-5.269953,-2.045247,-3.697795,-0.6695337,0.9897204
ATTGATAGCAACGAGA-1,2.4495249,24.147047,1.3455199,0.4797574,6.735215,-3.6736069,0.92227745,5.764865
ATTGATCACCACATTT-1,31.926645,8.649509,-3.3617814,19.324444,24.229162,-13.7169,37.52583,-8.844449
ATTGATGAGTCCTAAC-1,-8.987025,-1.5490607,-0.11706312,-7.6974483,4.653929,3.8301966,0.8951761,-1.1985382
ATTGCCTATTAGACCG-1,46.674866,-19.620165,8.577663,0.053755198,3.021808,7.740555,-2.4611375,5.4498973
ATTGCCTTTATGTTTG-1,-13.832979,-8.951824,0.37175265,0.46269897,6.3798327,3.0371578,-1.1841394,0.6632813
ATTGCGATCAGTAACT-1,-8.115922,0.04800871,3.5447454,-4.7666607,2.3398619,1.1496131,-1.4758146,-1.1269635
ATTGCTGCTCCTCCAT-1,-2.7903175,0.78582674,-3.6528594,9.085536,-0.13619952,-0.45338535,-5.866159,3.9054844
ATTGGATTACAGCGTA-1,-11.810155,-5.9317813,8.731521,-1.4205757,2.775492,2.5472,1.0332752,1.2329211
ATTGGGAATATCTTGG-1,-14.472003,-2.0786312,0.542503,-1.0937029,0.08958455,-7.0232854,-2.5286381,4.4336915
ATTGGTTGTGCATTAC-1,-0.886029,10.427263,-1.3214581,2.9682555,10.787716,6.2744937,-6.177377,-16.400206
ATTGTACAACTCGGCT-1,-12.68824,-3.1169436,2.7429266,-3.2697165,4.5198555,3.4947457,-0.1558691,-5.4157
ATTGTCGCAATACCTT-1,-10.564011,1.4895176,-5.958249,-12.65565,2.1113565,-3.7653763,1.4494141,0.54292476
ATTGTGACTTCGCTGC-1,5.618608,14.0149975,13.431634,0.5513691,3.242652,10.857579,4.9314923,-6.69649
ATTTAACTCGTATTAC-1,-10.349729,10.180934,-6.0127444,-8.58587,-1.5014119,-7.2132773,-2.0385325,1.6506922
ATTTACAGTTTACTGG-1,-7.777411,8.977715,-12.756825,2.9438837,-0.85073847,-0.9854704,-2.9616787,2.3570511
ATTTACTAAGTCCATT-1,-11.785715,3.7816548,7.8391333,-1.8831602,-1.6468291,-4.416554,-1.409239,-3.212541
ATTTCATTATTTCGCG-1,-10.450076,-8.928546,-1.026195,-7.1884975,1.9596905,-1.9826025,1.0852282,3.5475047
ATTTCCGGGTTCTGCG-1,43.131145,-5.621776,1.6725157,-2.1205494,-2.6293125,2.386379,0.32391068,2.560776
ATTTGCCTAGTTACGA-1,2.9467793,17.822691,11.938141,-0.77453953,-6.4008865,3.8735619,1.4355567,0.53674084
ATTTGCGCGAGTAGCT-1,31.919086,-15.680889,2.0862575,2.5412076,-1.3628631,3.0199003,-0.94484484,4.5250864
ATTTGTCTTGGGAGCT-1,-9.7068405,-1.6181747,-8.85591,-3.304461,0.190361,2.0359018,3.5788817,-0.42120168
ATTTGTTCCAGGGCTC-1,-9.727173,-3.2351031,-5.7846146,-3.3891397,1.1030192,0.19112605,0.5653801,4.527087
CAAACGAGTATCGCAG-1,24.74936,-3.37201,0.42676374,-1.1615934,-3.843216,4.919326,0.96085614,-2.6049652
CAAACGGTCGCACTTT-1,-10.97911,-3.589933,-7.833643,5.8180594,-0.31644046,1.9271251,-3.9384098,3.9294415
CAAACGTGGTCTTGCG-1,-15.698229,-5.6078205,8.540467,-1.9618955,-0.7250167,-3.4681609,-1.7630897,-1.9246962
CAAACTACGATAGAGA-1,-15.691205,-5.324232,-0.40394866,-5.088599,2.794902,-0.45100707,0.7354742,0.17681296
CAAACTATTGAGCTTC-1,-21.223251,-11.774611,-2.0899985,-4.090054,5.266032,-4.6685147,-2.0840526,5.4682407
CAAACTCGCGACGCCG-1,-15.271148,-9.133583,12.860738,2.7582502,-1.7734936,-0.8909996,-0.57271415,-2.2919486
CAAAGATTATTGGGCC-1,39.75574,-2.612295,2.920856,-2.6747723,-0.12003643,5.535106,-0.7197532,-0.815985
CAAATCTCTCACAAGG-1,11.378786,2.2914028,-3.9127493,12.009557,-4.798582,-7.6436343,1.0780822,4.494577
CAAATGCGGAGTGTTC-1,2.34526,13.199009,10.497587,-0.8348254,2.0277123,7.7718782,-0.0011807011,-0.24731913
CAAATGTCCTTCCGTG-1,15.165867,-2.047064,0.48454452,3.54474,-7.710647,8.298996,0.49977243,-3.5532017
CAAATTGTCAGCAAGC-1,-19.21808,-8.964654,-5.372648,-6.3971634,5.651621,-4.1530285,-0.2915341,4.4746113
CAACAGAATAACGCTA-1,-12.205922,-3.6215677,15.875692,0.19220102,-4.297994,-2.196282,0.8771665,-0.08023022
CAACAGTGCCAAACGG-1,-1.8900894,12.579393,8.307016,-1.3270574,-6.406996,3.354931,3.2144268,-1.817625
CAACATGGCCTGATAA-1,3.6385603,27.586855,-1.9262557,4.9775567,8.347338,-0.2101703,-5.8908033,-5.3751283
CAACCTACCGAGCAGT-1,-10.0605135,-1.2034178,8.93997,2.0095036,-0.53761417,-0.064743884,-2.6234586,-3.1116118
CAACGACCCGTTTACA-1,-14.328953,-0.06476519,-9.146921,-1.1699015,-0.50363266,-3.1749263,0.06102658,4.7847924
CAACGGTTCTTGATAC-1,-14.150988,1.3621496,-0.5585937,-3.3764536,8.374602,-7.026093,1.2955693,7.579719
CAACGTGGTGGAGTCT-1,-11.617773,0.96428096,11.723184,8.145059,-2.1887977,-2.0382159,-2.8409061,-0.53158194
CAACTATATCGAATGC-1,-11.708786,-2.486997,-7.472397,-10.977979,4.0793114,-1.4726888,3.155543,1.6502557
CAACTCCAACGTTTAG-1,-18.452604,-1.6832266,3.620852,-4.3070893,-2.8573601,-7.3569865,-1.3018409,-2.00099
CAACTCCGTAACTTGC-1,28.47377,7.9174175,-1.0718733,-3.004257,-1.5831373,2.7766523,-0.5793897,-7.893786
CAACTCCTTGATCCCG-1,-8.929514,2.4491155,-3.3131728,-1.9161367,4.247185,-5.925514,0.49517688,7.165418
CAACTGCTCATCCGAT-1,5.7375665,3.9907994,-4.7556534,-1.5624324,-11.726423,1.9461553,2.4417806,-4.290281
CAACTTGTAGTGGGCA-1,-7.3835506,9.505803,15.769886,1.0463854,-8.388044,2.2106895,5.724363,9.1077795
CAAGAGGGCGGAGTAC-1,-13.362062,-6.0915065,-8.544909,2.0354028,-5.637997,4.3652506,3.4142334,-0.011598909
CAAGATATTATAACGT-1,-11.014172,-4.9472103,-2.982757,-4.231106,3.5559607,1.6895214,3.4939642,-1.5997576
CAAGCAACGTCGGAGT-1,-8.132097,-1.1443604,-7.344659,9.5110655,0.6224523,-0.65196633,-6.5541925,3.3257306
CAAGCACCAAATGCCT-1,-16.042603,-12.419822,-9.089661,-1.480005,0.9854011,-0.89045477,-0.7005282,4.3121867
CAAGCGGCACATAATT-1,-7.284336,-10.785317,-2.2021632,7.639915,0.1893652,12.352204,2.7176974,-3.4789326
CAAGGATCGCATGTTC-1,1.5823078,7.1920233,-6.106051,1.0642065,-15.588865,0.5364908,2.61532,-6.7616663
CAAGGTCCTATAGGCT-1,-15.528508,-8.369067,7.7811604,1.6877208,3.6871731,-0.83254766,-2.8046255,-0.4608678
CAAGTGAACTTTGGTT-1,-10.034188,4.018911,12.92034,-0.61609185,-5.6334677,-6.8504634,-1.6167103,4.7200394
CAAGTGTGGTTGCAAA-1,-12.130342,-0.21173994,-4.4219213,-7.621951,2.3477602,0.52190995,0.060934775,0.30593476
CAATAAACCTTGGCCC-1,-5.5688834,0.18081753,-6.148217,-5.424407,-4.4822993,3.0973969,4.9423885,-0.6947903
CAATACGCTCTGAGGC-1,-8.840501,1.2455088,-11.780432,3.0035326,1.5827333,-3.4229317,-0.26316297,2.8178675
CAATATGTAGATTTAC-1,-0.75630707,8.914003,18.039673,4.486062,7.7653165,10.121008,7.3602557,-0.20847315
CAATATTCTTGACCTA-1,41.599983,-6.053163,-0.9883057,-9.840763,-7.8192873,-3.495554,1.4959491,2.2713134
CAATCCATTATCCGTT-1,4.0073233,14.663632,10.734648,0.34668913,-4.005682,0.9869734,9.618525,1.5030612
CAATCCCTATACCAGC-1,-12.091017,-0.48481292,1.9164333,-7.651307,1.4417092,-2.1789014,1.5250032,-1.4856298
CAATCCTGCCGTGGAG-1,-7.5960894,10.483397,6.6915236,3.1215887,3.0077698,-7.116232,-3.7503273,6.022277
CAATGCGAGAAGTATC-1,-16.807291,-12.442184,-6.786652,0.12607475,5.0671506,6.0401797,1.667919,-1.0723342
CAATGGAATCTACATA-1,-7.356428,10.3046665,2.6916718,-9.311864,-2.4650471,-3.8668814,1.0138279,-6.0930457
CAATGGATCTCTACCA-1,-11.309138,-6.5692034,-7.4924064,-5.058096,0.40101576,4.370709,3.1491036,4.615412
CAATGGTCGGCCTGGG-1,-8.869687,4.8298755,12.178775,-2.276607,-7.8356023,-3.0297031,-0.800449,5.1746197
CAATGTGCCAACCCTT-1,-12.10548,-5.151948,13.133381,4.5211515,2.0402339,-1.6571044,-1.7397783,-1.9993765
CAATTAAGGGTGATGA-1,-9.206595,-2.417314,-3.1619036,8.250284,-3.5830138,-0.9358969,-2.7820683,-1.8530066
CAATTTCGTATAAGGG-1,6.662168,15.798907,-7.5344467,-3.2943106,-8.67803,-3.642069,-0.5080871,-9.747445
CAATTTGACCGGGAAG-1,3.78254,19.065937,4.253422,15.510385,15.692484,4.256628,-7.7154984,0.9407703
CACAAGAAAGATATTA-1,7.4110947,14.1703205,11.648392,-1.9718151,0.95509297,8.587891,5.803421,-6.3009152
CACAAGCTAAGAAAGG-1,50.600956,-7.425551,0.17307015,-4.635766,4.3412476,-2.4380584,-4.1559014,1.6768707
CACAATGAGCTGCTAT-1,17.851873,-3.3221457,-1.707584,4.19996,-8.484884,4.567768,-2.0591874,-0.20871612
CACACACGCTAACGAG-1,-12.053852,-5.158984,9.007499,0.52574205,1.3610868,0.23242405,0.9909227,-1.9810151
CACACAGCTTGCGCTC-1,-13.84466,-4.618292,14.37526,3.5719178,-3.52258,-2.4979856,-0.052185882,-2.9210005
CACACAGGGATAGATT-1,-4.2979274,14.32107,-5.6479115,-4.5592594,3.7245114,-4.8177366,-2.1103692,-1.6568997
CACACGCGCTGTCTTA-1,-10.592576,-4.056485,-6.8473587,-6.1473656,-0.0042609684,3.9789028,2.625629,0.9573308
CACACGTTTCAATGGG-1,-12.988499,3.7216964,5.7651443,-6.2290416,-2.9853277,-3.1922917,-0.29585016,-2.4109108
CACACTTGTATTGCGA-1,-0.12451932,18.48385,-3.8705041,-0.8349506,14.358145,-5.7836075,2.7885942,2.2194223
CACAGAGACGAGGACG-1,52.891922,-12.865118,1.4523854,-5.189945,1.9135485,-1.9456731,-4.1045475,1.0439382
CACAGCACCCACGGCA-1,-7.9270706,-4.2976217,-4.361271,9.267242,-3.9031634,-1.3094513,-3.326825,0.91389096
CACAGCTAGGGAGTGA-1,-7.0052605,11.436879,-9.566515,-6.153905,-3.1398757,-1.9732385,1.1053404,0.43386176
CACAGGGCCATATAGT-1,-14.819405,-11.026488,3.8969197,2.344446,4.6211762,-2.7564232,-1.6830161,0.71221954
CACAGGGCCGTTGTCA-1,-0.94428134,9.556503,-6.245418,5.1809134,-4.979097,1.9920815,0.17232616,-8.971959
CACAGTCCCGCTTCGC-1,-4.860301,3.1353934,13.654734,13.317113,-0.30979973,0.7440318,-3.7990031,-1.5261728
CACAGTTCGCTTCCCA-1,-10.351856,-4.7104964,13.595885,9.874744,-0.18928248,-0.36502954,-2.803748,-0.85001147
CACATAAGGCGACCGT-1,-3.8369162,12.31585,4.1497617,3.5262728,2.8451583,3.2842288,-2.1615365,3.8048458
CACATATTAGCAGGAT-1,-6.472082,1.6523706,-5.0678935,1.5793806,-3.4603305,-0.36649,1.7355855,-0.62665874
CACATCGTGCACGCGC-1,43.035465,-11.545113,5.767059,-5.8844132,-2.0069966,2.09591,-0.5393844,2.4302025
CACATCTCACCGACGA-1,-8.972628,-7.643073,-5.7508774,2.249872,3.9944212,8.44688,1.5626278,-1.6353707
CACATGATTCAGCAAC-1,7.92337,14.775446,-7.6453357,0.2547124,-9.932856,-1.9824076,1.9674459,-8.528915
CACATGTTTGGACATG-1,14.983844,34.674538,-2.3751218,-1.6547334,10.172353,-4.9867086,-5.117732,5.2317257
CACATTCTTTCGATGG-1,-15.52091,-5.351287,-2.2484386,-8.135292,4.658711,-0.22189909,-1.339519,2.2755601
CACATTTCTTGTCAGA-1,-13.419662,-5.4272676,7.443677,-1.4225161,1.1536608,-0.89910805,-0.17673855,-2.678337
CACCAGTCAGCATGCA-1,40.338085,-15.845882,3.7173977,-0.5483785,3.559817,-5.826439,-4.2828865,-1.1337669
CACCATCGGAGGAGAC-1,-9.466372,9.766784,-0.017756704,-8.516933,1.071375,-6.2638335,0.09397303,1.4774956
CACCCAAATCTTATGT-1,-13.886599,-10.970977,5.265558,-0.88442534,5.7641525,2.9724276,-0.76415014,0.513509
CACCCACACGTCACCC-1,-13.772059,2.8630886,-4.066384,-3.917735,1.10381,-7.484053,-0.91072226,3.3015127
CACCCACGAGGCAATT-1,-17.232033,-13.748181,-5.096524,-4.754892,3.4159327,-0.08082777,0.16813111,2.905303
CACCCGGTTTGTGACT-1,41.874973,-19.213135,4.714106,-6.402644,-5.447985,-4.040357,0.98628885,5.1781564
CACCCTAACAAGATCT-1,-13.716958,-14.87838,-5.1109076,0.9259864,5.2489223,5.6523576,0.7854135,0.59385145
CACCCTTGGTGAGACC-1,35.980385,1.5490808,-2.4528487,3.013474,-0.95206463,-15.58462,18.761677,0.6224937
CACCCTTTCCTCGCTC-1,7.4416437,23.020233,10.057974,-5.246224,-4.546582,12.304742,9.562931,9.496109
CACCGATACACCGAGC-1,-16.251923,-6.306229,2.0897484,-5.0116587,0.5478632,-4.134387,1.8883095,1.8256937
CACCGCCAGAAGGTTT-1,-9.48191,0.9282906,-6.7823462,3.2853582,-4.780461,0.1928597,-1.0061235,2.3486726
CACCGCCGACCAGCGA-1,-9.6157675,3.059211,1.9917461,-6.2268763,-0.9172944,-3.7717867,0.7394534,3.5106192
CACCGCGTCCACTCTA-1,-8.728999,6.6631265,5.3027,-5.8632255,-3.0745988,-3.2802343,0.64083123,-4.5518403
CACCGGAGATATCTCC-1,-14.853369,-4.090813,8.442948,-1.50022,-1.8350995,-3.6017303,0.36265296,-2.0595682
CACCGGTAGAGACATT-1,39.551083,-20.644384,4.714374,4.5243797,4.9254284,-4.652562,-7.8748746,5.9884033
CACCGTATCCCATCCG-1,-15.043394,-8.143851,8.061518,0.27298704,0.9227858,0.84795266,-0.70970756,0.6905155
CACCGTTAGGGATCAC-1,44.43617,-5.101565,-0.7834497,-11.517224,-8.107147,-3.9481707,1.3776977,3.2798727
CACCGTTGCGCGATAT-1,32.102283,3.0861392,-2.9867897,-2.8972237,-5.364936,-2.942981,3.1753817,3.958081
CACCTAATAGAGTCGT-1,-4.7197046,12.660894,4.4492445,-3.545338,2.7268546,-6.705928,-2.2262168,-0.7784835
CACCTAATCAGTTTAC-1,-13.15235,-1.029917,-9.223004,-3.3441598,-2.2891347,-2.526448,0.9304912,1.7541054
CACCTCGATGGTGGAC-1,-11.561,-4.9922194,-5.458402,-3.673426,-1.4698857,-0.35497588,1.212084,1.8568506
CACCTTGCGAAACTCG-1,-10.239775,-6.202855,-8.034207,-4.806416,-1.0154549,-0.11145164,1.7715279,2.4790857
CACCTTGGCGCCTTTG-1,-18.77886,-10.699982,-0.05418764,-2.7901487,4.1650915,-1.6756166,-1.0482596,-0.013981706
CACGAAAGTTAGTCCC-1,-10.627838,-8.078457,-8.733326,8.024765,2.0433757,1.8498555,-4.3119197,7.6258554
CACGACCACAGACTTT-1,1.3097156,15.05729,13.778059,-6.417874,-8.223125,4.061994,8.275913,0.28652567
CACGACGTAATAGTAA-1,-0.12057478,10.081641,14.9133625,6.9067764,6.804084,9.955587,8.751859,-4.8649845
CACGACTAAAGTTCTG-1,8.391747,34.484985,2.8588865,-8.322867,-4.7335463,0.56694967,3.5762157,3.0743003
CACGATTGGTCGTTAA-1,4.3031793,17.280617,14.642073,2.955813,11.005137,14.863231,-0.31496647,12.514578
CACGCACAGCGCAGCT-1,-4.8418126,-1.8256029,-7.7705474,-3.8523204,-2.1381361,3.332951,0.4367052,-1.7172545
CACGCAGCGAGGCTTT-1,-2.3056102,10.055747,-7.031545,5.95928,1.0348302,0.46300718,-4.3394294,0.9791841
CACGCGGAACTGTTGC-1,-17.827034,-8.956783,-1.0577451,-5.197237,3.8341494,-1.6430603,-0.13926978,-0.6808131
CACGGCGCGCCAAAGG-1,-11.459364,-2.1540387,8.17082,0.028318614,-0.35269102,-1.8163632,1.5606997,-3.5293295
CACGGGATTGAGGGTT-1,-11.737012,5.4930477,-9.839875,-6.938826,8.534729,-2.2699423,-3.4675977,-1.2970726
CACGTCGGCAACCTCT-1,27.314913,-5.138218,-4.218126,-5.0056396,-6.494448,-4.0954185,1.5285331,3.689878
CACGTCTATGATGTGG-1,-14.333619,-4.0373006,10.817353,-1.124748,-1.8649741,-3.0207257,0.13355292,-3.7749715
CACGTTCGTGCTCTAG-1,-8.77779,-5.5596066,-6.157563,-3.4031224,-1.3745817,4.6597676,1.8423063,-1.7029446
CACGTTTCGTACACAC-1,-12.4514265,-7.774839,0.54870844,-3.3610063,5.4528217,2.014627,-0.03589995,-0.34785807
CACTAAAGTTGCCTAT-1,-0.018951362,11.262207,-6.5270505,9.981858,-3.0433404,2.3333654,-5.8135085,2.3506234
CACTACGGGAGCTGCC-1,-13.992646,-7.1159253,13.890536,6.1536794,0.18883035,-2.421528,-1.0850692,-1.3452108
CACTACTCAGTTCTGT-1,-10.165989,4.9289327,4.416829,-3.9174085,-2.4049838,-2.702359,-2.4243064,-1.2907842
CACTCAAGAGCTATGG-1,7.4145527,0.26928207,0.6705407,7.7159834,-5.3840857,3.0528193,-2.0773926,0.29349953
CACTCAGCTCTTGAGG-1,-12.150484,2.3887153,-3.9098048,-10.8871155,0.91353136,-3.8359866,0.114200935,1.1717324
CACTCCTATGTAAGAT-1,42.10818,-14.150988,3.5933604,-6.0092106,-0.89520323,-2.2540455,1.7434793,6.221253
CACTCCTCTCGGTCGG-1,-8.928971,-1.7547516,-2.6994815,-8.229918,-0.42947242,-3.6858222,-0.36748868,-0.46168977
CACTCGAGCTGAACAA-1,-12.663492,-11.588533,-4.1394944,5.7868605,-4.8300457,5.449901,0.9844597,-1.0115834
CACTCGGTTAGGAGGA-1,-4.832764,5.196933,-6.6654205,-3.0183601,6.3209887,4.005108,0.021202091,-0.65904874
CACTCTTCTGCTAGCC-1,-16.668983,-10.108996,8.828764,1.5088221,1.6724517,-1.2772986,-2.7574403,0.6082278
CACTGACGATTGTGGA-1,5.6411233,-7.2213163,2.8814323,7.086626,-6.061194,4.5511436,0.17725709,-4.274704
CACTGTCCAAGTGAGA-1,-11.723508,-1.0187123,-4.0061584,-2.4319148,6.4123845,-5.2860737,0.16299409,5.122019
CACTTAATCAGACGGA-1,0.12315316,7.268244,-5.354793,13.219692,-4.3323717,-1.8806376,-6.856516,-1.6581013
CACTTCGCCACAGGCT-1,-9.32185,0.45603204,-2.7346718,-3.975243,1.7495154,-4.488858,0.9634687,2.7849865
CACTTCGTCTTATCTC-1,7.490755,31.23258,-1.616097,-0.2228056,5.168439,-11.382537,-12.156339,-5.2523923
CAGAACTTAGCCCTCT-1,-12.672051,-13.696801,-2.7408128,-1.3229202,4.1316476,5.327857,0.03630674,-0.44923377
CAGAATAACACACGGA-1,-14.408338,-7.624693,15.217192,9.726109,-1.1352882,-2.6884043,-4.1781883,0.9306277
CAGACACCGATCGCTG-1,14.792845,-9.33924,1.2344787,0.78805435,-9.862177,1.7172897,1.1831615,-1.7441889
CAGACCTGTAAGTGTT-1,-8.446566,-3.6082401,0.11587039,-10.434977,2.5260298,1.9950383,1.1793633,-0.39622542
CAGACGAACCTGATAC-1,26.128298,-7.994557,-1.0069776,-3.0780478,-6.471088,3.2598908,2.0903728,0.6528172
CAGAGACGGTCACCCA-1,5.851685,7.362288,-0.7574766,-0.033744544,-9.145256,6.2666006,1.3909541,-8.297245
CAGAGCATGAGCTTGC-1,-9.747314,-4.755559,-5.795406,-0.8758345,-2.7932527,3.7522385,0.93251455,-0.32423994
CAGAGGCGATGCATGA-1,33.7382,-0.6684072,-0.46758807,-10.25852,-7.629916,-0.5567913,2.8213508,-2.698398
CAGAGTGATTTAACGT-1,-16.017183,-5.6259327,2.2204523,-6.004806,1.8742027,-6.002771,-0.53925055,6.648848
CAGATACTAACATAGT-1,-13.263808,-6.1631436,-7.314729,4.9224095,1.1280191,-1.4430573,-1.2083064,6.9432273
CAGATATGAAGATGAC-1,36.753872,0.018137224,-4.071741,-4.6967387,1.9866889,0.51264375,-4.2265816,-2.737388
CAGATCATTTAAAGTC-1,-11.819592,-2.9706929,9.560896,-2.9401858,-1.4042324,-3.6308384,-0.24999917,-3.2922652
CAGATCCTGGTTTGAA-1,47.431854,-9.122512,-0.09729316,2.6571686,7.9954047,-7.2755547,-0.020229978,-0.47293815
CAGCAGCCCGTTCCTT-1,-6.1067915,-1.4898185,-7.215861,-4.0651426,-5.6866717,1.5856651,1.1880705,0.6632255
CAGCAGTCCAGACTAT-1,-10.767193,0.07264125,4.1689863,-2.8577142,1.7294348,-0.2940798,3.5270205,-3.4079425
CAGCAGTCTGTGCTGC-1,-13.564257,-10.180236,-6.5470443,2.5063658,1.7134084,5.7244987,1.7680502,-0.864265
CAGCCCTCACAGGCAG-1,-8.089441,6.7248044,12.561075,-1.6439196,-6.1424184,-5.2949224,1.525778,2.473803
CAGCCGGGCCCTCTAT-1,-14.120048,-3.6404195,0.3741907,-7.670141,0.7730828,-1.6274717,-0.40675932,2.8354938
CAGCCTCCTGCAGAGG-1,-6.1273046,1.2669088,-8.703337,-5.6933036,-3.8439794,4.2806816,3.5420847,3.158186
CAGCCTCTCCTCAAGA-1,-14.801122,-2.724319,4.8039827,-3.782627,0.6338968,-3.1207838,1.0076761,0.5288857
CAGCGATTCCCTTCAA-1,27.274746,-4.1312575,-0.48777664,-5.7354856,-8.686617,-3.8602517,1.8704287,0.66628504
CAGCTCACTGAGACAT-1,1.483495,14.085407,-6.19993,5.61845,-8.777208,-6.6651645,-1.7415892,-7.368403
CAGCTCGACAAGTTAA-1,-14.57118,-14.01485,-3.268162,-3.6411123,3.2650168,3.242799,1.9668676,3.8426437
CAGCTCGTGCTTGTGT-1,-16.172123,-4.087954,5.8616514,-1.0655948,3.2899752,-6.216244,-0.63942033,4.533901
CAGCTGGCGTAACCGT-1,26.852991,-0.021163745,0.47971994,4.695733,-4.9627767,-7.268749,3.216208,10.449264
CAGCTTAGTAGGTAGC-1,-10.287121,-2.483383,-10.365132,3.8429317,4.5137806,5.1408725,-3.0772007,0.62253183
CAGGAAGACTTTATAT-1,-13.440251,-2.7007577,0.98164666,-6.145203,1.7505008,-1.368666,1.6629343,2.0247471
CAGGATATATCGTTGT-1,15.339736,20.218353,-5.4916935,3.5052342,-4.0287504,-1.5925331,-3.1382942,0.5815223
CAGGATCCGCCCGACC-1,2.0821059,21.916586,9.755706,0.937811,8.02036,12.349086,4.0521812,12.710488
CAGGCAGTCTTACCAG-1,-9.056686,-7.524066,1.1640292,-0.637016,6.4812574,4.3763523,0.9434864,-0.39459005
CAGGCCGTTTGGGTGT-1,13.880123,10.444368,-5.1556864,8.217962,-4.3051677,-0.14055218,-5.8398747,-1.5340906
CAGGCGCACGGTGGTC-1,40.337067,-12.713549,3.0865662,-2.017111,3.5713341,1.5876008,-1.1319822,0.5695291
CAGGCGCCATGCTAGG-1,-9.013578,-2.7275279,-6.920187,0.17721577,-5.437297,0.09934664,1.5232776,-1.1940647
CAGTAACTATTTATTG-1,-14.108626,-3.7827914,4.998364,-3.2909734,2.1511822,-2.6775162,-0.03500383,-0.18127029
CAGTAATCCCTCCCAG-1,-6.309194,7.218959,-0.9585274,-4.7057548,3.4856877,-2.607801,-1.3893857,0.105688974
CAGTACATTCTCTAAA-1,-13.338452,-6.439906,7.330424,-3.565491,2.3530405,-0.27335668,2.0219183,-1.0770361
CAGTACCAGTTTACGT-1,22.71402,2.9889023,0.15675327,4.995325,-6.589676,-4.3205175,6.700014,8.421563
CAGTAGCCCACGCGGT-1,-12.828347,-5.3950996,-3.1898847,-8.098627,2.51436,0.7981818,1.8831875,1.1338867
CAGTAGCGAGGTAGTA-1,1.6392567,19.654728,3.8409762,5.656105,6.8097167,4.3329296,5.442207,22.582483
CAGTCGAGGATGCAAT-1,-13.008994,-2.4591873,1.4233902,-8.991703,5.0739503,0.11788026,1.8773845,-1.4087077
CAGTCTCTCGGCTAAT-1,8.863399,22.652344,7.768931,7.0192533,17.262743,33.901222,11.700956,30.523342
CAGTCTGTATACTGGG-1,2.799435,14.989655,-8.379418,-1.109656,-10.513969,-0.6124104,2.7483215,-6.4275227
CAGTGAATAAATGACT-1,-13.5532055,-6.5311,-5.713381,-5.056586,-1.910016,2.3094137,2.129553,1.1755207
CAGTGGTTGCACATGA-1,-11.33716,2.7821805,9.075105,0.62859994,6.313692,-4.9693084,-4.11463,0.5863773
CAGTGTCCGCAGAATG-1,-15.802083,-4.7969785,6.9906487,2.1386483,0.75846976,-8.992123,-5.0855412,1.4540619
CAGTGTCGGCTGGCCC-1,-15.971875,-11.480656,-2.7135954,-5.143156,7.430918,1.777051,0.15395568,3.0439959
CAGTGTTAATCTCTCA-1,40.981335,1.4523036,1.9157647,0.06210135,10.325304,-1.5629377,-6.082538,-2.0792687
CAGTTCAAATTGACAC-1,-8.686074,4.9264894,-7.6571665,3.5898473,-5.9737144,-4.407492,0.8902057,-0.3982745
CAGTTCCGCGGGTCGA-1,2.209581,12.280971,-7.6982646,-0.9086805,8.747238,1.8981701,-3.8632762,-3.6677783
CATAACGGACAGTCGT-1,-13.881125,-3.5102699,-6.233128,-6.486253,2.0073555,1.077345,1.1951697,-1.2310784
CATAAGAAGCTTGGCT-1,-6.524192,-6.1502366,-6.445166,4.3960633,-0.33196443,8.613669,1.6993066,-1.4892597
CATAAGCTCTCCGTCT-1,-8.406456,-1.3154334,-5.8208346,12.401242,-2.0513146,-7.9905934,4.597536,6.0854855
CATAATGAGCGGGCGA-1,4.316905,25.587301,7.8210616,-5.2352386,-5.993623,3.1851444,0.88759714,2.1598241
CATACAAAGCCGAACC-1,-11.056117,3.0425684,9.355226,1.8231521,-3.4639072,-6.1396523,0.19633229,3.1505048
CATACACGGTTCCCAC-1,5.1952395,0.7062108,0.11650097,2.768155,-7.6210036,5.3067737,4.553341,-6.70393
CATACCCGTACCCAGT-1,-4.2869015,0.19689289,-4.8967133,11.145791,0.7844322,0.045434285,-5.881527,2.5561368
CATACGAACTAGCTGG-1,43.346237,-11.016626,4.9732685,-7.5223594,3.0532007,4.853755,-7.26597,-5.9004235
CATACGGCGTCTGGGC-1,0.4646033,12.660909,-6.757898,-0.10908539,-10.911494,-2.6259372,0.27347055,-5.506249
CATACGGGTGCATGAT-1,3.1424437,17.95745,8.132898,8.59516,19.539846,4.2516365,-14.789805,-0.5668888
CATACTATGTAATTGT-1,1.1798581,9.994364,-5.155293,8.127036,-4.8760023,-1.5579519,-6.045333,2.0983653
CATACTTAGGCAATAC-1,-11.5800905,-4.272064,12.702666,1.4330435,2.2789803,0.7328878,-0.4907558,-1.2758771
CATAGCCGCCCGGGAT-1,1.0102799,16.867546,-4.784542,-4.8122,4.1022577,0.12418912,-5.776865,-2.5557203
CATAGCGTTGCCCACC-1,39.372368,-2.1996572,-4.3811464,-12.2751875,-9.778311,-5.998525,1.7190322,-0.13053782
CATAGTACATTGAGAG-1,-12.066669,-6.4782724,-4.1555643,-6.6229753,3.7777545,1.4642689,1.657596,6.150284
CATAGTAGCATAGTAG-1,-16.315086,-1.3169621,-6.0809836,-2.4010596,2.4834015,-6.271845,-1.1792498,5.0972276
CATAGTCAAATACATA-1,-11.938379,-5.9519453,5.9074445,0.49519444,8.26529,0.42716873,-3.3631895,0.1035562
CATAGTCCACAAGAAC-1,27.875147,-4.9958353,-1.1328787,9.263536,-2.3956337,-3.398849,-4.6708164,8.077109
CATATACTACTGATAA-1,-8.703848,6.1677437,5.96164,-7.187785,-3.207477,-2.9069052,1.0766609,-1.5346017
CATATAGGTACAGTCA-1,17.11225,-1.5352782,1.2887263,9.102879,-10.17587,10.509921,-0.8440654,-5.0637035
CATATGTCAGGCTACG-1,31.63843,-3.3845928,1.7606748,5.0288663,-7.657597,-8.796008,5.6054096,9.145678
CATATTATTTGCCCTA-1,-10.977237,5.221568,-1.6875587,-10.153366,-0.93427306,-4.815818,3.3761714,-2.8789535
CATCATCTACCCGGAC-1,-12.670025,2.9750009,-1.0664519,-8.418121,2.4405348,-5.062949,0.7671916,6.840947
CATCATTACCCTGAGG-1,-12.05023,-7.9717574,-1.8095723,-5.8004613,7.411791,2.2414243,-0.26725653,0.50833845
CATCCAATATAGTTTG-1,52.740665,-11.719452,2.1679907,-5.058885,5.2850423,-1.221174,-3.7419205,2.6684718
CATCCGCAGGCCCGAA-1,1.4977447,23.765732,1.867584,-1.0560924,0.73266166,-6.080318,-5.997583,-6.086911
CATCCTCTCAAAGATC-1,-14.146375,-11.286674,2.781212,-2.3149118,7.62738,2.395553,-2.108109,1.7613369
CATCGAATGGATCTCT-1,1.5886351,15.607338,8.961947,10.527473,20.505774,5.721976,-11.513988,4.8771358
CATCGCCCGCGGCCAA-1,-10.600787,10.892783,-0.53790116,-6.145974,1.2730746,-8.10579,-1.058521,2.1677089
CATCGGACGGGTTAAT-1,2.9489427,-0.20982502,-4.652849,11.382005,-10.146672,0.3648247,-0.9259146,-4.222754
CATCTATCCCGTGTCT-1,-8.924927,2.0731275,2.2263715,-6.0407925,-0.67297506,-0.99306774,-0.30728012,-1.4827969
CATCTTACACCACCTC-1,-11.36083,-6.8461156,0.9041465,-2.3860621,7.3375444,4.465395,0.5346111,-2.2744672
CATGAACCGACATTTG-1,-8.693347,13.5353565,3.0572395,-6.0804677,-3.7201958,-4.344508,-0.9236352,0.8366301
CATGAACCTCTTATCA-1,-9.670221,2.654153,8.53447,-4.5252357,-0.7847592,-1.6703995,-0.7456176,-2.0407343
CATGACTTCGCTGAAT-1,-14.538342,-6.6855774,3.7823753,-0.028129427,1.1988728,1.35787,-1.4584934,-2.1006494
CATGAGATGCACTCTC-1,-14.051128,-11.727087,-6.0970626,1.459272,5.082813,5.9397645,2.3855293,-0.025365667
CATGATCGCTTTGAGA-1,-3.287059,1.6997902,2.571213,7.1482162,7.0344486,4.4537125,-7.0522285,-4.681394
CATGATGCACAATTCT-1,-11.337415,-6.993538,-5.934389,-1.6117026,0.63030785,1.4817535,-0.41463605,3.2692466
CATGATGGAAGTTAGC-1,-11.088351,-4.0871453,6.408824,-1.1000458,2.9373407,2.370524,1.7191364,0.95965236
CATGCACGTGTTACTG-1,-11.290166,0.78128797,9.225027,-3.4434931,-3.4047828,-2.3281178,1.3714206,-2.0243862
CATGCATGGAGACCCT-1,-3.7815268,3.628055,7.7683415,-1.6122769,2.1605356,0.28710786,0.2846192,-4.8800087
CATGCCAACTCGCAAA-1,-3.2805037,1.2592094,-5.078753,15.530258,-4.742202,-3.6497042,-2.3419976,5.4114122
CATGCGACCAGTTTAA-1,-16.086555,-6.726714,-0.7169347,-6.6600943,2.62362,1.4564812,0.4126234,0.79022616
CATGCGTTAGACAGAA-1,-8.180325,10.951712,-5.0513067,-10.378024,-0.61005867,-5.0652757,1.9731293,2.4992251
CATGCTGGCTCCAATT-1,-13.117318,6.35345,-5.6195774,-10.424562,-0.037119705,-7.739875,-1.6584238,0.51695615
CATGGAAATGGGACCA-1,8.554177,11.634817,13.35751,6.959496,5.8624234,18.10924,7.535311,-3.6440084
CATGGATTGTCTTCCG-1,-9.675113,4.794852,2.286265,-2.6128268,-0.37025386,-1.3218479,0.6934079,-3.1115906
CATGGCAGGAAGATCG-1,-13.018917,-5.3763714,-5.391697,-2.4814193,3.138333,2.4167128,1.598346,5.7871037
CATGGGTATGCCTTAT-1,-14.401017,-12.962951,-4.287585,0.62761897,4.658083,7.3442388,1.593276,-0.24006486
CATGGGTCGGGTGTGG-1,-15.435409,-12.729183,-4.2288985,-4.1442385,1.7958491,-0.9322133,0.95746416,3.3469439
CATGGTAAGTAGCGTT-1,-14.162307,-6.0543528,-4.3220625,3.88649,-8.875846,0.8021751,2.5878282,-1.4851204
CATGGTATTAGTTTGT-1,43.309975,2.3458307,1.942884,-4.81431,7.1872435,-0.7448493,-2.822121,-5.6808004
CATGGTCTAGATACCG-1,-14.518699,-13.453251,-5.0061493,4.368765,-1.6137508,-0.79272133,2.2677538,0.17229208
CATGTAAGAGACATTT-1,-15.603843,-11.78081,-0.6297887,-3.3184953,6.785242,0.4849354,-0.9941383,0.93295896
CATGTAGGAGCGCCAA-1,7.27478,15.8432455,14.267875,-2.63187,-7.8623414,8.311007,5.9850802,-4.1680093
CATGTCTCATTTATGG-1,-15.998312,-11.372405,-3.7557557,-1.9031122,4.347964,3.676576,0.29608515,1.7828552
CATTACGTCGGCCCGT-1,-6.537219,2.3454156,-6.2532,-4.209254,-2.7103791,-0.28514636,2.9496577,1.3026094
CATTATAACAGGGTCC-1,-4.3222914,9.788427,6.851446,-2.2601776,-4.093273,2.5776424,1.770401,-3.0428984
CATTATCCCATTAACG-1,39.03341,-4.6796026,0.66089725,-4.31204,1.6200451,3.505936,0.7989421,-1.0446749
CATTATGCTTGTTGTG-1,-10.463153,0.8946886,-7.376705,2.448069,-4.184456,-1.1443014,-0.82234335,4.912904
CATTCACTGACAGCTA-1,-11.302385,2.2193174,7.871736,-3.9859264,-0.9009888,-3.3155904,-0.36841023,-1.4953145
CATTCAGGTCAGTGCG-1,-0.6411735,18.448975,6.916237,5.11092,6.60762,-2.4361353,-5.578038,3.989136
CATTCCCTAAGTACAA-1,7.890853,35.146236,-0.96212906,3.2383075,9.384191,-8.238584,-9.000564,3.9392025
CATTGCAAAGCATAAT-1,-11.829158,0.57905716,10.593082,-2.457508,-6.7867913,-3.9496005,-0.18226057,-2.7553873
CATTGCGAAATGGGCG-1,-10.017458,-7.198496,-5.2157393,4.8236084,4.103078,0.19006754,-1.9714913,4.216074
CATTGTGTGCTAGATC-1,8.39281,33.287807,-5.5688043,-3.4949725,3.3106992,-6.734759,-7.105291,-4.8365426
CATTTAGCGGACCATG-1,-12.519035,-7.7003293,-7.966634,-5.1334176,0.64545393,2.4873245,2.382251,1.803283
CATTTATCGTTCAAGA-1,-17.963108,-8.245547,6.9289412,-3.769593,-1.0366739,-5.7657213,-1.1200887,2.0300984
CATTTCTAGCAGACTA-1,-2.334766,16.584019,3.0661042,-4.7135897,1.3571343,-7.3479495,-5.281654,-3.0264528
CATTTGAGTGGTACGT-1,36.32844,-2.5888183,-1.1339445,-7.9876866,-7.7731814,-1.123621,3.4382217,2.6652467
CCAAACAGAACCCTCG-1,-17.939709,-12.25907,-8.329717,4.339846,1.7746354,-1.0899471,-0.6122805,8.164381
CCAAAGCAGTTGGTTG-1,11.325635,29.95852,2.5624948,13.68893,21.412054,-5.39464,-20.47926,-24.214863
CCAAATAACAAGATTC-1,-16.7934,-13.228613,20.967274,10.625931,-1.0335335,-4.575655,-1.1294491,3.5089056
CCAACCTTATGTAACT-1,38.845943,-20.779186,6.4157777,0.2756022,-0.101136535,5.8749566,-1.20617,0.6580993
CCAACGATGCACTGAT-1,-6.534325,0.48636037,-7.080811,4.0736904,0.20672773,3.2962751,-3.039313,2.6964407
CCAACGCTTGCCAGGG-1,-16.935019,-9.116167,12.150194,1.0835831,-0.85054624,-6.0667872,-2.6344922,-2.8930395
CCAAGAAAGTGGGCGA-1,22.790882,3.399143,0.7879028,-6.2655835,-14.06288,5.4587317,4.5464053,-5.6092935
CCAAGACTTCTGCGAA-1,-9.968638,2.6142144,-10.990365,-4.7755694,-2.8745596,-3.3751814,2.177539,1.3459542
CCAAGCGTAACTCGTA-1,-8.594729,-5.3011594,-6.5551667,7.5487237,-6.9136305,1.4224942,-0.9181644,-2.249266
CCAAGGAACAGAGAGG-1,-10.801121,1.111558,-0.08735234,-4.7893834,0.92164254,-4.5003796,-1.0447577,3.2305007
CCAATAGTGCCGTCGA-1,-10.13064,0.023267556,-8.227663,10.820003,-6.6651764,-3.9186409,-4.189158,2.0975072
CCAATCGGTAGATCGA-1,-8.583121,6.951209,-4.511473,-10.974285,2.4249299,-1.556978,2.9626598,0.2278436
CCAATGTCACAGCAAG-1,4.168996,7.7262354,-4.1694865,10.133128,-7.7322397,1.6593252,-5.352791,1.2551636
CCAATTACGGGTCGAG-1,-11.448025,-0.1781078,-1.0024141,-7.9116106,2.2931178,-3.7741702,1.9049425,-0.5755877
CCAATTGAATGTTAAT-1,-7.9172783,0.4525367,-6.2237473,-1.0798519,4.158893,-5.196304,0.82609093,5.7245183
CCACAATGTACGTCTT-1,-9.108325,-3.7784,-6.8732567,-3.305769,0.6662563,3.2412229,2.486873,2.6721203
CCACACTGAGATATTA-1,9.168664,-3.1178908,-2.6217005,9.583534,-6.8675385,0.73774177,-8.231904,2.8903706
CCACAGCTGAAATCAT-1,8.100538,28.942892,7.349355,-0.4317475,-3.202006,11.8101,10.827552,24.433685
CCACAGTACCCATCCT-1,-5.187776,2.7171988,-2.7458274,-7.1536455,3.844085,1.0328628,-1.71851,-3.0999
CCACATACTGCACCCA-1,3.2129579,9.343096,14.07842,6.6607447,1.6659127,9.025358,4.4461803,-0.25397483
CCACCAACTTTACTGT-1,38.032738,-7.7095666,-2.8140664,-7.7281737,-7.092439,-4.6804767,1.2498729,2.8381503
CCACCCAAGGAAAGTG-1,-10.810101,-8.378763,-2.941726,4.390452,-10.897577,1.5906997,0.34333825,-1.331942
CCACGAATTTAACCTC-1,-14.816294,-9.498326,8.051594,-1.171354,2.404756,0.46452686,-2.6907156,-2.0688548
CCACGAGAAGAGAATC-1,-7.6400757,-1.9503556,-5.9181,-5.3258386,1.0557066,0.85969824,2.7452424,2.520438
CCACGGAGCCATAAGA-1,29.629984,0.30426747,0.053189047,1.7770078,-8.543599,-5.672503,2.7981708,10.952296
CCACGGTGCCCGGTAG-1,-12.123798,-3.4180322,2.6169446,-1.6043144,5.7473154,2.700465,-1.0725222,-3.6835568
CCACTAAACTGAATCG-1,0.6449796,12.452215,8.122084,15.325448,17.100838,5.312166,-13.750918,-0.061773483
CCACTGGTGGCTGGTT-1,-6.997706,-2.7323122,-5.836014,11.503788,-1.3708167,0.18041271,-4.798736,4.3847704
CCACTGTTTGGATTAA-1,-12.9746065,-2.709579,10.401067,0.94900894,-0.6062115,-4.030858,-1.8357993,-1.1118058
CCAGAAAGCAACTCAT-1,46.291878,-9.261175,1.2991699,-9.920659,-3.5268815,-5.0119023,1.9804373,5.3785253
CCAGAGACAAAGCCGG-1,-5.3847213,4.7577667,1.3910306,-3.9359233,3.4688566,-2.862795,-0.43641552,-0.75482047
CCAGATAGTTGAGTGA-1,-9.775328,-2.9763672,-6.0981574,-5.6447535,-1.2085657,5.0173974,2.4183137,2.4130309
CCAGCCTGGACCAATA-1,6.3288846,1.8867811,-4.31686,3.9565275,-8.078308,2.164395,-1.5322338,-4.4267726
CCAGCTACGCCTCATA-1,5.0775814,23.539097,7.0361114,-4.447951,-4.477687,7.9715943,5.5653872,3.6247745
CCAGCTCGAACGCATT-1,-8.755022,-4.765982,-5.815515,4.925851,-3.2224467,5.344386,-0.45612696,-3.473119
CCAGCTGATGGTACTT-1,-12.624583,-6.887149,-7.06033,7.115858,4.745858,2.4736388,-3.8629363,6.0786495
CCAGCTTCCGCCCGCA-1,-5.13014,9.190505,-4.6176906,-3.252679,7.771411,4.3832483,-0.07759586,-2.1184046
CCAGGGACGTGGCCTC-1,-14.760689,-8.517375,-4.701618,10.927213,-5.2736635,-1.0110618,-1.2973932,4.311644
CCAGTAGTCTGATCCA-1,-15.718295,-9.982118,-1.5855205,-5.1569967,2.6740253,2.4370856,2.3562572,3.3786013
CCAGTCAAATCTCTTA-1,-9.411519,-4.892557,-6.7881055,14.600418,-0.21447025,-4.9335327,3.5446858,1.7457103
CCAGTCCATTATTCGA-1,9.010955,33.933575,-2.3414223,-0.05909031,7.7459793,-1.8437567,-2.7838724,7.155931
CCAGTCTAGACGGCGC-1,-12.284493,-6.5949945,-4.7528257,-4.821764,1.273591,4.176567,1.5280062,0.8327771
CCAGTCTTGTCATAGA-1,2.244534,7.5813494,-2.3115888,5.3602214,-2.5661259,4.4394107,-1.312986,-4.362961
CCATAAACAACCCGAC-1,-12.293126,-1.770846,-3.4521759,-9.166568,3.8853135,-1.8916615,1.5643564,2.561115
CCATACCTTTACTTGT-1,-12.806039,-3.90891,4.607972,-5.0092454,3.2202482,-0.43287733,1.1206639,-0.63921684
CCATAGGTTGGCGTGG-1,-9.884209,3.187841,-7.3190684,-5.8096113,-2.5098152,-1.8429419,1.3243599,2.784897
CCATAGTCAGTAACCC-1,-6.950318,9.077661,8.373513,0.7656106,-1.1492064,-11.318124,-8.185272,-3.2234147
CCATATGGAAACTATA-1,-14.561594,-11.007444,7.9216986,-0.6164444,4.9677486,0.75560784,-0.46822706,1.3796364
CCATATTGGATCATGA-1,9.555289,37.525814,-2.2694871,2.2194924,8.131298,-11.475142,-13.113813,-6.2755404
CCATCCATACCAAGTC-1,-12.207362,4.0239787,3.075841,-2.4711204,0.5302518,-6.7033434,-2.1038723,0.83772784
CCATCGCAGTTAAACT-1,0.7242487,-7.8040805,0.5759339,7.353015,-9.069814,6.5008273,2.2748735,-0.3329321
CCATCTCACCAGTGAA-1,-15.325166,-7.2068725,-3.9812086,-3.694139,6.8591123,1.7605283,-2.3723097,-2.5892
CCATCTTGTTCACAAT-1,6.186559,26.088898,8.495884,-6.5108156,-5.485991,8.206706,8.121695,9.045246
CCATGCCCTAGATTTC-1,-11.340192,-4.884731,4.2113705,-1.6726093,3.4911644,1.4804984,0.6027057,1.1253245
CCATGCCTGTTTAGTA-1,-7.089435,3.555326,-7.5875344,8.700165,-6.6434674,-1.8761873,-4.594853,1.640116
CCATGCTCTGCAGGAA-1,-12.214536,-4.5961995,-5.0171876,-1.1046925,5.8286285,-1.5245948,-0.47703916,4.334176
CCATGGCCCTTGTACC-1,-4.18674,-0.12488524,-5.0466785,3.8758326,8.060713,6.6616435,-1.6252655,1.7113553
CCATGTTCATCTATAT-1,39.31889,-7.50993,-0.517145,-4.094085,1.1637357,-1.0561553,-0.76746035,0.035242144
CCATTAGCGATAATCC-1,-5.292712,9.856131,-8.894328,2.3939915,-2.6842437,-3.473334,-3.6378057,1.9608096
CCATTCCCTGCCCACA-1,-8.375279,-2.1102705,-5.615697,8.296416,-3.0066073,-1.8126996,-1.349142,5.874495
CCATTTCTACCTATTA-1,-10.804043,-12.124639,-4.1379538,7.7319226,-1.6559888,7.2025585,2.4261656,-5.594121
CCCAAACATGCTGCTC-1,-13.260749,-11.332365,-4.4471025,-5.2087507,1.044613,2.8302927,3.8898158,1.8180043
CCCAACATACGTCGCG-1,19.846424,-2.6613717,-3.1225362,8.526559,-4.012115,-0.34200102,-8.492041,7.8493595
CCCAACCACACTAACA-1,-13.2835655,-1.9470382,3.4415483,-5.108623,-0.2062496,-5.6214104,-0.80129266,2.3733284
CCCAAGAATGCACGGT-1,-12.537008,-5.990736,10.623739,-0.9952159,-1.6131132,-0.5926024,-0.12654823,-2.1052973
CCCAAGACAGAGTATG-1,6.926388,31.74899,4.285519,-8.893733,-9.901544,1.0495808,4.7920947,1.8183225
CCCAATGAGATTTGCA-1,40.787086,-4.076,4.4451184,-5.83784,-2.7183774,4.237063,2.1497762,0.40910235
CCCAATTTCACAACTT-1,3.7243917,15.912624,-8.71624,9.308857,-2.7862506,-2.2213118,-5.9682865,2.7565417
CCCAGAGGAGGGCGTA-1,-9.709698,1.2761027,5.7847342,-1.9690557,0.68450755,-0.48072577,1.660731,-6.6654873
CCCAGGTCTGAAGGCT-1,-18.749798,-8.4349,13.142772,7.948819,-3.1205487,-5.6923127,-2.70392,0.123004526
CCCAGTAAACTTGGGA-1,34.899864,-1.8050896,-4.4084883,24.652845,29.389862,-20.313648,58.86146,-12.016038
CCCAGTTAAGGCGCCG-1,-17.335272,-15.45171,-4.256522,-0.75521994,1.9771949,3.2258356,2.1816092,2.1387894
CCCATATAGGTCGATT-1,-4.783955,1.5823576,5.450911,5.4545627,5.8962035,4.7744575,-4.5011244,-4.2005177
CCCGAAGTTTCGCGAA-1,3.0644805,-5.388956,-2.9656193,11.983746,-2.9983897,-5.0317397,6.2172093,4.943455
CCCGACCATAGTCCGC-1,-13.019254,-2.1866953,-8.081737,-3.2594635,-1.857142,-0.18544403,2.5628533,2.3886094
CCCGAGTTTCTCCGTA-1,-17.153683,-7.740101,9.193376,1.1489096,-0.3970481,-2.590208,1.4050567,0.87915236
CCCGCAGCGCGAACTA-1,-8.793711,-6.2808414,-2.6048765,6.378926,-7.310221,0.3860385,1.6580182,-1.7105994
CCCGCAGGGCCCAAAG-1,-11.095318,0.4572824,0.14893769,-6.494959,-1.9349006,-4.6701207,0.15668945,0.5394778
CCCGCCATGCTCCCGT-1,-11.678377,0.5423177,-3.71988,-2.0696747,6.156576,-5.585836,-0.75670403,3.9203682
CCCGCGCAATGCACCC-1,-3.6024659,14.382838,3.3981462,-5.077752,5.026877,-5.0805817,-3.875358,-3.244397
CCCGCTAGAGGGTTAA-1,-15.476569,-2.6531131,13.920544,1.2205819,-6.4023094,-5.025215,-0.5607694,-1.6925046
CCCGGCACGTGTCAGG-1,-0.9133197,9.224915,-0.6724503,-0.48267776,9.374557,6.2457395,-2.5447102,-17.364658
CCCGGGTCGTTCAGGG-1,1.2666447,-3.6567702,0.7856273,4.970836,-6.1619687,5.8229475,1.5826629,-6.8986435
CCCGGTGGAAGAACCT-1,0.1279431,12.409263,-1.037538,-6.8877125,6.133137,3.552786,0.53802025,-3.9236288
CCCGGTGTATCGGAAT-1,35.91936,1.1386553,-2.3123555,7.6664796,5.0910783,-7.7832584,8.223405,2.2321486
CCCGTAAGTCTAGGCC-1,-0.56324196,7.9788957,-5.257499,14.843833,-3.5917082,0.8257549,-6.396469,-0.39220646
CCCGTAGCTGGGAAGA-1,41.89171,-5.6407504,3.532249,-6.6086216,-2.9297588,1.0015646,0.6896885,0.47737753
CCCGTCAGCGTCTGAC-1,-14.631604,-3.7594316,-8.114733,0.6401837,-1.3551508,-1.1877816,1.8521241,6.5138745
CCCGTTTCGCAGATGT-1,-8.934441,0.9842247,7.9405313,-1.8584858,2.1322722,2.4638278,0.14593808,-3.320404
CCCTAGTGTCAGGTGT-1,7.052665,33.580162,-0.99639106,5.283338,11.232564,-0.7993211,-4.1901283,11.05249
CCCTATGTAGAGCAGA-1,54.521683,-6.238735,-1.6575216,-6.2888203,3.2288017,-8.403962,-7.3751483,1.4365606
CCCTCATTCTGGAATT-1,-13.293945,-1.3828741,-0.8730466,-2.0207489,4.212462,-7.700942,-2.4679024,6.627314
CCCTCCTCGCTCGTAT-1,-12.445597,-2.7538476,9.385628,-0.87954706,0.8119405,-1.7136359,-0.09576376,1.5607423
CCCTCGGGAGCCTTGT-1,3.5932264,18.106544,8.048797,-1.8948214,-7.966905,2.9214284,3.8905926,1.2282132
CCCTGAAATGAGTTGA-1,-4.0357633,12.1934805,-10.333386,0.1328123,-1.7377445,-1.3054359,-2.2381172,0.8073389
CCCTGACTAACAAATT-1,-9.255102,0.6518919,-10.915565,4.337884,2.9181528,-1.5288439,-2.4767292,1.3298324
CCCTGATGTAACTCGT-1,5.471057,31.392555,0.97101593,3.9828618,8.212584,-15.610442,-9.748404,-3.6089597
CCCTGCCCAATCCGCT-1,-7.3630066,5.273787,-11.103378,6.637658,-2.7516131,-4.5926466,-3.207174,0.7524728
CCCTGCGCTACGCATA-1,-9.916418,-1.29855,-10.995909,4.98464,2.5401323,3.0709639,-3.1411545,1.0095155
CCCTGGTATGGGCGGC-1,-12.881348,-1.3023784,3.5050716,-4.3645825,0.5152361,-2.2311537,-1.9469534,0.8461534
CCCTGTTGGCAAAGAC-1,10.097325,36.64977,-2.5078573,3.52192,14.136878,-15.335046,-20.150232,-12.39144
CCCTTCTCGTACGCGA-1,-1.4212577,15.342053,6.3785896,1.8877739,7.2950397,4.454608,-4.230355,7.5181956
CCCTTTAATGGAGTTC-1,-9.796758,-3.8033862,13.327094,13.691587,-0.013683831,-1.2504569,-6.225956,-2.6251068
CCCTTTGACAGGTCTT-1,15.317896,9.161744,-1.227098,-4.6216135,-11.05712,4.974399,4.009863,-2.8397298
CCGAAAGTGGTGAGCA-1,-6.6070247,8.888429,4.970828,-2.3249846,1.5847008,-4.8280425,-2.1650307,-0.92427504
CCGAACACTGGGCCTC-1,4.1552114,19.598267,-9.107687,16.254883,-2.5189314,-16.590757,7.45992,6.0373387
CCGAACCTTCCCGGCC-1,-11.833879,-6.060123,-4.0005107,5.446421,-5.2801175,3.71659,3.3824542,-1.4568539
CCGAAGTATATTGTTC-1,-0.30559903,18.29768,-1.414607,-6.0731153,1.0980239,-4.438891,-1.8157057,-1.6769507
CCGACAAACACATGAG-1,-2.6791003,11.066302,4.201495,-0.44640443,4.979182,-2.0457325,-4.9402423,-4.2246304
CCGACAAAGGGAGTGC-1,-7.3536253,-6.1475353,-4.5797133,5.5777473,3.4525208,5.6849265,-1.7385104,2.9310718
CCGACAATAGGCCGCC-1,-8.183089,-4.002273,15.379042,10.969628,-1.848503,2.7644408,-1.9601809,0.50538003
CCGACGGGCATGAGGT-1,45.87244,-11.798055,5.058346,0.95538545,4.168909,-2.3656585,-2.642771,5.490397
CCGACGTAAACACAAC-1,-12.428709,0.29159844,2.737711,-2.875238,-0.65322345,-0.033388197,2.135289,-2.8066444
CCGACTCGCATAGTCT-1,-13.862353,-0.14586763,8.725894,-2.4039085,-1.7716501,-5.8716516,-1.9708921,-1.0902792
CCGAGAAGTCGCATAA-1,-8.99219,-5.490363,14.764402,2.7982295,-2.2295303,3.4444785,3.385497,-2.0736709
CCGAGCTGTGCTTGTC-1,-2.1752024,9.975225,8.094245,-2.97465,-1.9504519,-0.23291482,1.1295084,-6.0234075
CCGAGGGATGTTAGGC-1,-13.389718,5.8769674,1.99334,-3.8688936,-3.444958,-6.6823196,-1.9965487,-0.49307358
CCGATCTCAACCTTAT-1,-17.379553,-10.504778,0.6508535,-2.0922215,6.7886763,0.5855135,-3.6762483,-1.8678341
CCGATTCGAGGGACCC-1,-5.030246,-4.5271144,-6.436216,11.113369,1.4042437,1.8717327,-0.93165433,0.7161575
CCGATTGGTCAATGAA-1,1.9322945,15.081785,14.414954,-3.6156206,-4.320983,6.614585,6.5210896,-5.254104
CCGCACAAAGACCAAC-1,-5.985799,-5.01802,-1.0059358,2.2832494,-9.531907,4.860407,3.4450777,-2.0657873
CCGCACGTGACCTCGG-1,-6.6136727,3.3096976,-5.614867,0.7287735,9.309662,1.9102359,-5.2982154,-1.1463164
CCGCATGTGGTACGAT-1,-3.9827921,2.9040618,-4.4880877,6.004664,-3.5204902,2.314711,1.8639817,-10.237721
CCGCCACCACAATCCA-1,-13.644174,-0.830378,9.557273,-2.2187212,-3.5152004,-7.783239,0.39941716,-1.9097744
CCGCCGGAACTTCTCG-1,35.929077,3.4488244,-2.756498,15.517265,25.41304,-7.791304,11.394988,-10.817896
CCGCCGGTCAACACAC-1,-12.399496,0.21665661,-0.79275465,-4.449673,0.85508287,-4.9649253,-1.2449661,3.9437525
CCGCCGTTGAGGATAA-1,-9.368041,2.904566,11.889093,1.479183,-3.3784542,0.9705733,0.020285718,-4.7792387
CCGCCTGCGAATTGGT-1,-8.502936,4.141251,2.0456262,-5.9460382,1.8071243,-2.4639442,1.3864361,-2.1879423
CCGCGATTTGGTAGGT-1,1.4099107,7.0260067,-9.632442,-1.0449853,-2.9149277,-0.93794656,0.7306293,-1.7992042
CCGCGGAATGCGTCAC-1,34.39826,-0.6198595,5.0964603,-5.1421742,-8.575108,5.616362,6.124927,-0.3177628
CCGCGGGTACGAAGAA-1,-9.396899,-2.3986995,-8.667565,6.9655023,4.062463,4.0239778,-2.593004,2.5448074
CCGCGTAGGTAAGGGC-1,-2.4593256,16.883795,-9.104843,-5.929793,5.5129495,-1.4854476,-1.02627,-3.1007128
CCGCTATCAGCACCAG-1,4.33895,11.96066,-7.909803,1.3801571,-7.2353725,1.3419629,-1.1141973,-6.1401105
CCGCTCTTCCGAACTA-1,-11.467024,-3.2107902,6.2733874,2.9168875,1.308733,-0.31766725,-2.7030766,-2.3891401
CCGCTGGTGCCATTCA-1,-11.335857,0.8380415,4.747012,-8.584036,-0.040687192,-3.0411704,-0.94777083,0.31145266
CCGCTTACCTCACTCT-1,35.32285,-1.6640931,2.226402,-0.5427925,-5.800783,1.5364239,1.798975,8.976607
CCGCTTCGCGGTTAAC-1,5.657408,19.763653,6.966805,-1.0598223,7.959111,13.166774,-1.0072333,5.958372
CCGCTTGCTGACATGG-1,-15.540739,-8.843995,14.122709,1.0286455,-4.3788543,-4.0962462,0.0502992,0.45246372
CCGGAATGGTTTCAGT-1,-2.8903573,17.461988,-7.508101,-3.0403569,1.0261388,-4.1303144,-1.9107062,-0.69080764
CCGGAGCGTACTTTCT-1,14.8774185,7.4165936,-2.9380906,-5.1458592,-12.088556,4.842631,2.8292792,-3.874872
CCGGCACGACCGTTTC-1,-13.978157,-8.142681,8.025413,0.98727864,3.28303,-0.69905066,-2.7676065,-1.668765
CCGGCGCATATTGGAT-1,-7.259124,10.616001,-3.7460487,-7.6594844,0.2950348,-6.8735466,1.478035,6.7053447
CCGGCGTGAGACTCTG-1,8.448966,-5.561638,-1.8016932,11.179627,-5.924005,-5.737999,3.607946,3.1947489
CCGGGACCCGCAGAGA-1,-15.66416,-5.574027,-4.402403,-4.8773737,4.853541,-4.259582,-1.2868227,8.374307
CCGGGCGGTCTCGTCA-1,-13.894203,-9.880476,-6.2303176,2.7160718,-5.547784,2.7339585,-0.8278643,-0.6151985
CCGGGCTAAGAATTTC-1,39.030006,0.18866722,-0.34809583,-1.1242639,7.3244987,2.9750745,-7.056671,-2.173009
CCGGGCTGCTCCATAC-1,-11.6484,-6.441817,-7.5006795,-5.8230076,-2.2562637,4.1477723,3.703158,-1.0312862
CCGGGTTCGAGGTTAC-1,-1.4589767,2.5114667,-6.280816,11.944861,1.8949594,-1.7467203,-6.4259353,4.9643874
CCGGTAATGGCTAGTC-1,-12.597605,-5.583032,12.877984,3.6406589,1.3102382,-2.1859674,-0.15209511,-4.0759287
CCGGTTTGTAATTGTG-1,29.565428,-4.8472753,-3.3872347,-9.51328,-4.591631,-3.4316003,0.8038145,2.7254045
CCGTAAGTTGGTCCCA-1,-12.5101595,-5.424218,-6.9509144,0.0644348,-5.715929,1.6414299,0.70629376,-1.5722563
CCGTACCCAAGCGCCA-1,-6.9310274,5.8104806,13.52504,0.91224974,-4.269278,1.132139,4.4785724,6.1672683
CCGTAGGAAATCCCTG-1,-13.110716,-7.3081913,6.9721575,1.8708009,4.2371106,1.1836262,-2.7368562,0.027064571
CCGTAGGGTTGTTTAC-1,-13.974534,-5.9851346,10.390313,3.652153,-0.7806494,-2.111124,-1.903228,0.5771896
CCGTATCTCGTCGTAG-1,46.048706,-5.0865726,-2.3162775,-2.410138,-0.6445858,-9.423492,-2.50726,1.5752815
CCGTATTAGCGCAGTT-1,-6.927101,3.051218,13.4707775,-1.3796189,-3.215482,1.4695139,2.925882,-5.2717214
CCGTCAACCTCTGGCG-1,38.611828,-1.3336535,-3.2287188,-2.3624816,3.0047746,-2.1695323,-6.505564,0.037419435
CCGTGCCCATGACGGC-1,-11.557476,7.285297,4.1621327,-1.3827332,-3.3993523,-8.558943,-0.96683633,2.401087
CCGTGGAACGATCCAA-1,-11.73025,1.0649985,4.680926,-5.178976,-2.3496206,-1.0252175,1.501677,-1.8915538
CCGTGTTAAATTCCAT-1,33.439007,17.524038,-4.477909,-7.6830893,-6.699625,-2.8428376,2.7015948,3.5987005
CCGTTACGTTAGAACA-1,-10.912489,0.9356924,-8.858437,-11.161249,2.277078,-0.857433,1.4104475,-0.87247926
CCGTTCCGAATCTCGG-1,-2.2592452,8.036195,-7.959712,13.442077,-5.066834,-1.7591447,-3.696035,6.180315
CCTAAACAGGGTCCGT-1,0.7363805,13.245127,9.464405,-0.7504536,-0.8255654,10.955688,1.729462,2.1064763
CCTAAAGGCTGACGCT-1,-9.527772,0.27106166,-3.4689095,-9.564442,4.41977,-4.2292647,2.326288,1.7881105
CCTAAATTAACGGTTC-1,-2.0789342,9.9198885,-7.7631526,0.5780573,-12.573548,0.09431877,2.846451,-5.224496
CCTAAATTGTATCCTA-1,-15.509233,-2.4522896,14.634579,7.3531322,-0.9862166,-4.092702,-0.8818486,1.0181009
CCTAACCCAAACAAGT-1,-11.500635,-5.918032,-3.6711328,-4.5338826,3.8702633,3.5628307,0.25869745,-0.7844684
CCTAACTAAGGCTCTA-1,-9.034325,2.5557382,-5.4285774,-13.035804,3.3280315,-1.4544122,3.0996597,-1.6248584
CCTAAGTGTCTAACCG-1,2.8722572,27.279034,-0.71255755,-3.0410948,0.325262,-3.8215804,-0.8260709,2.6779358
CCTACAAGTCCGGAAT-1,1.0425262,13.418138,9.539424,-3.5453312,2.41458,2.4972377,3.8935142,-8.125518
CCTACATTCACAGACG-1,44.2263,-5.0688105,0.26003563,-6.9135203,-2.5649984,-5.3774257,2.1673312,7.799729
CCTACGCGACCTTACA-1,-14.923565,-1.4336149,6.1817346,-4.1631308,-2.2940986,-3.334016,0.3123834,-0.12611206
CCTACGGCTCAGTCGA-1,-12.1830635,-2.1755455,3.1373136,-2.189083,1.7880447,-4.3952584,0.87760574,1.9267426
CCTACTGCTTACACTT-1,-10.952139,-1.8861109,-7.168787,1.1762003,1.8671137,0.9694906,-1.6974732,4.8134446
CCTAGGCGTAGCGATC-1,-8.050811,-7.4665046,-4.0874963,-4.559593,-0.78910357,4.31687,3.3151538,-1.0064178
CCTAGGTAAAGGTAGC-1,30.701033,-0.28380197,-5.719428,17.520699,19.803078,-13.013967,34.04044,-5.645589
CCTAGTTAGTCGCATG-1,-6.217638,6.115665,-1.8259914,-6.937733,0.9114382,-3.1606123,1.8008475,0.4167193
CCTATAATGAGTGCCC-1,-10.097933,-10.22172,-3.456712,0.057009034,5.3850274,9.002423,1.7694848,-1.2314856
CCTATACCGTCCTGTC-1,27.550802,-14.932912,4.266006,-0.6883301,-5.7276154,5.2042327,4.2675147,4.5066643
CCTATATCGTGTCACG-1,52.430862,-8.36803,-2.5140657,-3.8765786,4.1236444,-7.6152644,-5.056783,-1.9611785
CCTATATTTGTCCTGG-1,13.14363,4.3194995,-1.5051646,-1.8514607,-12.285224,6.6319346,2.802136,-4.0865197
CCTATCTATATCGGAA-1,-9.720774,0.4509012,-7.808202,-6.890644,1.5342287,-1.9479655,2.4970531,2.2414773
CCTATGAAGTGGTGCC-1,-12.231423,-5.5711975,9.585253,1.8114305,3.2443345,1.7026973,-3.458513,-4.279251
CCTATGGCTCCTAGTG-1,26.042614,-15.004442,0.56391025,7.4705067,-2.2623231,1.8568442,-3.214949,1.2762464
CCTATGGGTTACCGTC-1,-8.135354,0.59225684,-5.872836,0.68890923,-7.0694633,1.8270185,1.6151624,0.7523731
CCTATGGTCAAAGCTG-1,-2.8287,-10.471416,0.2967086,5.475366,-2.4465811,9.563839,2.725151,-3.2257707
CCTATGTCCACTCCAC-1,-15.282418,-12.25804,2.2157755,-0.30215484,7.4318323,1.3485845,-1.1127609,0.8200369
CCTCACCAATCTTGAC-1,-11.86257,7.0175614,-3.7570508,-2.5122042,3.0103846,-8.118958,0.26559705,1.7817352
CCTCACCTGAGGGAGC-1,-11.556507,1.5522676,1.029411,-8.181628,0.82177955,0.73934543,0.98638344,-0.31339785
CCTCACCTTAGCATCG-1,-12.172604,-3.9270256,0.3385785,-4.9912906,1.8591378,2.010863,3.2022848,1.6225088
CCTCATGCAGCTACGA-1,3.0349221,22.271275,11.75276,-2.5180056,-5.545132,14.26559,9.59872,20.810768
CCTCCCGACAATCCCT-1,-8.535555,9.26441,-0.2575275,-10.05014,-0.29200962,-6.8148704,-1.5074286,1.6846719
CCTCCGACAATTCAAG-1,-4.3474264,2.5487282,-8.695582,3.0575502,-0.19618142,2.3055577,-4.1635633,5.283694
CCTCCTAGCTAGAGTC-1,52.012684,-13.827562,3.5677574,-1.2428344,7.8922687,-0.5316987,-4.9607444,3.1686707
CCTCCTGTTGTGTCGT-1,-8.269401,-3.4975898,5.8781896,-1.0961958,3.9904704,2.3492742,-1.9628261,-1.8815657
CCTCGAAGTGGACGGG-1,-6.8012753,-2.7781935,-2.0769145,-3.557819,-1.3065122,-1.7921648,1.2449219,2.6735613
CCTCGACCCACTGCCT-1,-8.0731535,3.5208752,9.6935835,-1.9619062,-2.8984306,0.23385487,0.41241106,-2.2727153
CCTCGCCAGCAAATTA-1,-9.961459,-2.0480833,-7.009833,-5.8885736,-0.17806293,-1.0805502,4.133652,5.1000686
CCTCGCGCGATATAGG-1,-12.581864,-5.2062545,-0.33669877,-8.186363,3.0897467,0.0039014805,2.0118735,-0.6576969
CCTCGCGCTGTGCGAT-1,7.6918254,4.690415,-0.05743754,1.5026438,-8.559268,7.1380787,3.6694784,-4.063335
CCTCGGACCGGGATAG-1,-11.967132,-11.240934,-4.615736,-2.924571,0.27465224,5.3115997,2.5269864,0.6059367
CCTCGGATGCTACCTG-1,-8.897316,7.708251,-10.096481,-6.482239,8.291173,-5.0202355,-0.68205726,-1.4613985
CCTCGGTTTCCTTGCC-1,32.593742,2.379181,0.49829003,3.054363,-0.8423034,12.269503,-6.8580294,-11.197674
CCTCTAATCTGCCAAG-1,-5.895539,-6.6095376,-6.3983445,-4.2778707,-1.9802111,0.59420687,1.06402,1.8287238
CCTCTACAAGGATTGG-1,46.82665,-15.601638,4.628842,-3.148533,3.0362115,3.745539,-0.88288987,3.2139
CCTCTATCGATTAGCA-1,41.591278,-7.88034,0.39552724,-0.74540156,-2.6342096,-5.106657,0.40952292,5.246897
CCTCTCTCCCATCTAG-1,-11.051602,-5.988114,-6.9492774,10.556444,-3.7109473,-0.8813493,-4.7958784,2.306137
CCTCTGGCCTAGACGG-1,-9.790752,-0.7732108,-6.242843,-11.47722,2.2513905,-1.6988606,2.3328834,2.7322745
CCTCTGTACTATTCTA-1,3.822506,8.816621,-3.9521105,5.0585537,-8.889767,5.273984,2.516404,-9.525805
CCTGAACGATATATTC-1,-9.772206,-1.3597337,-7.8625603,-5.2425723,-3.8717692,3.0858848,1.1238381,-1.1476524
CCTGAATATTTACATA-1,-12.78977,-6.9146366,-10.127593,-3.0765207,-2.18515,-1.9377276,-0.58254516,0.5475517
CCTGACCACCGATGGT-1,16.174704,23.600536,-8.104077,0.29549304,-6.621688,1.8483639,0.24944301,-6.916318
CCTGACGCAACCTTTA-1,-12.904428,2.926844,6.207063,-4.6040792,-4.911046,-5.849315,-0.24664485,-3.0444114
CCTGCGTTCTACGCTT-1,-6.9757485,8.963503,-8.683326,-2.811247,8.55317,-1.6047537,0.51974034,-2.46013
CCTGCTATTTGAGAAG-1,-13.477931,-0.62975484,-10.58153,4.645033,-3.1978126,-1.9737731,-0.95973635,3.6377792
CCTGGAAACGTTCTGC-1,-11.593809,-3.600115,11.793379,-1.2441635,-0.68593746,1.1449392,0.63522905,-3.1481552
CCTGGCTAGACCCGCC-1,-4.480189,15.4323,-10.732187,0.53733045,-1.3438939,-1.8056207,-0.4850645,0.6839713
CCTGGTCGAATGTGGG-1,-5.908996,-4.6419806,-5.211385,3.7755163,-1.822294,10.239465,3.9118826,-7.835171
CCTGTAAGACATGATA-1,5.5776467,7.099588,-6.209382,11.627434,-3.8844163,0.15634689,-10.9704,6.780158
CCTGTACTCACGCCCA-1,-3.8180747,7.5564694,-9.359676,8.0859785,-2.5967765,-2.3735368,-6.2797346,0.9033286
CCTGTCACCCGGGCTC-1,-12.886224,-6.462671,-4.663399,7.671242,-6.276361,0.1669082,0.58369106,1.2140518
CCTGTCCCTCACGTTA-1,-12.886233,-4.564759,13.646554,3.8019953,1.5594015,-1.6055156,-1.8003358,-2.1225939
CCTGTCGCCCGTAAAT-1,-3.5746782,2.0965095,-3.483653,6.7857423,-6.0504107,-0.9930722,-5.2973924,-1.9720446
CCTGTGCATAGGAGAC-1,1.6355861,15.789103,8.684614,13.9745245,17.530588,6.875316,-12.867555,-2.3646057
CCTGTGCGGATTGTAA-1,1.7060469,21.837685,11.45859,-7.0539513,-9.144473,3.064593,8.150567,-6.0691824
CCTGTTTGAAGACACG-1,-13.771224,-8.55002,2.7662377,-1.2070903,3.2992995,-0.20075308,0.5525627,0.25567865
CCTTCAGTTAAAGTGA-1,21.156286,-17.519133,-0.7847359,3.09997,-10.849173,1.1441585,2.8711019,-0.61486775
CCTTCGTATAGAATCC-1,10.172345,2.067252,0.19176011,0.26343498,-3.2218437,7.1555867,3.6243944,-7.402028
CCTTCTCAGCGTTCCT-1,2.1354368,14.404576,-11.036664,13.486693,-1.3783983,-8.742619,7.064335,3.8595562
CCTTCTTGATCCAGTG-1,-12.685652,-4.404809,-8.705207,-3.1721582,-2.0074158,0.57149684,0.14331734,1.2160683
CCTTGACCACTTTATT-1,-15.084245,-8.728558,11.077544,4.0952873,-1.318403,-4.0180717,-2.1844587,-0.15017845
CCTTTAAGGGAGCACT-1,24.986856,5.842911,-6.133521,-9.373537,-11.580322,-0.4374358,1.5835328,-3.4565873
CCTTTCAATGAAGAAA-1,-15.382724,-4.2295837,-4.266292,-9.230811,1.796877,-1.7267697,0.94165415,1.3048863
CCTTTGAATTATGGCT-1,48.749367,5.5348525,-1.5070511,-5.647168,4.8489,-4.3349786,-3.2642787,-5.142186
CGAAACATAGATGGCA-1,-14.382187,-1.181789,-4.4683127,-9.323883,0.9449532,-4.439431,0.16965073,2.4850051
CGAAACGCAATTCATG-1,7.4345617,12.462443,-7.2395754,18.061045,-0.45693538,4.8887825,-19.357775,4.632499
CGAACAGTATGGGCGT-1,-15.550881,-8.449724,0.68238133,-3.091663,5.7953687,0.47481993,-1.3433708,-0.48197222
CGAACCCGCATGCGTC-1,18.633537,-6.152089,-0.18670784,-2.5644767,-8.252608,5.4394064,2.1789596,-2.4284341
CGAACGCCCAGTGCCG-1,-5.5668674,14.59315,-10.54532,-10.257794,-2.6836903,-5.6894894,0.9847973,-0.8879886
CGAACGGCCGGACAAC-1,11.103643,-4.0076156,-1.6628311,12.73191,-4.215623,-5.667732,6.70781,6.798966
CGAAGACTGCCCGGGA-1,0.031450804,8.890811,9.030689,4.83611,5.2474256,10.184446,1.7213668,7.0543013
CGAAGCTATAAATTCA-1,-8.79661,-2.273961,11.9738655,-2.5802424,-0.7221045,-0.07381506,0.31614116,-3.2735715
CGAAGGGTTTCAGATT-1,50.423035,-9.999869,0.8222694,-6.043168,2.0712562,3.6811519,-5.11218,4.733682
CGAAGTTGCTCTGTGT-1,-4.7100706,4.592363,-7.2426186,6.06843,1.1649973,1.7117251,-3.6017096,-0.38528293
CGAATCTGCTCGACGC-1,27.44804,-11.632922,3.7337673,4.171012,1.0626545,-1.3268337,-6.412296,-3.6511269
CGAATGAAGTCATTGC-1,51.47673,-6.8014617,-0.78153586,-6.931733,3.2700858,-4.210973,-7.203481,0.45966733
CGAATGACGCATAATG-1,2.429495,0.06047552,0.41489446,4.381433,-6.559838,9.332465,3.828668,-5.988696
CGAATTACATGGTGTT-1,-14.951898,-7.3007174,16.866577,2.19847,-5.4145017,-3.729381,-1.2875836,-1.2591304
CGACAATTTGATCTAA-1,-14.681283,-8.852797,-0.10221331,-3.474211,5.9749365,3.1497195,0.00044731656,0.44993773
CGACACGCTCCGACAG-1,-11.197096,-10.737746,-2.2439811,-5.2368083,5.3227587,0.18179096,0.950118,-0.050810836
CGACAGTTCGCGTTAT-1,4.33538,18.360144,-5.4317746,11.271077,-2.9480743,-3.0262165,-11.114255,1.0210114
CGACATGCGATCTTCT-1,-14.45734,-0.19923559,4.863452,-2.5030735,-1.2058877,-7.25204,0.72478724,2.1778243
CGACCCTTAACGCCGG-1,13.310423,-1.6212343,-3.065216,8.606486,-4.8723397,-4.964264,3.9102104,0.25313434
CGACGCATCCGTACCT-1,25.990929,5.3718934,-3.4975946,13.596226,3.9533577,-7.372728,19.15104,-1.9631671
CGACTCAGGATGTTAT-1,-14.212424,-1.9742134,-7.030127,-6.984308,0.62682945,0.20543274,1.8787304,-0.57450336
CGACTTTGTATAGCCT-1,-15.11365,-10.197461,7.935115,0.21127762,2.4446502,-2.781632,-0.2718641,-0.16713344
CGAGACCCTAGAGTGT-1,12.408169,14.888045,-6.4768515,4.092293,-8.261098,2.2795877,-5.379061,-8.624662
CGAGAGATGTGAACCT-1,-13.995122,-7.126873,-6.6026926,4.770938,-7.3229456,1.3576196,1.5765293,1.688909
CGAGAGCGCGTAGATA-1,1.3927748,10.881068,-5.069503,10.804431,-2.2456381,-7.898503,5.0773854,-3.00501
CGAGAGCTTTCACTAC-1,-13.438772,-7.7492385,0.42949808,-1.3131149,6.176267,2.1176116,0.99986935,-0.37845147
CGAGAGGGTAGCCGCG-1,-12.9671335,-6.876146,11.617084,1.579193,0.73627675,0.21834643,-0.8045622,-0.6683721
CGAGATGTTGCCTATA-1,0.4588157,16.071768,3.1548345,1.6566721,2.561085,2.4114945,0.72716105,3.830538
CGAGATTTCGCTCGGG-1,-15.509209,-8.53049,14.564437,4.2332444,-0.7389309,-0.71037203,-1.7955815,-1.6385068
CGAGCACTTCAAGTTT-1,0.38932195,10.318675,-1.661458,-4.835856,5.149056,-2.6115298,0.22695453,-0.85293335
CGAGCGTTGATCAGCC-1,-13.198441,2.4190738,6.4549074,-0.71919435,-1.6197718,-5.9970994,-1.5685283,4.9313636
CGAGCTGGGCTTTAGG-1,-15.728416,-8.74783,-4.309624,-0.8323036,1.2390542,-2.186943,2.2336228,2.7811742
CGAGGCCAGGCATTGG-1,-3.5781257,19.947092,1.9788483,2.8490877,2.740461,-10.42456,-4.155143,1.8734134
CGAGGCTAAATATGGC-1,-7.0500736,-1.9055357,-5.326623,2.575912,-5.205035,1.0984478,1.1018373,-0.6014121
CGAGGGACTGCGGTCG-1,-10.872966,-9.102715,-7.8312078,-2.8245654,-4.1788855,3.0950143,2.6682062,-0.13660175
CGAGGGTATCCAGGTG-1,-1.4004865,-7.0292377,-5.214954,1.7552234,-6.10301,1.1484275,0.7655014,-3.594575
CGAGTACTAAAGAGGA-1,22.44904,-7.271045,1.3560535,10.929792,-1.0105959,0.71640855,-5.0137763,5.201787
CGAGTGAAGGTACCAG-1,26.689434,-7.430243,0.45985827,3.8791049,3.7166066,3.018101,-1.0483501,2.559656
CGAGTGCTATAGTTCG-1,-0.8335553,12.716128,14.076879,-0.14057761,-5.982558,6.6594687,5.5173726,5.6033797
CGAGTTCTGTCCCACC-1,-13.359099,-8.142905,-8.774956,-2.7095425,-2.5262866,2.424638,1.2959312,2.551254
CGAGTTTATCGGACTG-1,-9.942366,0.153212,-6.1549544,-7.3092813,-0.10708121,0.99969304,1.6752018,-2.5157182
CGATAATACTCAGGTT-1,-13.36242,-6.5182233,18.632086,4.4877167,-2.3050315,0.5073656,-2.6690073,-4.968361
CGATACCTCGCGGACA-1,17.034542,0.46284333,-2.413237,5.9756055,-6.8890505,-0.7653013,-4.40116,2.292513
CGATAGCGATACAGTG-1,48.355106,-9.554798,1.9461559,-1.6823133,9.522707,-2.0347967,-8.716199,1.8244047
CGATAGTCGTACTGCA-1,-13.032264,-2.7512171,-2.4454002,-2.667512,4.9820905,0.5776044,-1.0616938,-1.3637909
CGATATTAGCCGCAGG-1,11.567861,34.89178,8.497082,-1.5848154,-2.3854704,21.125708,17.761784,25.212948
CGATCCGACCCAGTGC-1,0.17312023,0.4659358,-3.484162,11.895377,-6.193299,0.70502454,-5.623904,3.2806365
CGATCCTCGCAACATA-1,41.10014,-14.454385,4.5514593,-3.5203228,-1.9754227,2.9295847,-2.6289785,-0.5639874
CGATCTGTTGGAGGAC-1,27.095402,4.266573,-4.51293,3.1984165,-7.9808936,-8.037304,-0.4038728,4.677752
CGATGGACCCTACGCC-1,-10.358029,0.7699898,-1.8951572,-10.481022,3.1425323,0.16770661,0.9532911,1.6186337
CGATGTTGTTATCTAC-1,40.48068,-2.5373852,1.0636007,-0.32815206,9.565247,-4.762359,-6.32728,-2.7453895
CGATTAAATATCTCCT-1,0.97013515,9.649454,-7.868985,2.318512,-9.989341,2.3305502,3.1285524,-7.2498865
CGATTCGCCTGGCTGC-1,-8.606734,-4.050633,-9.892184,1.7994338,0.6166756,9.5066,1.665164,-5.376246
CGCAAACACGAGTTAC-1,-0.6924749,6.956351,-9.6932335,7.0270295,2.4579282,3.8979502,-2.1639452,3.2261736
CGCAATTACTTTCGGT-1,-13.215881,-5.4790807,-7.7971635,-1.8927648,5.841858,-1.7318349,-0.22018301,1.9615276
CGCAATTAGGGTAATA-1,-5.415846,7.7129254,-9.019343,1.6693511,0.2891279,-0.44556537,-0.56542015,2.5168195
CGCAATTCTACAATAA-1,-0.9572949,14.947868,-9.548722,-4.5562444,7.4691243,1.3106135,-1.7797012,-4.6306233
CGCACATGTCCACTAC-1,-9.414028,-3.9523516,-3.905722,-4.2629404,0.6042611,5.467406,2.117027,0.6560126
CGCACGTCTGTTTATG-1,29.302736,-14.458274,-2.1381922,-0.45433646,-0.2468379,1.8632123,-2.8884149,0.34535217
CGCACGTGCGCTATCA-1,-11.649023,-7.603492,-0.06949387,-3.8219483,5.280202,1.9137434,-0.16845787,-2.947872
CGCAGAAACATTTGCG-1,-15.883054,-2.9249852,6.853283,-1.6492434,-2.2424717,-8.450143,-2.3351235,2.3072581
CGCAGATCTTCACCCG-1,-16.584217,-6.4545245,15.832409,1.4416114,-2.8837311,-2.7841187,-1.5317062,-3.235769
CGCAGGCGATCCAAAC-1,-14.600192,-7.2177773,7.4450974,0.3558487,2.354233,0.0063477242,-0.95723933,0.9232262
CGCATCATGGCTTCAG-1,-8.973579,5.125853,2.2201943,-8.542805,-0.9734748,-0.5634583,0.90382147,-4.8274035
CGCATGGTGCGATGCT-1,-4.2500925,2.1454477,-3.3307464,2.6059206,-10.826012,0.024213733,1.0911068,-5.0227394
CGCATTAGCTAATAGG-1,-6.903723,4.104076,-6.965574,4.5972157,-0.9362111,1.6523203,-1.7784445,0.51446825
CGCCAAGAAGCCGAGT-1,-2.3677456,3.9156575,-5.985628,2.4965549,-1.2490463,-1.419548,1.8099749,3.3354552
CGCCACAGGTCGCGAT-1,23.399155,0.27987975,-7.7661967,8.433051,2.5902607,-7.599721,10.75274,-2.8600447
CGCCACCCGCATTAAC-1,0.74141747,18.35127,4.7087855,10.472887,14.980879,-0.5689756,-6.8357596,0.32097903
CGCCATCCGATTATGA-1,-11.108513,-5.512276,-7.258349,-4.5344167,-1.549017,-0.746212,2.4643958,2.3937018
CGCCCAGCACGCCTAG-1,19.584759,10.164191,-1.967079,-7.4330196,-9.627488,2.875977,4.1557384,-5.9083686
CGCCCAGCGTTTCACG-1,-11.03332,-3.2978346,-0.06935407,-1.0375019,6.6271415,0.39106733,-0.06961915,-1.4514229
CGCCCGCTTCCGTACA-1,-9.4287815,-1.0885746,-6.782951,-8.276718,0.1328058,-0.065339714,3.3531659,0.96192
CGCCCTAATTGTTCAA-1,43.760326,-8.941534,-0.38200215,-1.6962,7.2198114,0.8272223,-6.991655,3.569894
CGCCCTTACATCCACC-1,4.7710967,15.439819,14.819038,-3.1189175,-5.343424,9.690111,8.577424,-1.9774516
CGCCCTTGAAGGCTGA-1,-4.339087,20.328735,-4.009205,-9.550129,-0.48243248,-3.8937075,1.8750254,-3.2850795
CGCCGCCCATGCCTGT-1,-15.808064,-14.4239855,-9.523066,-0.46931458,0.49669126,3.486265,0.9656744,1.5568093
CGCCGCGTTCTGAACG-1,25.461859,16.46848,-4.687466,-3.4212492,2.018973,4.2425957,-0.56616354,-11.184088
CGCCGTTCAGCATAGT-1,-7.5166717,-2.127858,12.810586,0.43132406,0.24264099,3.2138293,0.8299869,-1.6117896
CGCCTCCCTCCTCTAT-1,-7.8845396,1.0881232,-3.5394642,-0.9486206,-8.608834,-1.4453365,5.3017335,-4.006721
CGCCTGGCCTACGTAA-1,-5.7403173,-0.67937493,-5.617596,11.523693,-1.2894541,-1.6806494,-3.407766,0.8971325
CGCCTTTAGCATGCTC-1,-17.040232,-11.279942,18.157442,6.757662,-3.7791607,-2.2277827,-1.8637476,-0.9170205
CGCGAAGTGGCATACT-1,-16.413713,-11.192363,5.290093,3.0323093,3.8420122,-2.1280699,-2.9975905,-0.5193376
CGCGACCGCGACAGAT-1,-14.37926,-13.688095,-4.0575895,1.4695302,6.215936,5.8382688,1.3873802,1.606226
CGCGAGAGGGACTTGT-1,-14.225615,-4.7658896,12.6234255,0.17897423,-1.3349969,-2.286587,-1.8858737,-3.512184
CGCGAGTCTGCCGGGT-1,39.477085,-4.3370924,0.7552811,5.942661,2.5886886,-12.340513,12.799743,3.4341896
CGCGCAAATGTCCAGA-1,46.83954,-14.915061,0.30683702,-0.4050483,3.1539788,-3.571552,-2.5571382,0.5506143
CGCGCAAGGAACTACA-1,2.205021,18.05513,5.785296,6.242672,9.063819,9.124385,-0.9205067,21.55577
CGCGCATGTTTGATTG-1,27.936653,4.5400333,-1.5849699,-7.354211,-10.703245,1.0480691,4.358524,-3.5768402
CGCGCCCGACTTAATA-1,-9.761259,-3.0843217,-6.0132246,-3.9476652,-2.0652936,3.5852628,4.3165455,0.62044954
CGCGGCAGTATTACGG-1,10.856936,33.75296,2.4636455,1.2317488,13.129649,-9.8311405,-5.9355173,-1.6750932
CGCGGCTCAACTTGAA-1,-15.379225,-13.256388,-0.14022525,-3.1359932,4.691232,-2.4169228,-1.4168386,0.1407893
CGCGGGAATTAGGCAG-1,-11.910765,-13.31928,-6.460166,-5.0386786,1.0669682,2.8495808,5.2549605,3.1984148
CGCGGTCACAAACCAA-1,-13.411931,-7.0661535,10.846697,0.20581251,0.29198256,-2.5582688,-0.9835991,-2.8034847
CGCGTCATATTAAACC-1,-5.1205163,11.711359,10.671913,-2.3253746,-6.5702734,-7.6015463,0.54993874,-1.04128
CGCGTGCTATCAACGA-1,0.1592789,22.487146,1.2876687,-1.0265377,4.8540335,1.1888648,-0.7582536,4.5114136
CGCGTTCATGAAATAC-1,-12.5531225,-4.1570153,-6.497728,4.309324,1.1386311,2.0919893,-0.06797331,3.7118497
CGCTACGGGACATTTA-1,7.170391,10.875068,-2.6693618,7.16062,-6.6157255,1.3481032,-2.770179,0.39506263
CGCTAGAGACCGCTGC-1,-15.478664,-5.2697053,-1.4658083,-2.307936,3.027579,-2.0796325,-2.069631,-2.096041
CGCTATACCGCCCACT-1,-9.896633,2.4069645,3.8733952,1.6008499,0.16092165,-5.6939173,-1.4221491,1.7541233
CGCTATTCAATGTATG-1,-9.124947,6.611108,-1.4203776,-3.2826583,2.9797137,-5.399357,-0.2891745,1.9592733
CGCTATTCTTAGGCTC-1,3.3204503,10.1591215,-5.0595903,2.4592638,-7.498793,-1.8703655,-0.44223502,-5.8902564
CGCTCGACATAATGAT-1,-9.528386,-1.3179142,-5.5978565,-1.2387861,1.6282768,-2.3791106,-0.52037066,4.662652
CGCTCTCCGTAGATTA-1,-9.645102,-4.616631,-7.0637584,6.4772916,-1.1686393,-1.6779511,-5.1193924,3.162804
CGCTGAGGACGTCCAA-1,10.29897,27.018064,2.970872,-1.8650596,3.8424008,9.100876,2.0741234,9.051618
CGCTGGTGACTACCCT-1,-15.647317,-8.500384,-0.21151975,-4.2426715,3.6961741,0.19249903,-0.26778886,1.01288
CGCTGTGACGCCGCAC-1,-12.140301,-4.3781867,-8.500509,2.1050816,2.1551166,0.91820246,0.37948954,7.0925503
CGCTGTGTGGATGTTG-1,30.640709,-8.379264,-0.80072045,-4.263795,-5.8038783,-2.0008683,0.29106292,-0.04817006
CGCTTAGTATTGATAC-1,7.9544153,0.8068947,-1.5746515,0.23353723,-9.343708,5.523882,-0.3257578,-6.2749686
CGCTTATTCCCGGTCG-1,10.267014,10.1738405,-4.063415,8.690859,-3.6995254,-0.38739243,-5.739195,3.6087508
CGCTTCCACTGAAATC-1,-9.064222,5.461281,-2.619987,-3.760078,5.2617955,-5.9999,0.34178752,5.6046996
CGCTTCGGTCTAAGAC-1,-5.584546,-0.25472465,4.5476117,7.5624523,2.9085019,0.7563506,-0.9721727,-5.693143
CGCTTTCATACCGGTG-1,-14.55159,1.5095443,-1.5628334,-4.678889,2.4967785,-4.864081,-0.03163033,1.7158881
CGCTTTCTTGCATTCG-1,-15.933686,-13.545337,-8.658226,-0.3377757,2.0542245,3.6089811,2.989866,3.019049
CGGAAAGAATCAAACG-1,20.837934,-5.2787156,2.5319817,-2.6196988,-6.876713,2.3671584,-0.14653717,-4.107482
CGGAAATTTCACATCC-1,-11.793598,-0.6168465,9.269096,-3.6701024,-4.0643234,-5.3388033,-0.68324494,-2.6742885
CGGAACGTAAACATAG-1,31.22567,-8.777763,1.730178,-1.2128136,-2.045508,2.01206,3.2024636,1.9644216
CGGAGCAATTTAATCG-1,6.021191,5.3379416,-4.1088953,2.212689,-7.6462193,4.8467345,1.8851043,-7.194407
CGGAGCATGGCGATCC-1,-8.175325,-3.9107318,-5.126009,3.9375722,-8.135709,-0.55461246,2.936668,-2.937822
CGGAGCTTATAACACC-1,-15.981082,-3.5139983,3.9756129,-5.2963557,-0.7455159,-2.8657918,-0.05286246,0.5739571
CGGAGTTTGAGAGACA-1,-3.9082665,6.336791,-7.0067167,2.0117118,1.6082474,0.3880658,3.4443007,-0.30362424
CGGATAAGCGGACATG-1,-7.208176,5.1485124,6.2576413,-0.5748517,0.54273665,-3.7182505,-1.008556,1.7173476
CGGATCCTCAAGGACT-1,-12.486118,-11.121574,-4.874911,0.55521274,5.2889705,7.507691,0.80536634,-0.12992218
CGGCAAACATCGTGCG-1,-6.826196,-11.389753,1.2093899,11.406082,-3.9524477,3.4407372,1.0655833,-0.5492412
CGGCAATAAGATCGCC-1,-17.088438,-11.485454,12.192972,5.6918645,-0.193147,-2.6215713,-2.0049436,0.38918793
CGGCACCGTTAGCGCC-1,-17.407108,-7.132978,2.9675424,-5.188481,1.4216404,-3.036575,1.7129538,-1.8997556
CGGCACTCAAGAAAGT-1,-3.2725217,15.273323,5.534099,-2.5848174,-4.806188,-0.6126007,0.66017383,4.499147
CGGCAGGGTCGGGTTG-1,-19.401583,-14.282471,-6.769373,-5.58565,8.829819,0.913017,-0.10306426,2.24286
CGGCCACGCACAAAGT-1,6.403913,14.684344,-6.9546156,8.563571,-1.2368615,-1.0043926,-3.29579,-5.9436994
CGGCCAGAGCGACCAT-1,16.282099,0.3398663,0.16027775,-3.7396662,-7.90054,3.3979871,1.1576012,-6.1480703
CGGCCCAACCTGTAGT-1,-17.82022,-8.872255,15.554588,2.2705314,-3.565855,-4.14034,-1.2425596,-2.5741637
CGGCCCAGGTATATCC-1,-10.517942,-3.9758842,6.0807476,-0.801851,2.4957452,-0.04504869,0.66674644,-2.0576727
CGGCGCCATCAATCCC-1,-12.956175,-8.471192,4.0008507,-1.331805,2.8280284,2.5006955,-0.21004328,-0.28722757
CGGCTCTAAAGCTGCA-1,-15.985636,-8.703335,11.08109,1.1327804,0.3381858,-0.5378826,0.115247816,-3.1412275
CGGCTCTTCGTCGAAC-1,-17.858725,-1.4993651,2.2734861,-5.617702,-2.8872774,-5.4749017,-0.7936196,-1.3677875
CGGCTGCAAGATTAAG-1,-12.678311,-5.5331926,12.958295,1.373287,-0.1824586,-2.6634748,-0.05855893,0.8078067
CGGCTTTGTATGATAA-1,-12.929822,4.739096,3.8387098,-5.058273,-5.0039,-9.763831,-3.0043013,0.17711519
CGGGAATATAGTATAC-1,-16.085361,-8.032003,9.279726,0.77965975,1.1454368,-2.0639498,0.8158885,2.0866156
CGGGAATTTATGTAAA-1,-1.7000092,-6.240251,-1.0978899,6.498939,-8.041555,0.89944386,-0.111677974,-0.1302964
CGGGAGCTTCAGTGTA-1,-11.381772,-6.2116394,-3.726493,-4.065084,3.5321622,2.8387702,-2.1832743,-1.0420295
CGGGAGTATACCGCCG-1,1.3163886,16.736818,5.660691,-2.466631,3.3464067,-2.002278,-4.8306465,-1.2634339
CGGGATCAATGTAAGA-1,-5.3822236,9.394948,-10.465512,-4.2935686,-3.7277374,-0.6459662,0.8812122,0.36420804
CGGGCAGCTAAACCGC-1,-6.9370313,5.010601,-6.896868,9.695259,-4.285045,-6.6934896,-3.2497828,1.2244122
CGGGCCATAGCCGCAC-1,0.46314785,22.788893,1.7060165,-0.1639834,3.4816308,-5.673691,-5.69274,-1.9254048
CGGGCCTTCTTTGTAA-1,6.591074,5.069472,-5.9270954,3.538371,-8.813927,3.754476,-3.7654521,-2.3709874
CGGGTGTACCCATTTA-1,-11.488537,-2.4946094,-9.414512,-5.123895,-2.3787029,1.3935372,1.9021975,-0.5597593
CGGGTTCGGCACGTAT-1,4.0883026,14.948339,7.6297417,2.0022373,0.40476385,4.3645644,5.348073,-4.762561
CGGGTTGTAGCTTTGG-1,2.8821363,20.10827,6.68086,5.136207,9.992383,0.55076104,-5.074329,8.986822
CGGGTTTGTTAGGGCT-1,-6.4606566,5.757563,10.408541,6.1306596,-2.1340683,1.3877908,-2.0342336,-2.2684295
CGGTACTAGAATCAAA-1,-15.905733,-15.524724,-5.6965737,-1.0883771,-0.43996936,2.993446,2.8697774,0.94520247
CGGTAGAGGTGCAGGT-1,-11.527337,1.7970167,-8.290591,-12.39782,2.0867834,-0.2668045,1.7266268,0.50553036
CGGTATAGGTATTAGC-1,-12.267097,0.5962129,3.1844404,-6.098846,1.964631,-2.4047706,-0.18391268,-3.497723
CGGTCAAGTGGGAACC-1,-9.902503,-1.2284429,-9.690191,-8.822803,-2.9856696,0.26275384,3.6280947,1.736361
CGGTCCGTCGCAAGCC-1,11.015834,4.7531543,-1.988157,-0.99486226,-9.850609,6.889789,2.775229,-7.863695
CGGTCTATCAACCCGT-1,-15.107945,-8.357422,-7.765535,-9.753338,4.793619,1.7686253,2.4444585,3.8930335
CGGTGAAGACTAAAGT-1,-6.9115677,-3.5436645,-7.7379546,7.865481,5.066496,4.709898,-4.7763777,3.4122407
CGGTGCAGATAGAACG-1,10.648806,-3.0520942,0.26953748,17.15023,-4.798087,-1.0150616,-6.2257624,3.8559828
CGGTGCGCGTTGGTCC-1,40.150932,-6.635096,0.51012176,-8.422409,-3.5387247,-0.2090277,-0.108193085,3.682214
CGGTGGGCTCCAGCCT-1,-12.8030205,-3.436035,5.0178905,-4.245499,2.2881608,-2.1878178,-0.031285964,-3.0037372
CGGTGTACTTGATCCC-1,-9.228583,5.823084,3.1836305,-2.281576,2.3246176,-5.028803,-3.0082562,-0.16466048
CGGTTATCCAACAGTG-1,-11.252443,-1.7312808,-2.28226,-7.6413965,2.0502758,1.0458239,0.759901,-1.2419943
CGGTTCAAGTAGGTGT-1,-14.624923,-5.3768616,2.6382918,-5.6576443,2.7602131,-1.9145341,0.4651215,1.0581713
CGGTTCCGGCTTCTTG-1,7.6038556,29.516108,2.4856648,-1.2099538,-0.18832397,6.0690274,3.2436302,10.5067
CGGTTGACCTGGCATA-1,-6.4326406,-1.5613029,-5.584637,14.460588,-3.183922,-0.5239401,-5.7038345,-0.5044825
CGGTTGAGTATCCTTC-1,45.06064,-16.097307,5.3109093,-1.9909858,1.8609613,4.0670166,-3.3436708,3.295666
CGGTTGGGTTCAAGTT-1,-12.24432,-5.030138,12.728262,-0.22606914,0.1717931,-1.3421513,-0.82566136,-2.427019
CGGTTTATGAAGGAAC-1,-3.8861737,1.6035758,16.894922,1.9165792,1.8359232,4.5778613,3.6545475,-3.863615
CGTAAACGCTTGAGTG-1,7.053299,19.025255,4.3137546,2.8520417,6.167468,1.3734726,-2.6773353,8.163938
CGTAACTTCGACACTT-1,15.443076,-3.920341,1.0456808,-1.0416361,-5.6477394,1.4836121,0.15971461,-3.8282273
CGTACCTGATAGGCCT-1,-7.7737403,-5.3548503,-6.8746567,-3.329707,-1.365538,2.0172167,1.0650878,2.00272
CGTAGAGAGTAATTAT-1,-16.169584,-6.7435102,-3.8229961,-3.23205,5.684204,-0.13868254,-1.5960525,0.23354098
CGTAGCGAATTGTCAG-1,-8.946724,5.0605793,-4.411437,-7.198446,0.9044933,-5.8027306,-0.12261852,2.3272004
CGTAGCGCCGACGTTG-1,-15.245837,-1.75575,10.47895,-0.68560594,-4.5397305,-8.622567,-0.8926567,0.5643314
CGTATTAAGAGATCTA-1,-11.208073,-8.92545,-1.04448,10.224578,-2.4268923,0.10741834,-1.4227097,3.8001044
CGTCAAGGCTATAAAT-1,-0.99460137,11.498425,-4.0482564,-0.8702419,9.981916,-0.4270808,0.9009654,-1.4165123
CGTCAATCTTTAACAT-1,6.113739,37.47161,-3.398325,-1.6552442,0.922859,-11.76634,-4.2386737,-2.1162925
CGTCACGTCCATTGGT-1,23.877995,-0.7096156,-3.6112602,-0.68452716,-5.55964,3.1422782,-0.4952832,-3.5564697
CGTCAGTGCGCACAAG-1,-16.126612,-1.2942098,5.5869613,0.105334125,-0.20698626,-4.050348,-2.401578,3.6738417
CGTCAGTTTATCGTCT-1,2.7090125,25.932459,6.6993628,-4.5458694,-7.9351187,-2.3851247,4.830895,0.80390227
CGTCATACCATATCCA-1,-4.211896,8.559307,6.5738378,-2.7727084,-0.8655159,-4.240519,-1.5329353,-1.958844
CGTCGCATGTGAGCCA-1,-10.123449,-7.842532,-3.2264705,0.53872335,5.538523,6.6026473,0.93098015,-3.0603964
CGTCGCGGCGGGATTT-1,9.319945,33.524326,-2.7467601,1.8446527,7.991435,-7.8155026,-4.6775036,-5.818908
CGTCGCTTGGTTATAC-1,45.573467,-13.491779,1.5094666,-5.074084,1.648168,-0.6602471,-3.18683,1.9963946
CGTCGGATAGTGTTGA-1,-9.038868,-0.9073833,-4.543884,-7.223353,7.028982,2.8485732,3.5165524,-0.013861938
CGTCGGGTCTAAGCGC-1,46.59385,-17.467989,1.3537855,0.89458144,2.9458919,-6.411355,-2.401744,5.1816683
CGTCGTCCTTCGCGAA-1,-7.0176826,-2.2783556,-8.212729,-0.56407714,1.5157319,5.3834977,1.1591433,-3.045465
CGTCTGGAAGGGCCCG-1,-7.4496245,3.9526668,-5.2323136,-8.506524,1.969698,-2.238328,1.0676416,4.0119586
CGTGAAGTTAATTCAC-1,9.683555,4.935325,-4.844055,2.655518,-6.2420745,0.97294784,-1.6879348,-6.983265
CGTGACATTGGGTCGT-1,-7.628187,-1.2256695,-1.1030899,-8.390676,4.0371776,-1.1210387,3.3321989,-0.040121842
CGTGACCAGTCCTCTG-1,5.2093163,2.545089,0.21448669,1.6086469,-7.1000834,8.051601,-1.380695,-5.9364734
CGTGCAGACTGGGACA-1,-7.6255674,5.411132,-8.368876,1.7726623,-11.508769,-1.5015676,2.515199,-6.7012987
CGTGCATTGTCGACGC-1,-4.412436,0.68088084,-4.114397,13.9807625,-5.4327645,-2.430693,-10.039555,8.133327
CGTGCCCGACATTTGT-1,6.687767,16.799515,7.9100356,-4.0697765,-1.5890464,5.7416253,3.8558886,2.2448058
CGTGCCCTCCCGAAGA-1,-10.6237755,1.6664225,-9.668062,-3.9804938,-7.0029683,-0.11638496,2.430979,-2.4602687
CGTGCTTCTACCTAAA-1,42.117016,-14.506569,1.113587,-3.9365513,6.122726,1.0014015,-6.1298904,0.8921197
CGTGGCCGAATATCTA-1,-19.28981,-11.699384,5.450453,-2.945722,2.889365,-3.783591,-0.88002205,0.6685617
CGTGGTACCCAAAGGC-1,33.4573,-5.443918,-0.20744208,-6.6686907,-5.4872217,3.5532448,-1.9149921,-5.0303354
CGTGTATGGGAGCTGA-1,2.5182092,19.111431,-1.3783324,5.6944885,1.2933629,-0.1958844,-7.018518,-5.0364914
CGTGTCCCATTCGCGA-1,-4.6060557,9.684943,-12.610534,-0.26273417,-0.1910907,-2.6095996,-3.986265,3.1843178
CGTGTCTCGTTACGAC-1,49.315327,7.521547,-3.260881,-10.807492,-0.9242235,-2.298045,-0.2308177,-2.2822907
CGTGTGTTAAACCCTG-1,-14.851928,1.188656,11.499496,1.9621747,-1.860872,-5.749954,-1.6430005,-1.1711305
CGTTAAACTAGTTAGG-1,-17.730007,-7.190689,12.984135,4.1695137,-1.4674056,-5.748216,0.042153046,0.79261005
CGTTAATGTCCCGACG-1,-17.92271,-13.820097,-2.579533,-1.1913358,8.240439,1.7235862,-1.5864929,0.4106916
CGTTAGCTCACAACTG-1,-8.984009,2.9008112,0.3838991,-11.526852,2.1048307,0.06451298,3.6481137,-2.4091663
CGTTCAGACCCGCGAA-1,-7.220693,-4.378512,-4.02713,2.0775023,-8.261171,3.4036882,1.6004784,-3.7257013
CGTTCATGGTGCGCGT-1,23.454025,-10.477283,3.4790654,10.835547,-8.437254,-10.015329,6.8214226,11.2596035
CGTTCTTCGCACACCT-1,-8.985032,1.8875228,9.191312,-3.029826,-3.6508226,-3.0408435,0.19267279,-3.9217625
CGTTGAATACCGCGCT-1,-10.621009,-11.628622,-7.201108,1.261025,5.7574363,9.089288,0.19500342,-0.97268695
CGTTGAGCGACCGTCG-1,-9.035351,-1.4360256,-4.7261,4.0745687,-11.432883,0.8584238,3.5588207,-3.0583882
CGTTGAGTAATTGCGT-1,-10.131912,-3.258571,11.673331,-0.38555798,0.24537715,-0.5053764,1.2975062,-6.035741
CGTTGCCCGCGTGGGA-1,26.580568,7.4830027,-0.5810733,-7.6301274,-5.8050046,5.5057955,0.99328536,-6.9675717
CGTTGTAAACGTCAGG-1,-3.0924733,10.80817,3.5434546,-2.5496428,-1.3083887,-6.626508,-0.8065338,-0.7695708
CGTTGTAAGATTGATT-1,-15.052108,-2.858632,9.2260065,-3.280323,-2.3964057,-3.7482202,1.6358503,-1.4627179
CGTTGTCGGCAATTGA-1,-12.340686,-11.059227,-5.366548,4.279708,-1.2598175,4.086187,-0.86336553,-2.1416311
CGTTGTTTCAATTCCC-1,-9.179926,1.6576958,-8.190642,7.7574134,-4.975196,-6.13298,-3.9894323,3.681298
CGTTTAAGCGGAGCAC-1,-9.689367,11.487672,-5.9064813,-8.054147,-1.9097987,-6.596846,0.75055987,0.9526379
CGTTTCACTTCGGGCG-1,-13.825966,-1.856965,-3.6595094,-9.333204,2.6021945,1.013686,-0.26575193,0.5597994
CGTTTCGCTCATTACA-1,-2.7261784,2.9897735,-4.31667,10.01184,-5.641754,0.61912477,-2.9972591,1.4768739
CGTTTGTGTAGAGGGT-1,45.693855,-12.989833,3.1746333,-5.5696836,-5.947083,-3.2838387,0.61071604,6.986578
CTAAACGGGTGTAATC-1,9.11811,33.85904,-0.38601062,-5.754172,-2.0745895,4.2114034,1.7986329,1.2178779
CTAAAGAATGCCTACT-1,-14.532281,-2.8998544,-6.0198994,10.466545,-5.398683,-4.094726,-4.6193495,3.7545624
CTAAAGGGAAATAGGA-1,2.0205767,3.1712277,-3.2598207,7.0821767,-7.28351,2.2852771,-3.1049953,-3.5550122
CTAAAGTCCGAAGCTA-1,-0.77162063,12.823384,6.767895,9.154847,10.60614,4.776905,-11.079827,5.418874
CTAAATCCGGTGTACA-1,41.99594,-14.795286,2.1370425,-2.2191541,0.6041175,1.0595556,-4.9284286,3.1798036
CTAAATCCTATTCCGG-1,-18.491922,-10.611688,-8.831907,-3.0248055,0.16720769,1.0005562,0.6943534,3.2571576
CTAACCGCGCGCCCGT-1,-4.2589684,3.0694256,-5.661878,10.328936,-4.933402,-1.405314,-5.0326853,4.2993026
CTAACGAAACTTGCTG-1,-11.676945,-4.425545,-2.7759469,-7.944068,2.8769143,2.371391,1.209212,0.20417437
CTAACTGATAATCGCC-1,-10.941028,-4.917107,11.16364,0.56229836,0.60212094,1.2977983,0.86736864,-0.51457334
CTAACTGGTCCGGTTC-1,40.39511,-8.992896,-1.4590244,-7.0429616,-4.4657197,-1.7361699,-0.00075108174,4.0571504
CTAAGGGAATGATTGG-1,-13.665461,-8.653919,-3.1580248,3.801437,-7.715873,0.4531009,2.311179,1.0687813
CTAAGTACAGGGCTAC-1,-0.9419902,8.243793,14.451914,1.8360043,1.2251122,6.391192,9.044288,-5.2992945
CTAATTCGCACGCGCT-1,-1.8051147,2.0304623,-8.034735,3.579039,9.930821,2.2759442,1.9210933,-0.7942325
CTAATTCTCAGATATT-1,-16.786823,-7.465135,5.512751,-2.7296915,-0.68844986,-2.657894,1.2710909,0.011941456
CTAATTTCAACAACAC-1,-6.24283,7.41669,1.2103307,-5.8408003,1.0791053,-4.7919493,2.2193203,1.5038254
CTACAAGAAATAACCC-1,47.91844,-21.733622,4.924864,-4.6638575,-0.18622516,-2.7852538,0.1293998,5.079237
CTACACTAGCTTGTTC-1,6.1040635,26.080803,3.3147902,-1.8587791,8.226486,14.5996475,0.7844093,21.052092
CTACACTCGCAGATGG-1,-10.667191,-4.5368123,7.9221497,-0.68745166,2.8707716,-0.545341,2.5435123,-3.5849156
CTACATATCGCGGGAC-1,43.478672,-3.855575,1.6482428,0.8584136,9.069091,0.70608735,-9.929662,5.032438
CTACCCTAAGGTCATA-1,-12.464191,-5.8709383,-4.3361063,-3.3241465,2.3890135,2.7207544,1.8806255,-1.4125271
CTACGAACTAGGTCGA-1,-13.036174,-0.041869365,7.879203,-2.977737,-1.1771488,-3.901419,-0.81624895,0.62104756
CTACGACTAGCTATAA-1,-8.50806,-7.8907914,-6.6218586,15.229474,1.0942394,0.41839767,-3.6378627,5.321333
CTACGATCCTATCCTA-1,46.89417,-18.225903,3.9540973,-1.2033674,8.834141,1.1988308,-5.6220465,1.5350617
CTACGCACGGAGTACC-1,-1.9558948,1.902434,-3.3077083,8.133246,-3.8838913,-1.2173668,-4.2110987,0.81624174
CTACGCCATTTCCGAT-1,-10.589607,-0.8074945,-2.2839513,-7.805728,0.95268565,-2.2843246,0.95410997,2.1318023
CTACGTGTTGCCACCA-1,4.949979,26.633528,-2.5930138,1.0251186,1.4798145,1.66971,0.097342096,8.674173
CTACTATCATAGGTTT-1,36.28628,-4.2451262,-0.19292556,1.3405198,3.5937052,-2.0542052,1.4965863,-2.184674
CTACTATCTTTCAGAG-1,-14.841806,-6.202102,-3.0076566,-6.203441,1.3377426,1.9095619,3.6879067,1.9974493
CTACTCAAGGTATAGT-1,35.185493,-1.2576863,-1.0464499,-5.029561,-7.6718836,1.7878295,0.93179417,0.39902645
CTACTCTAGGCCCGGC-1,-10.428022,1.3977878,-11.21621,2.5138595,4.3064666,0.5723056,-1.9701595,1.788076
CTACTGCCACCTGACC-1,-13.426338,-8.629402,-4.442262,8.017231,-6.537154,-0.06315827,1.7339437,1.1255959
CTAGACATATATGTAG-1,4.174683,14.919074,11.827025,1.4603906,4.188887,9.314148,2.6365979,-8.230464
CTAGACTGCATTTCGT-1,-11.753488,-0.52414435,6.8974257,-3.2916763,-0.5579919,-3.0771382,-1.0449336,-2.4485312
CTAGATAAACTCCTCG-1,9.172032,21.882454,8.385519,4.1842747,9.966939,16.87152,-0.18821572,22.564491
CTAGATGTGAGTGTAA-1,-14.4011345,-5.367473,1.2243404,-4.064975,4.7198033,-0.2235808,-1.1935496,-1.0547172
CTAGATTTACGACGGC-1,-13.972007,-6.783523,-2.106871,2.9499543,-7.972757,-0.709122,4.220491,-0.5543661
CTAGCAACTAATTTAC-1,-2.2914252,9.795361,5.191914,2.2533479,4.1675425,4.052763,-6.3445477,7.343158
CTAGCATAGTATAATG-1,1.2222742,7.199449,-5.3372602,5.9845023,-6.2839394,-2.9003465,-2.3953278,-2.6321979
CTAGCCGATGTTATGA-1,-10.117599,0.7947271,4.281469,-10.131054,3.5048814,0.9785053,3.23742,-2.9475996
CTAGGCGCCCTATCAG-1,-16.127432,-11.066878,-6.3678093,-2.8741722,7.670755,1.6948786,-0.41775382,1.0507667
CTAGGCGGCAGAGAAT-1,8.269992,37.355366,0.0064380616,0.14725484,5.357318,7.5641484,5.678112,19.64952
CTAGGGATAGGGACAA-1,29.465755,3.4809465,0.87734246,-0.3764263,4.4333487,13.134945,-3.1234176,-15.218796
CTAGGTCTGAAGGAAT-1,-11.492562,-4.3382726,4.5777206,-2.2634084,5.3206453,2.8745053,-1.9370803,-2.7160423
CTAGGTTCGGACGTGA-1,-4.307475,-5.3357873,-4.616311,2.7188911,0.8945688,9.580123,2.3001602,-2.252283
CTAGTAGAAAGGGATT-1,-12.692648,-12.648359,0.2168524,1.7852699,6.059887,8.04171,0.4699169,-1.1433121
CTAGTATTCGGAATTA-1,-9.9284115,-5.492844,-4.2719746,-9.214615,1.2509148,-3.4691231,1.1715523,2.7249405
CTAGTCACGTCTTAAG-1,-0.9409576,0.30872983,-3.324414,2.9609425,-10.809393,-1.8192273,0.2606871,-5.456752
CTAGTGAAGGACAGGA-1,-10.363221,-2.7189114,-6.1874557,10.023343,-1.7929822,-2.3740444,-5.514233,3.8804455
CTAGTTACAACCCGGT-1,-13.427311,-11.533277,-0.84183055,9.465241,-3.6139765,2.137072,0.950098,-3.2509775
CTAGTTGGGCCCGGTA-1,-10.489084,-5.1855,-7.0350313,0.11353083,-5.6955853,3.5444114,1.1305296,-3.0801373
CTATAAGAGCCAATCG-1,-15.126573,-6.845507,1.0455613,-5.413989,-0.57297957,-2.63281,0.82375777,-0.49975836
CTATAGGCGTTGATGT-1,45.075207,-5.8711786,5.1529703,-8.627729,-1.1894382,9.728959,0.94070804,2.9844413
CTATCGACGAAATACA-1,-12.509708,-8.721806,0.53186095,-2.534034,5.836719,2.855765,-0.44063368,-0.104654826
CTATCGGGTCTCAACA-1,-6.099694,-3.3302753,-5.845997,8.02091,-9.647817,2.1218517,-1.9378451,-3.8506267
CTATGCCCGAATGCAA-1,-0.47737348,2.4814115,-0.624754,1.1172109,-3.1518416,7.6933436,-0.45296696,-5.431209
CTATGGGAAGCGGAAT-1,-16.460793,-11.930809,9.146094,1.4553866,1.4685198,-1.3472077,-1.2346405,-1.1939971
CTATGTCACTAGCCCA-1,-7.981391,-2.4192736,-2.2514622,5.6087065,-8.392096,2.1086938,-0.39683428,0.81536496
CTATGTCTATTGAAAC-1,-9.014522,7.74864,1.528837,-8.230986,-3.3912752,-11.359709,0.01637401,4.263832
CTATGTGAGTCACGGC-1,10.827409,17.243048,-0.34012687,10.689602,-4.2041936,-11.552504,5.8897967,8.806895
CTATTCATGTGTCCCA-1,7.781801,13.900889,-4.2744603,1.3686076,-5.0900526,0.93430996,-0.13743764,-7.4355507
CTATTGTGTTTGGTCA-1,-14.896094,-3.6017156,10.433549,0.7114837,-1.3120097,-6.766415,-1.788322,-3.826053
CTATTTGCTTGGAGGA-1,12.526065,3.7056084,-1.950745,2.7845669,2.5498395,10.838148,1.8564367,-8.122878
CTATTTGGTTACGGAT-1,-8.173048,-0.39981636,-6.9404726,-3.0148005,-4.0192842,2.2944107,3.1801622,-0.3776685
CTCAAACCACTGCCCG-1,36.1625,-10.047783,1.1999425,-3.737497,-3.5790164,5.7259507,-1.0351791,-2.6581192
CTCAACTAACCCGGAT-1,-12.753897,-7.3284044,0.9039699,-0.93079454,7.0885344,5.5650625,-0.6026887,-1.909831
CTCAAGACATTAGCGC-1,-14.461006,-3.742535,9.773336,1.0710135,-1.4350969,-2.306683,-1.1141014,-2.8958304
CTCACATTTACTAAAT-1,-3.658315,-4.2895846,-2.0010083,2.72894,-1.2572098,6.3760242,0.85755205,-3.258972
CTCACTGTGATACTTA-1,-6.787243,-5.4317937,-4.3135266,0.5263431,2.4210353,8.797055,-0.1036658,-2.3513875
CTCACTTGGCTGGTAA-1,-1.2183287,8.375362,-6.0374002,15.230294,0.47644463,0.8191307,-7.722892,0.8328934
CTCAGGACTCACCTGT-1,-10.534976,7.899979,3.5011115,-4.8890123,-0.5302281,-7.1990223,-1.1645573,0.96880746
CTCAGTCACGACAAAT-1,-14.428541,-8.010927,-2.0718563,-7.7559114,4.9188895,1.0936506,1.4021679,2.3018253
CTCATAAATGTGTATA-1,-2.6954217,8.790821,-1.3159637,4.35753,13.255272,5.332517,-7.227999,-19.808863
CTCATGGCTCACAATC-1,-11.217315,5.6321526,-6.144097,-7.475183,0.9559009,-5.3609633,0.19117561,1.9502155
CTCATGGTAATTTGCG-1,34.01053,6.909635,-2.9982314,-0.8598941,-2.1905792,-7.0069056,1.065525,0.065618195
CTCATTGCTCTAACAA-1,-11.497163,-6.1432185,-6.5198874,-0.7106115,3.9152598,8.05706,1.4946418,-0.43641683
CTCATTTGATGGGCGG-1,-5.442913,5.705527,-6.9285955,-1.1397638,-0.37871373,0.6211267,3.364652,-0.7170475
CTCCCAATGAGTCGCG-1,-8.874726,2.972962,12.593206,6.041365,-1.1319276,-2.435859,0.62306714,-1.07232
CTCCCTCCTTTCGATC-1,41.07816,8.766385,-4.9100943,-5.0487227,-5.357282,-9.720786,3.3176982,1.500918
CTCCGCCCACATGAGG-1,28.015644,4.175335,-0.40584204,4.2953224,-4.382796,2.901768,-3.6087463,1.0394018
CTCCGGCCTAATATGC-1,-13.875851,-2.7880144,-7.5237045,-1.5113485,0.008967225,0.95196974,2.3781395,2.5957787
CTCCGGCTTGTAGACA-1,-8.065196,8.880853,8.397619,5.02744,3.6002865,-9.053665,-7.551756,5.6498246
CTCCTAAGTTATGTCT-1,-9.640996,4.771577,11.497001,0.7257726,-7.6560106,-2.804249,1.9530485,6.6902266
CTCCTCCAGCTCACAC-1,12.8602085,-1.5426294,-1.2638905,-1.3774185,-12.191741,7.287751,3.7440474,-7.0867944
CTCCTGTTCAAGGCAG-1,0.66073304,1.8930391,16.501728,10.304666,1.3262198,9.459787,1.3249063,-4.8951
CTCCTTTACGCAAGTC-1,-16.862423,-9.423314,9.382665,-0.47184074,0.37500185,-3.773859,-0.4965509,-1.2335881
CTCGAATGGAACGTAT-1,-10.011782,-3.8274398,17.340992,3.6587038,0.9145641,0.29368702,0.092278056,-3.2214088
CTCGAGACATACGATA-1,34.07967,9.817518,-4.4404325,12.696757,15.637935,-12.47004,19.691761,-4.847356
CTCGAGGTCGAACAGT-1,-14.636567,-9.004069,-5.9673123,10.54201,-2.8201325,-1.8099124,-3.3120873,2.0868497
CTCGATATTTGCGAGC-1,-15.148487,-3.0284402,0.12359997,-9.168023,2.4427927,-0.7641814,1.1500058,-0.20051332
CTCGCACCTATATAGT-1,-8.291925,-1.5083294,-7.265599,-2.4882257,-2.998505,2.2751002,1.8313239,-3.7622616
CTCGCATTGCATAGCC-1,52.729,-7.8005843,-2.0713377,-4.3971186,5.1320496,-6.469801,-8.345949,0.09249986
CTCGCCGAATGTAGGG-1,-9.836192,-7.804426,-3.3181903,9.374521,-3.815564,3.2159545,0.5882949,-3.91966
CTCGGGCATCGTCGGG-1,1.0825579,17.491123,5.613452,-2.9494708,-4.251347,1.1736687,-0.71356124,-1.2094624
CTCGGGTTCTCTGGCC-1,45.95476,-15.575407,4.9459586,-0.99633384,6.3574777,4.7462153,-5.0569777,0.24982254
CTCGGTACCACTGCTC-1,-10.557323,-7.253886,-5.911799,-0.06498373,-1.8008636,2.9066782,3.1275892,-0.16144505
CTCGGTCCGTAGCCTG-1,-11.120658,-0.730694,-4.670559,-3.6980875,3.5615323,-3.297592,1.0338689,3.9834933
CTCGGTTGTCGGCCCT-1,47.248566,-10.423879,-1.1800389,-4.125443,-0.21909961,-3.5757446,-0.41020015,3.2666667
CTCGTCGAGGGCTCAT-1,48.258987,-6.135331,0.46200666,-2.9998305,4.504352,-3.2806349,-4.9515247,0.46641293
CTCGTTACGGCTACCA-1,32.91073,2.280045,-1.3961692,1.3649876,5.623944,8.876551,-4.895505,-13.941442
CTCGTTTCTAATGTTT-1,-14.584062,-3.6136196,4.72547,-5.35064,1.5324917,-1.6795183,0.33212605,-0.55177623
CTCTAATGCATTGATC-1,-17.320848,-7.9495606,11.181457,-1.42936,-3.2812188,-3.8260162,-0.044242896,0.8709939
CTCTACACTGGCGATT-1,1.8876884,11.016801,-8.660453,11.28122,-6.3230085,-9.636157,3.0557115,4.627518
CTCTAGCCCTCGGAAA-1,-12.285401,-4.480228,-0.14504036,-0.56746083,8.176779,2.0745742,-4.624275,-1.9983592
CTCTATTTGGCTGCAG-1,-14.672636,-9.768383,-3.229365,8.3588,-7.6410875,-1.0095836,3.0257874,1.3818007
CTCTCACAATCGATGA-1,-11.1428175,-9.298125,-3.3918843,5.161241,-2.6598315,-0.8933541,-1.1841819,1.8360708
CTCTCGATGTGCGCCT-1,-11.064435,0.17868565,9.751413,-1.4299905,-4.9211473,-8.447347,-1.1655457,1.2685205
CTCTCTAACTGCCTAG-1,45.00561,-9.378152,-1.3255501,-0.8691388,3.6623206,-1.8088955,-6.046885,0.15758584
CTCTGCGAAGCAAGCA-1,-8.629305,13.675129,-2.1075616,-6.294543,-4.0681825,-6.8580184,-1.0032685,2.305234
CTCTGGACGCCTGGTG-1,-0.6676183,8.390063,-6.430783,5.065615,-6.1224794,-2.700268,-1.3168805,-1.4584678
CTCTGTGCCTGCTATG-1,7.585463,30.659609,4.8221307,-6.5609913,2.042153,8.001523,5.969692,13.891765
CTCTGTTTGAGGATTC-1,-4.023283,14.374935,-8.259691,-9.103128,-2.2685428,-3.5840478,2.5814023,0.92892396
CTCTTCTATTGACTGG-1,-18.4811,-10.378291,2.589257,-2.6206064,1.5202737,-3.7219753,-1.217399,-0.776593
CTCTTCTGGAAGTTAG-1,45.723064,-20.738062,1.986497,-4.0375295,1.066811,-3.150013,2.6201403,3.157835
CTCTTGTCCCGCTTGG-1,9.142973,19.577984,-10.351696,-2.9708626,-10.388338,2.6220727,0.96125245,-6.5204625
CTGAAAGAGATCCGAC-1,-16.692562,-11.950694,-6.9093814,-1.63154,1.6561414,-0.43166378,3.176845,5.804414
CTGAATCCGAGACCTC-1,10.851361,-11.122839,-1.954404,5.1162224,-6.5466285,7.6560965,1.8586437,0.039807677
CTGAATTTATTGCCAG-1,-10.687707,-0.83056176,9.136641,-5.054921,-1.9498237,-2.0165203,1.690209,-0.81482536
CTGACATAGAAATAGA-1,0.15383768,5.321041,11.022949,4.1313157,3.5592172,8.375533,2.9645069,-2.0729692
CTGACTGCGCAGCTCG-1,-12.723573,-0.63880575,-2.563596,-8.464105,1.8181828,0.2732047,-0.39083546,-1.1093366
CTGAGAAAGTTCGGCG-1,-7.698204,-0.4346972,16.015627,6.173462,3.2011395,2.5737023,1.4457254,0.67138946
CTGAGCAAGTAACAAG-1,-9.758203,5.2753463,7.972386,0.16909726,1.0565139,-6.956948,-6.789252,1.3336658
CTGATAGTGTATCTCA-1,-5.317984,9.828534,-8.076768,-2.1750555,6.5361853,-0.88798755,-0.6217827,-0.3875141
CTGCAAATGGGCTCCA-1,0.65448713,15.666691,3.1142275,-3.6511054,-4.1020007,4.70545,1.7384707,0.63257784
CTGCAAGCACGTTCCG-1,-8.703854,-0.92206854,12.782957,11.221839,1.0925403,-0.19014251,-4.729965,1.4643303
CTGCACAACTACATAT-1,-9.978039,-5.7450504,-5.5517592,4.4853454,2.2411478,4.9347243,1.9391958,-1.4721597
CTGCACCTGGAACCGC-1,-15.962376,-5.055306,-1.7843835,-5.596311,0.049177617,-6.5166326,-0.23424676,3.2565558
CTGCACTCCAGTACAG-1,-6.1481075,-4.3983893,-5.109122,4.1783576,-0.036478028,5.821698,3.8840609,-9.692838
CTGCAGAGAATCAGAG-1,-11.265074,-5.8992867,9.929954,2.488656,1.1262329,0.2800871,-2.2296035,-0.2785481
CTGCCAAGGTTGGAAG-1,-9.772129,-7.201551,-7.184492,-2.8820796,-1.1613332,3.22358,3.3189597,3.3090725
CTGCCATGCATCACAT-1,9.783474,12.185168,-6.1575503,1.6050428,-10.8435545,-1.3382463,1.053805,-5.5746913
CTGCCTAGCCACCAAG-1,-13.4986,-0.37603828,1.3852264,-5.6582484,-2.4399703,-5.896113,0.7308262,-1.3298366
CTGCCTTTAATACCTT-1,45.714058,-4.8501253,-3.6829967,-7.4205794,0.8685796,-2.2991602,-4.395629,-2.976051
CTGCCTTTCTAGTAAA-1,-16.17248,-11.281121,2.2893727,-1.4421707,8.455112,2.1463306,-1.7081379,1.0331444
CTGCGGGTGAAATGTT-1,-2.634991,5.020949,-7.804109,0.11812342,8.607551,5.6457906,-3.8727698,-2.3621147
CTGCGGTAGTCACGTG-1,-10.48659,1.6117705,6.5967913,-8.625233,-1.2662754,-2.3771138,2.6585758,-2.5760062
CTGCGTTACGATATAA-1,-9.961991,5.504372,-0.34297282,-12.297029,0.6574837,-3.2502131,-0.1440586,-2.3815165
CTGCTGAGGCCACGAA-1,49.661785,-13.439246,1.5467595,-4.132029,-4.107022,-7.138311,2.9359555,11.984701
CTGCTGTCTAACGAGC-1,-4.812213,11.117869,9.515592,5.993017,-1.4576006,-1.8534678,1.5899051,-1.210912
CTGCTTGGCGATAGCT-1,-6.766678,-6.969319,-4.443855,-0.6835212,3.2594407,8.915502,1.968778,-2.996755
CTGCTTTATGTCCGCG-1,-8.52779,0.15024976,12.710602,-0.6339746,-4.5396934,0.65947676,1.8647761,-3.0505984
CTGGAAATGGATGCTT-1,-12.327265,-6.0498643,-6.7692623,9.68119,-6.035773,-4.3833647,-1.0899512,2.4694235
CTGGAAGACACGGTGG-1,-9.127683,-11.146978,-2.5883257,-2.7542782,6.0832233,5.063078,0.2750574,0.41674682
CTGGACGCAGTCCGGC-1,36.51297,0.49052757,-4.913226,19.600239,21.384174,-21.635086,43.161987,-3.942658
CTGGATTTACACTTGA-1,21.131813,8.001291,-4.7163954,-2.2839675,-9.291256,2.8237786,3.7269464,-5.5456724
CTGGCATCCGAATGAG-1,34.21037,-8.763777,0.46656182,3.3450966,-4.909938,-9.53203,6.6248784,10.380473
CTGGCGACATAAGTCC-1,-15.265387,-2.460198,-8.317334,-11.794181,4.6296897,-2.5980139,0.53721493,0.81042755
CTGGCGATTTACATGT-1,2.9262643,10.538076,0.410031,8.871765,21.74647,9.847344,-8.681758,-27.318214
CTGGCGCACAGGTCTG-1,-10.460291,-10.365211,-3.7739792,-3.0460773,1.1277417,4.448356,2.056924,0.7673493
CTGGCGGGAATAAGTA-1,-10.930583,9.1795225,-0.21142454,-4.624671,0.9499849,-7.724534,-3.7576983,-1.0172572
CTGGCTCCTGCGGGAT-1,7.6348104,26.621798,0.9187471,4.5552754,4.188888,7.3699765,-0.961138,14.443948
CTGGCTGATTCATCCT-1,-17.42833,-10.18457,-0.10576519,-3.8490732,2.0359743,-2.7075324,-0.54709667,-0.6830886
CTGGCTGCTAACGTAA-1,0.041059233,15.233454,-0.5875317,4.9887476,5.550342,0.7869148,-6.2678766,8.753192
CTGGCTGGTTGTCAGT-1,5.8960195,-2.6627603,-3.0974646,0.51168525,-13.802989,4.7924724,2.161201,-4.5582166
CTGGGATAAATAATGG-1,-13.307737,-11.507659,-5.6860576,-2.7628794,-1.3759488,3.0167582,2.6734397,2.1830897
CTGGGATACGCTACCC-1,-11.502558,-4.1631618,13.629699,6.978889,0.13421968,-1.9789035,-1.5034746,-5.1371207
CTGGGATCGCCCAGAT-1,-0.8191553,18.97828,7.3040657,-5.2827826,-7.636899,0.76330256,2.6163323,0.7387439
CTGGGCACTAGTCGGA-1,-1.953556,13.805477,15.689475,-6.65372,-4.6663237,6.200156,11.334446,-3.4913564
CTGGGCCTGCTATATC-1,1.4986109,-11.906914,-0.3982297,18.803913,-5.2359996,-0.6328353,-5.796586,8.384112
CTGGGCGGCCAAATGT-1,-9.156446,6.453822,10.124326,-3.0344386,-4.988149,-0.94585055,1.1327014,-2.2805324
CTGGGTAGGCAGTTAA-1,-8.252611,3.701793,-9.153359,-4.282154,-5.4372797,1.7224628,3.6767807,-2.4176083
CTGGGTTGAGTTAAAG-1,34.99847,13.531247,-6.8743763,17.611227,22.373503,-18.871147,39.464573,-11.055095
CTGGTAAAGTGTGGGC-1,-2.7083578,8.043237,8.443837,10.220187,1.0587573,1.7194918,-2.7725017,-2.964826
CTGGTAACACATAGAA-1,-9.708892,-4.8628488,-4.1141524,-4.9220023,4.3923316,4.421226,3.0748398,-4.2559595
CTGGTAACGAGCTCTT-1,-11.619843,-0.86212945,-5.2199187,-12.646088,1.3167337,0.9215989,2.5865235,0.43695626
CTGGTCATTCCAATCC-1,-5.655973,12.50946,1.5908991,-5.753192,1.3088422,-7.720452,1.2546297,-1.521271
CTGGTCCTAACTTGGC-1,-8.596986,10.601987,1.7768235,-9.888551,-3.6017923,-5.9161925,-0.29433873,2.6861775
CTGGTGAATGGGCCTA-1,56.699127,-8.830675,-0.7300889,-6.7722783,4.170983,-5.510999,-7.297944,-0.5490245
CTGGTTCAACGCATCA-1,16.2802,19.737305,24.061935,5.119925,17.976927,51.645866,18.871466,19.89502
CTGGTTTCGAGCAAGA-1,-14.988518,-7.212628,-7.0735164,-3.9514017,2.4675074,2.3391826,0.98596406,-0.29224548
CTGTACTTCTTAGCAT-1,13.131778,6.4097085,-3.2729533,7.3148947,-9.275168,1.8307368,-5.8896627,-2.907081
CTGTAGCCATCTCACT-1,35.030777,-4.2856965,-0.84026766,-8.291418,-6.870359,-3.66402,1.3786726,0.14988777
CTGTAGTGAGGATCGA-1,30.264643,0.16109394,0.5272235,-2.2304766,-0.26883817,7.4324203,-3.0803945,-11.015403
CTGTATGGTGTAGAAA-1,-15.355476,-4.107909,-2.0505028,-2.658394,2.3022642,-4.115161,-2.9463127,4.366723
CTGTCAAATGGCTCGG-1,-11.847603,1.975524,-8.113096,-7.108852,-1.5917275,-1.4320152,1.0879685,2.3764744
CTGTCACGCCAGGCGC-1,-8.874163,3.66627,10.033421,-4.017476,-2.7945783,-3.5211122,1.5851479,-5.005937
CTGTGCAGGGTAGGTC-1,-10.0414,-1.5983225,-5.267186,2.8977964,-7.987204,-0.38524267,2.4993749,0.97567385
CTGTGGTCGGGAGATA-1,-12.627718,-9.534011,-1.8075858,-2.921262,6.8783903,4.5725346,-0.69065034,-1.3156862
CTGTTACCCAATCTAG-1,12.36897,2.1487556,-1.0410551,-0.28018606,-5.4983473,9.194283,4.6592865,1.1779859
CTGTTCACTGCCTGTG-1,-11.341097,-3.7972898,-8.164796,3.937536,-1.6311009,-1.6187084,-0.29652312,4.900393
CTGTTCATCTCACGGG-1,-3.1499019,15.695582,-3.0261922,-4.515066,-1.5643611,-1.6311038,-0.34127644,-0.15591419
CTGTTGTTCAGTCGTA-1,52.34702,-10.558533,1.9410183,-6.796531,5.8401585,-2.6968327,-6.759679,2.5828192
CTTAACTTCGAAGTAC-1,-11.2315445,4.0612793,-4.2285714,-8.069456,-0.5346209,-6.983628,-1.0625577,1.4133978
CTTACACGGTATTCCA-1,-9.965359,-3.8465528,-2.9955387,11.74565,-1.8538916,0.79237074,-3.581851,3.738526
CTTACACTGGGAAATA-1,-18.448103,-10.729081,-1.5679609,-3.1132736,6.344533,-5.4853497,-1.4479784,5.9915814
CTTAGCCTTCCACATG-1,-15.297968,-5.7165585,-7.095705,-5.5970755,0.17153342,2.479201,1.7432969,3.8959444
CTTAGGTATAGACCAG-1,51.663975,-5.6289163,0.47123232,-6.11686,3.3250647,-3.1377075,-5.9834166,-1.2427969
CTTAGTAGGCCTACAG-1,-15.910035,-6.672697,0.45894527,-6.3277307,4.497253,0.13906531,0.01286445,0.36953235
CTTAGTGTAGTAGCAT-1,-13.369101,-11.562648,0.13008773,-0.9247635,4.5774164,4.357705,0.5544181,1.8910174
CTTAGTTGAGGAATCG-1,37.375607,-8.830826,4.456585,-1.4259118,-0.461978,4.7076793,1.3415731,-2.5676785
CTTATGCGCTCAGGGC-1,-10.8833475,-7.4563847,-4.5144033,16.876007,-3.7023768,-4.095942,5.275777,5.615217
CTTATGTTGACTACCA-1,-6.6515517,9.444157,6.1448116,-1.4053737,-1.5816555,-6.1259065,-0.64131224,4.003984
CTTCAACTCCACTTGG-1,-13.13306,-12.49257,-7.455166,2.5257576,5.217969,8.69679,0.14324689,-1.4468298
CTTCAGTGGTCGCCTA-1,29.272425,-0.20022811,-5.2847767,5.781778,2.79978,-9.63701,6.2956386,-0.3477315
CTTCATAGCTCAAGAA-1,-17.300436,-6.963892,-3.0077372,-1.5817846,7.713127,-6.179177,-1.3483422,6.54327
CTTCATTGTCAGTGGA-1,2.0947425,5.6646085,-3.334844,6.067938,-5.5939393,-0.58052814,-2.4254665,-4.572459
CTTCCGCTCCGTGAAG-1,31.268185,-7.020411,4.069304,-8.838113,-9.560052,5.4341893,4.2826915,-2.7553003
CTTCCTGCATATTTAC-1,1.0300391,15.828906,11.175332,0.5496425,-1.3756801,7.1939945,8.080015,-1.6170394
CTTCGGCCAATTGTTT-1,-16.50876,-7.599872,12.901161,4.9173846,-1.7193327,-4.437073,0.12697724,0.86681473
CTTCGTAGATAGGTGA-1,4.5355954,0.7067018,-0.4397096,9.920346,-3.952547,2.5318537,-5.306297,1.9312781
CTTCGTGCCCGCATCG-1,2.8298032,29.38106,-1.3191426,-3.3456755,-0.32572374,-4.601539,1.0302147,-0.35648617
CTTCTATGTTGAAGTA-1,28.356405,-0.15511113,-0.09040977,0.31059742,-7.724476,1.4666386,3.4829783,8.613219
CTTCTATTAATGCTAG-1,39.48701,-11.346954,3.7605126,-7.2071853,-6.8926263,2.6578372,0.25509688,3.7512062
CTTCTGGGCGTACCTA-1,38.90333,-6.6224623,3.0041816,-5.227425,-0.5196321,8.450473,-2.674931,-5.4256206
CTTCTTACGTCGTATA-1,-9.174194,7.049627,-4.4870343,-7.9393315,1.57148,-7.919609,-0.2834124,6.0899343
CTTGACCCGAAAGATA-1,-10.159539,4.0605416,6.8089128,-2.158096,-3.9131799,-5.4216523,-0.07140678,2.4595776
CTTGAGGTTATCCCGA-1,4.3910155,28.372494,-0.24338903,-3.5718994,1.5451236,0.19952068,3.6945817,4.157549
CTTGAGTTAGGGTAAT-1,-11.272593,-3.9079857,-1.4592851,-2.6752024,4.3871255,3.0400057,0.3109594,1.5503129
CTTGCAACCGCCTCCT-1,11.805912,18.72995,-8.41062,11.546579,1.6855032,-6.526235,-2.6878986,2.8278458
CTTGCCCAGGCTCTAC-1,12.603801,-1.5394609,0.8059467,6.1675034,-5.2041454,7.1237116,4.14208,-1.8986788
CTTGGCCAAGCTGGGA-1,8.996261,18.3727,-6.8904605,2.9847114,-2.4297101,3.8551857,-1.9997686,-7.1347785
CTTGTACTTGTTGACT-1,-17.353739,-9.199027,-8.622216,3.0255983,-0.60143113,-2.762845,-0.1875097,7.1314793
CTTGTCAACATTCGAG-1,-9.601725,-6.2139707,0.4753436,6.5613165,-6.5930924,1.1982913,0.87678707,-1.5096687
CTTGTCGTACGTGTCA-1,-1.0181829,15.686423,3.1585498,5.0667386,3.6064346,4.458448,-0.7568563,8.751741
CTTGTGAGGACAGCGG-1,2.5607595,20.914955,4.5074167,7.134075,9.126336,1.3936899,-10.82811,-8.909124
CTTGTGAGTCTTTGAC-1,3.4035509,21.960192,6.2613525,-4.5507693,-3.2309914,6.872508,3.565662,4.9593234
CTTGTGCTCACCGATT-1,-9.982727,0.7681112,-3.4692123,-11.58004,2.623385,0.6629214,1.7519398,-3.4750836
CTTGTTGCTGAGTCAA-1,-9.941154,-8.997269,-6.610797,0.2928393,-2.2171617,5.2567506,3.0601318,0.9470684
CTTGTTTATGTAGCCA-1,-2.944746,19.513987,-0.32548597,-7.270461,-1.912613,-4.945813,-0.31802002,-0.942746
CTTTAACTTTCAAAGG-1,-15.156188,-10.597268,-7.774222,-0.89985365,-0.17340721,0.33436054,1.071382,2.0585723
CTTTAATATTGGTCGA-1,-8.719415,-6.9500394,-3.4654865,3.546476,-2.1251736,6.625035,2.8159494,-2.7783191
CTTTACCGAATAGTAG-1,-13.424538,-14.165969,-4.2924447,0.2819806,6.626231,5.9810762,0.13837859,2.0332806
CTTTAGGAACACTGTT-1,-15.300592,-4.011389,-9.328094,-3.5509596,-1.3667288,-1.2644982,0.41708598,-0.6498298
CTTTAGTGCTATTATT-1,-5.8731937,5.6324897,-9.014724,2.6944633,-10.672654,-2.4479878,2.1730118,-4.445801
CTTTCTGTGCGGGCTT-1,-3.219145,8.731436,-7.75615,0.6052215,-5.72763,1.0453951,1.804943,-7.6571617
CTTTGAAACATATTCC-1,-1.6628429,12.631785,13.352466,-5.21638,-6.862449,1.3528249,4.474331,-7.2203727
CTTTGCATCGCTCTTG-1,-10.536814,-3.171639,0.5027938,-2.795531,3.2562995,1.2598939,-0.027473705,-1.6977915
CTTTGGCGCTTTATAC-1,-5.2374353,4.0290866,-10.0653925,-1.4676708,10.254996,2.8382912,-0.79502743,-1.9851168
CTTTGGCTTTAGTAAA-1,-8.159557,6.9360304,-9.363474,1.931485,-1.6415938,-2.138144,-4.0526257,-0.4410324
CTTTGGGATTGTTGCA-1,27.246641,-9.948907,-2.1303096,-4.339407,-9.821029,-0.30622402,2.197012,-2.5573092
CTTTGTCGAATGCTCC-1,44.019684,17.67053,-5.0672483,-5.866949,-0.1486965,-5.339468,-2.060909,-7.7355976
GAAACAGATGACCACC-1,-7.8404393,5.8651414,-5.4770203,-8.108426,1.7188879,-1.4926358,0.64767385,-0.9653453
GAAACAGCCATGCAGT-1,-9.847208,7.0970216,-4.779992,-9.431922,-0.74417615,-7.0479794,-0.44367296,2.2245605
GAAACATAGGAAACAG-1,48.53706,-20.09143,1.8462878,-1.1767441,5.260319,-4.889221,-4.559322,1.2438068
GAAACCATGGTGCGCT-1,-18.863659,-9.0234995,9.884915,-1.0425488,-1.7098709,-3.2293942,-1.4252003,-0.94864327
GAAACCGAATTACCTT-1,20.223509,-5.025509,2.1965017,3.8726246,-7.908699,6.2339034,0.41575733,-4.2493844
GAAACCTATACAAATG-1,20.849253,5.2308254,-5.432862,-6.353977,-9.966575,0.87763315,2.6763637,-6.665792
GAAACTCGTGCGATGC-1,-1.0441079,15.96644,-10.519469,-5.7651434,5.7046723,1.4080069,-2.6369023,-5.807214
GAAACTCTAATGAAGG-1,-13.120252,1.749097,-3.2813177,-10.429953,0.65545505,-4.7529445,1.6062844,2.3249183
GAAAGAACAGCGTTAT-1,-14.16448,-7.197329,3.2651722,-2.4626741,6.147623,2.8638365,-1.6560612,-0.6150941
GAAAGCAGTGCACTTT-1,13.958448,-3.4889138,-2.7223327,-0.9481413,-12.466517,2.7121625,3.032075,-2.5967126
GAAAGCCCTTTGGACC-1,-6.0494156,0.91928643,-12.183701,3.8702037,4.846391,3.217957,-2.7260654,-0.1930905
GAAAGTGACTAACTGC-1,-7.2000623,7.0295563,-6.068781,-0.67256725,8.26213,0.058167752,-2.7694385,-1.6073526
GAAATACCTGCTGGCT-1,-15.209612,-2.5712597,6.59683,-5.4740324,-2.336608,-4.068503,2.7350469,-0.56186754
GAAATACTAAACGTTT-1,-9.001857,1.5627524,6.835886,-1.302977,4.772855,-7.203122,-8.128161,1.5829223
GAAATATCACCATCAG-1,-6.3410325,2.9571717,-8.498922,3.4341137,3.7939162,4.134104,-0.5619325,0.2071607
GAAATATGCTTGAATG-1,-8.099432,4.249539,10.790915,-2.051787,-5.721311,-1.9452751,0.8800167,-5.7032385
GAAATCGCGCGCAACT-1,-14.847959,-10.95953,-5.0523963,-0.2158822,-1.1747956,0.14064811,0.8149561,4.542136
GAAATGGCGGTGTTAG-1,-13.692474,-3.4198067,-6.4581666,8.92203,-6.5577006,-2.3368423,-0.9942014,0.1778126
GAAATGGGATGTAAAC-1,10.6904955,29.137386,1.680017,1.8583635,7.816676,-6.5323873,-8.783157,2.9532964
GAAATTAGCACGGATA-1,-11.148088,-3.9680629,0.891761,-7.6183987,3.439517,-0.8729456,0.9676344,-0.30203468
GAAATTCACATCGCTG-1,-10.875107,8.309202,-0.5247119,-7.31308,-4.382347,-6.3803444,0.64527553,0.017694753
GAAATTGTCTCTATAA-1,21.66373,2.7866366,-1.0750552,6.3262343,-7.4965363,10.340654,-0.1950453,-8.264265
GAACAACTGGGATGAA-1,-7.665317,-1.6395463,-0.32920602,2.6502347,8.986693,6.15471,-1.2888784,-3.4472492
GAACACACATCAACCA-1,-16.059238,-10.97004,-6.9841847,4.6362705,0.52920735,-2.053967,-0.023789857,7.2154565
GAACAGATTACTAAAT-1,-9.523413,-3.672095,-5.41078,3.9041202,-0.995855,4.5458064,1.8649548,-3.929537
GAACCATCTGGGAGAC-1,5.7084265,22.41908,12.488209,-3.7647853,-7.9552774,6.7702603,6.4083304,7.5956297
GAACCCTCTGTGTTCT-1,-8.89098,-7.219874,-1.5465273,8.603987,-4.7063384,4.3856087,4.8121853,-3.8525734
GAACCTCGACCTACAC-1,-1.2505864,13.139285,-13.171623,-0.18018606,-0.7689002,-3.9284902,0.6790072,-4.5343366
GAACCTTTAACGATCC-1,-9.972089,-11.55206,-2.9886,0.3667616,6.379867,8.641714,2.5515983,-0.2951659
GAACGACCGAATGATA-1,-13.209401,-12.555022,-6.7666106,0.8652223,-0.5857712,-1.8035108,0.81935674,4.324871
GAACGCGGGTCACACG-1,-12.6747055,-3.9407609,16.162254,4.0906854,-2.057806,0.3286559,1.9572984,-1.3482732
GAACGTCTCATGGTCG-1,-15.985137,-13.353323,-7.3679957,-1.7022856,2.810605,3.0865164,1.5218774,2.359651
GAACGTTAGGAAGACG-1,-8.909652,-1.0132272,-6.1186137,1.1510949,7.919057,2.7157598,-0.15587401,-0.71327865
GAACTGTGGAGAGACA-1,4.130635,-5.9904413,-0.2199977,1.1276768,-1.4359784,8.197415,1.8741612,-6.9406977
GAACTTAGCGCCCGGT-1,0.5455068,8.674744,13.921449,0.6305886,-0.8571835,8.722212,5.1088595,-2.2426226
GAAGAAACGATATTGT-1,48.11204,-2.387821,-2.6556582,-5.6019206,6.1974263,-1.0467905,-2.7370524,-1.8074167
GAAGAACGGTGCAGGT-1,-15.860516,-6.0064487,6.8482394,0.8836893,0.8773325,-5.081598,-1.6909051,4.2593207
GAAGACTTCAATGCCG-1,-15.422269,-4.2539587,14.341623,3.680893,-6.0391097,-8.029769,0.21543145,-0.28593153
GAAGCAAGGCAATGTT-1,-1.3007425,10.585866,7.922268,1.6668597,10.11245,13.670145,2.7576935,9.954096
GAAGCCACTGATTATG-1,-6.5805173,-11.020365,-6.672996,1.7991033,-0.07907029,6.705747,-0.5755264,-2.0933306
GAAGCCTGCACATTCC-1,3.2638264,9.245775,-4.9426947,4.301791,-3.880655,1.1690396,0.68380636,-7.2708707
GAAGCGTGAGGAATTT-1,0.9557671,13.115788,-6.536975,4.0227675,-6.243425,-3.6726887,-3.8049595,-5.6421804
GAAGCTCGGACCCGTC-1,42.132694,0.50927055,-2.981286,-6.2574296,-0.67761433,-4.47135,-2.4116068,-3.1236534
GAAGCTTGCTGACCGC-1,-5.8220215,0.6002202,-8.89758,6.8164053,4.2456374,2.938823,-5.943324,1.0933936
GAAGGACTAAATTGAA-1,2.6453028,12.909431,10.602264,9.464634,16.003452,6.141429,-14.397963,-5.0217123
GAAGGAGTCGAGTGCG-1,-2.0567238,-8.736836,1.495566,3.8412752,-0.6589986,5.280932,2.2287004,-5.2048426
GAAGGGCATAACCATG-1,2.9101665,23.598326,0.099135906,4.8415956,8.647598,-0.38981864,-6.8543544,-6.8928423
GAAGTCAGTTGCACTA-1,9.984209,21.883024,-4.0164595,-1.0840268,-6.1702776,8.93952,0.35409778,-8.358888
GAAGTCTCCCTAGCGA-1,-8.893844,-2.0826719,-3.1712108,-4.7368627,3.1295118,3.169095,0.8058816,-0.40925148
GAAGTGATTTATCGTG-1,9.393237,0.025455961,0.042472184,12.055612,-8.8208475,3.971006,-3.4091656,4.6747117
GAAGTGCTGGATAGCT-1,-16.943817,-6.41407,-5.337322,-6.6397486,5.2615514,-4.1000886,1.2801503,7.4737377
GAAGTTTCCACTCAAT-1,2.5196464,7.8776484,-6.3100896,5.298486,-2.5674715,0.2913868,-2.8740306,3.5405848
GAATAGACGCGACCCA-1,-12.134963,-6.3129377,-1.9972786,-4.6771393,3.7698815,1.1282885,1.4603556,-0.47238454
GAATAGCATTTAGGGT-1,-14.631754,-3.55879,14.569974,3.8554325,-4.4838114,-2.2049837,1.0614629,-1.4981296
GAATAGCCCTGCGGTC-1,-5.4717274,1.8271027,13.938025,-0.8908162,-4.216215,2.1634703,0.2990532,-6.475879
GAATAGTGCTCGATTA-1,47.523277,-16.788605,3.4995453,-5.521251,0.8521623,2.5835345,1.441285,6.5104995
GAATATTCGGAGTCCC-1,-7.263606,3.386569,-2.3740044,-10.732915,1.8663137,-1.4026085,1.7166964,-1.5228684
GAATCGACATGGTCAC-1,-10.134298,-4.3586993,-9.829862,6.593826,2.899028,2.1642077,-5.2559214,4.320613
GAATCGCCGGACACGG-1,-12.331571,3.2677095,11.792884,1.296863,-3.7796729,-6.023866,0.7450959,4.7743974
GAATCTATACTCGGAC-1,-13.393999,-2.846223,11.509475,-1.8643961,-2.3522632,-3.076341,-2.5729768,-2.3214834
GAATCTGAACATTCTC-1,5.5474987,2.065768,-4.1148157,0.9477039,-10.761762,-2.7134044,0.74439573,-3.9346793
GAATGCCGAAATGACC-1,-6.137904,11.115553,1.011425,-6.432274,2.7293243,-6.081366,-2.453683,-0.12958018
GAATGCGAATCGGTTC-1,-6.311118,-3.365323,-3.9155285,3.161002,-1.2611204,5.7619233,-0.5521081,-2.6838799
GAATGTATGGCAGGTC-1,-12.7574835,2.474539,-0.035933115,-11.660119,2.6097858,-1.7264326,3.35964,-3.712995
GAATGTGGTCCGGATT-1,-7.6228666,-5.924221,-6.197625,-4.378002,-0.30316666,3.7322714,2.7676105,-1.7475365
GAATGTTGGGTAATCT-1,-9.239111,2.417212,-7.948357,-5.3403106,-0.8140024,1.90324,-0.8260693,1.2665805
GAATTATAGTGAAAGG-1,-9.258918,-1.4711758,-6.072666,6.9204073,-6.878709,-1.8303146,-1.0627685,-2.8028364
GAATTCACCCGGGTGT-1,16.371073,-16.045351,0.78548443,3.1412544,-9.80842,3.5406983,-0.936305,2.3207977
GAATTTCTCGCTGCAG-1,-3.7908478,3.8408878,-8.187262,1.5199258,11.346473,1.0315064,-4.073044,-1.1583112
GACAAACATATGCAGG-1,-15.244288,-8.42712,1.9083477,-4.480596,3.5893197,-0.17026637,-0.41857108,-1.638567
GACAACGACCATTGAA-1,-3.3275347,-5.8420877,-6.6864977,-6.428209,-4.4377337,4.604027,3.8317266,2.789004
GACAACGCAGCTTACG-1,-15.623434,-3.1029758,-8.14772,-1.5260633,0.84016,-0.5452923,0.39665395,7.371518
GACAAGAGATGAGATT-1,-2.1233547,8.281168,11.330104,7.791483,-1.7499001,3.8816273,-1.3641627,-0.87356395
GACACAAGGGAAGAAA-1,-5.2626443,4.7843776,-8.093619,-1.8165847,-8.567947,0.096235536,1.0778623,-0.73415315
GACACGAGTTAGAGGA-1,-8.467728,5.146201,3.035742,-3.7308176,4.690791,-6.94198,-5.886215,3.815076
GACACTGAGTTCAGTG-1,28.130636,-2.2062175,-2.589241,-1.6554329,-3.8401828,1.6217523,-1.9931239,-0.9313504
GACACTGGAACCCGAT-1,-19.371695,-9.48027,15.564228,7.071221,-2.8992095,-6.372751,-2.143504,0.9455695
GACAGATTTCTGGCTC-1,-3.9197726,5.2736864,-7.3603253,12.296841,-0.94039303,-6.9148507,4.2747397,-0.5730872
GACAGCCAGACCTGAC-1,-9.449392,-4.582267,-4.7491803,-3.460234,0.56150234,2.987218,3.4254782,-4.2202687
GACAGGCACACACTAT-1,0.30660114,-0.17888044,-6.763486,10.2964735,2.3388188,2.0490716,-5.2026324,2.8555737
GACATCCGTCGAACTG-1,-5.608297,-3.7670002,-5.6812444,1.355794,2.4875178,6.0920105,-1.0841029,-5.7302527
GACATCGATTTATAAC-1,33.476635,-2.7560198,-2.4023073,-9.610623,-9.405639,-3.6857865,1.6450768,-1.1700412
GACCAAACGTTGACTG-1,-13.619986,-5.781372,15.293022,9.517699,-0.010600102,-1.7610805,-2.7673287,-0.78704965
GACCAGAGCCCTGTAG-1,-3.143737,-7.919688,-3.0354495,8.633445,-0.8127859,0.78755534,-1.9431642,4.218558
GACCAGGTCATTCATA-1,-9.081933,1.6462249,13.511785,-0.29177466,-5.48382,-2.302243,2.0646737,-0.9518778
GACCCAATTATGATAC-1,42.71699,-6.5028453,1.2397124,1.4100659,7.397615,-1.7882974,-1.8380282,5.1108813
GACCCGTCGCCGGCTA-1,-11.692673,5.028309,3.8523457,-5.9854565,-0.9795534,-7.511149,-1.8224257,-1.1143798
GACCGACGTGAAAGCA-1,-10.854278,-7.4476676,11.575253,2.1840637,2.680009,2.753498,-1.7322191,-2.5526326
GACCGACTGAAGCGTC-1,-9.015365,-8.977814,-5.5738125,6.227715,5.928092,5.730708,-1.0441962,3.034558
GACCGATTAAATATGT-1,49.68334,-17.423122,1.1924416,-1.9408243,7.0279655,-1.4650692,-5.7020082,3.2294607
GACCGCGTCTGACGTG-1,-19.238876,-10.723503,14.36038,7.0260496,-2.0424821,-4.2361603,-1.0271003,2.1093159
GACCGTCAGGTCGTGA-1,-12.344901,0.91545606,-4.8166547,-11.771386,5.1769753,-1.0757478,0.74193805,2.9421725
GACCGTGCTGACGGTG-1,11.854482,-5.5469236,-2.1348681,7.482685,-9.597886,0.7929975,-4.978121,1.8117927
GACCTTCCACGTCTAC-1,-6.487897,-7.6751976,-4.431964,4.390787,3.2611208,9.31744,-0.21159698,-2.719291
GACGACGATCCGCGTT-1,-10.111271,-8.640819,-3.6361985,2.7756302,2.820592,3.5215828,-0.16128083,-2.195886
GACGAGGCTAATAAAC-1,-12.405301,-9.478547,7.2092433,-0.37313798,2.476661,1.4813713,0.8978042,-1.0379146
GACGCATACCCGTCGG-1,56.686428,-16.850847,3.893992,-5.8375435,3.0431,-5.8660874,-5.4043746,7.234763
GACGCCGTAAAGGCTA-1,17.33405,0.019412922,0.3337545,-1.842163,-10.694212,1.9133255,3.9977565,-2.761078
GACGCCTGTTGCAGGG-1,-5.7011213,9.461395,11.895711,1.7706277,-5.687959,-0.17654306,0.83605516,7.8168364
GACGCTTGCTTCTAAA-1,9.530137,16.73123,-8.803822,11.353551,0.65992206,-0.3975989,-9.256208,1.1396626
GACGGACCGCGTTCCT-1,-11.657621,3.8428411,13.035814,-0.8110134,-7.550153,-6.82863,1.4739834,3.0686016
GACGGGATGTCTTATG-1,-1.0081074,13.837845,3.134601,2.1277153,2.5566845,1.1421015,-1.2831758,1.0893108
GACGGGTTGGCCCGTA-1,16.99803,4.2642517,-0.17386702,-3.498938,-10.884521,6.7682314,4.528126,-5.3909073
GACGGTCAATAGAAGC-1,-12.172931,-5.01791,1.9737087,-7.1441493,2.2654886,3.632896,0.117727675,0.462008
GACGTGAGACTCCATG-1,8.841412,28.954132,8.187471,-1.9103146,0.010748781,17.305035,9.665534,23.24653
GACGTGTAGGGATTAT-1,0.45926812,22.427505,-9.308747,-4.2931585,2.727438,-4.54435,1.2023389,-0.96538436
GACTAACACAGCACCT-1,-6.2962313,4.695918,6.785491,-4.205398,-0.80426824,1.0252948,0.7549225,-6.268499
GACTAAGATCATGCAC-1,-14.531647,0.016274288,-13.776399,-0.08324132,-2.803915,-3.0982456,0.156575,7.7469926
GACTAAGTAGGCTCAC-1,-12.287715,-0.67359734,-10.796533,1.4207141,-0.26498047,-0.57692975,-1.5293926,6.854988
GACTACAAAGCGGTGG-1,34.145267,-2.7105997,-2.9397092,-1.6371913,-6.4303513,-9.995855,4.3800735,4.9832487
GACTACAATTGCTCGT-1,-16.331863,0.18855342,2.8115675,-6.1782684,-2.861848,-7.4339657,-1.037801,-0.17897704
GACTAGGCCGTTAGGT-1,-12.129549,-7.5195823,-6.2334437,-0.33241266,4.6234684,3.8166096,-0.7418616,-3.5140336
GACTCACCCACGTGAG-1,-17.099682,-9.087862,6.095752,0.7668337,3.1429598,-1.2055174,-0.008794563,-1.7360699
GACTCCCAGAATAAGG-1,-18.298288,-6.1502843,9.938022,-1.7238654,-3.5479314,-5.745542,-0.9416056,0.1490649
GACTCCTTCCAATTGA-1,39.883743,-4.236541,-2.8014524,13.229253,18.635706,-7.501054,1.6789279,-5.845327
GACTCGCGGGAATGAC-1,-13.815476,-4.144685,-3.6401575,-9.384459,2.076823,2.004477,1.816096,0.2256832
GACTCGGTCGGCGGAT-1,5.0391345,18.886562,6.394816,-2.3338249,-0.54711,5.0754857,3.703021,-4.8593845
GACTGATTGGTCACAA-1,-9.807171,-1.5440706,12.837316,-0.81811434,2.0227616,0.16534443,-2.7246711,-3.929768
GACTGCAAATCGAGCT-1,-10.6366415,-10.843442,-4.552886,2.7162304,3.0322206,8.705029,1.2484089,1.0364122
GACTGCACCAGCCCAG-1,-8.057526,-1.2644775,-5.481203,-5.621253,-0.63115084,2.745849,3.3214705,-1.0768751
GACTGCGGCACGTGTA-1,-11.104503,-3.3278744,1.258218,-0.99219257,5.101801,-2.0668752,0.992273,-1.3796297
GACTGCTGGTGAGAAA-1,36.15325,-16.718752,3.6943498,-2.296754,-2.914915,4.59122,-1.3760316,-1.714947
GACTGGGCGCCGCAAC-1,-15.690107,-5.405704,13.088739,0.5625539,-2.9078543,-4.827313,0.5429088,-3.441319
GAGACTGATGGGTAGA-1,-11.328738,-4.6978083,-6.4508963,5.9942217,-5.5744767,0.9118849,-1.411315,0.7135441
GAGACTTCGCGACCGA-1,12.373083,16.96042,-4.4658265,-3.6015189,-10.503734,2.1937573,1.0738059,-6.3295274
GAGAGGGCGCGAGGTT-1,-1.1445512,-0.9983282,-4.264185,14.747484,-4.0518217,-4.4399104,-6.682749,2.8863342
GAGAGGTGCATTCTGG-1,20.593323,-5.239804,-2.008332,11.23249,-5.5157857,-1.7783136,-7.476112,11.324365
GAGAGTCTCGGGAGAG-1,29.283876,10.21093,-1.4469533,-1.6344981,3.1408246,6.679864,-4.091167,-12.873683
GAGATCTGCTTGGCAT-1,-7.000217,6.6329465,-6.0726876,6.5692673,-3.4810717,-2.177604,-2.8110769,0.16087356
GAGATCTGTCACTCCG-1,-10.199061,-9.387681,-3.6871197,0.38990694,-1.162812,1.4709725,-0.4026558,1.768425
GAGATCTTCCATGACA-1,-14.703646,-10.316966,-5.31739,1.7273216,-4.815406,3.0141375,3.1436489,1.8327414
GAGATGGGAGTCGACA-1,-13.049824,-11.82642,-5.6360445,4.633857,-0.29197666,2.832915,1.7435474,-0.9059949
GAGCACCTGTGTCCAG-1,-12.1991205,-16.479641,-3.9465585,0.59169036,6.529863,6.4658093,2.339436,1.6651896
GAGCATCAACAACTTG-1,45.360188,-11.478963,2.5359483,-5.492698,1.9539659,3.724195,-0.94786453,-3.3302379
GAGCATCATCCCTGGG-1,-14.065414,-2.2374954,8.613116,1.3177015,-0.24455138,-5.6922565,-0.4718107,5.121027
GAGCCACGGTAGTAGG-1,-12.479855,2.037918,10.823453,-1.8093336,-6.0396004,-10.84636,-3.8019779,2.2998266
GAGCCAGCTACCTGTG-1,-15.389665,-11.502288,-2.2137127,-3.157379,5.209788,3.8320243,-1.9024944,-1.62825
GAGCCGAGCGTTTATT-1,-8.572798,0.9001527,11.475099,0.5221144,-0.42856118,1.7783337,2.5725832,-6.8118224
GAGCGAGGGAGTACCG-1,-7.2797117,10.593534,-2.3340082,-4.588151,0.735949,-3.7048824,1.0603298,4.5386925
GAGCGCAAATACTCCG-1,-14.7909355,-6.8797846,10.669701,2.6877549,-0.43579865,0.09569739,0.8278869,0.5647321
GAGCGCGCACGAGTAG-1,-7.9669623,-3.0110872,1.987914,-3.9704487,5.3881793,2.9825988,0.17495324,-2.3940437
GAGCGCTATGTCAGGC-1,1.6436034,25.132776,-0.091327704,0.21118964,5.237438,-4.071646,-1.067983,6.434271
GAGCGCTGTTAGGTAA-1,44.626625,-2.657277,0.99923974,-5.0434365,2.6536808,-2.6876314,-0.7157018,-2.4764478
GAGCGGAATGCGGTGT-1,17.748602,3.272993,-0.33443666,-1.5761176,-4.389954,4.993874,1.8001378,-5.8366237
GAGCTAAGGGCATATC-1,-7.190897,-9.142021,-6.4463115,-4.204281,0.23641957,2.0505142,1.2845398,4.309746
GAGCTCTCGGACCTAA-1,-8.391493,5.1087465,5.846953,-0.2576696,-2.5520205,-4.146973,-0.2622086,2.7254333
GAGCTGTCGTCTCGGA-1,-12.402895,-4.9694324,9.871547,-3.2450867,0.5820025,0.21283247,-0.13072965,-1.4750737
GAGGAATGGAGAGGTT-1,-3.1920464,11.181787,-8.212873,-3.216091,3.8698149,-0.18244776,-2.3680344,-0.98652333
GAGGAGATCCTCATGC-1,14.124836,49.797905,-6.241218,-4.5454803,2.8229475,-15.798218,-7.3088164,-4.889091
GAGGAGTAATTCCTAC-1,6.902618,28.445496,4.511272,-2.2454715,2.471008,6.9454837,3.3340778,6.060309
GAGGATAAACAGTGCT-1,-16.420576,-6.7350388,8.773201,-0.4527483,-0.6238003,-2.5414734,-0.49231797,-1.3494711
GAGGCCCGACTCCGCA-1,47.84356,-9.368143,2.5784578,-0.068841,4.170204,-2.5027332,-5.114257,1.3753966
GAGGCCTGTTGATACA-1,-11.3211975,0.1048647,9.224263,5.8351603,-2.8814735,-2.2298229,-3.358539,-0.73787034
GAGGCTATCAAAGTCG-1,-4.3035116,0.076889545,-5.152228,8.007634,3.6130793,4.8133717,-4.797681,2.1648386
GAGGGAGTCAGATCGC-1,35.10008,-6.315403,6.1655374,-4.5789137,-2.9757304,8.0291815,0.93907034,-4.916473
GAGGGCATCGCGTATC-1,-2.2202718,12.586206,5.5291495,-3.0896463,-6.3190317,-0.7195785,0.7669215,3.691624
GAGGGCGCAGCTCTGC-1,-13.067152,-10.414432,-1.6981876,-2.9680865,2.4861307,2.8158221,2.6019983,3.4158254
GAGGGTAGTAACAAAG-1,48.668686,-13.30279,2.2227652,-5.7915845,3.1663074,-0.103986055,-3.356506,-1.7968429
GAGGTACATCCATCTT-1,-11.7196455,1.7488462,-3.6769388,-10.038298,1.6693295,-3.4112737,1.0817403,3.962147
GAGGTACGCGTGTCCC-1,-5.1563864,-9.723701,-1.2094247,4.596515,-2.341298,7.56532,3.0665116,-4.6108117
GAGGTCCCAAAGATCT-1,-6.5524554,6.88227,3.1414475,-3.5097241,0.15000889,-4.1525197,-1.9276712,-0.10006533
GAGGTCTTAGTGGGTC-1,-12.788965,-2.811911,10.786562,-1.0400969,-4.7220025,-2.5719867,1.9620064,-2.054368
GAGTAAACCGGAAAGT-1,-1.012108,5.306057,13.978827,9.300545,6.6210175,5.782096,4.2121515,2.6363037
GAGTAAGGCCACGGGA-1,14.701767,0.5203743,-3.3797495,8.588595,-5.475257,-6.450652,9.046879,1.8479289
GAGTACGGGTATACAA-1,-12.427029,-5.7264514,4.660084,-0.90520793,5.2011333,-7.6617794,-2.5889769,3.3456693
GAGTAGATACTAGTTG-1,-10.486704,-4.1805005,-5.5927835,6.7887416,-3.5047014,3.2116616,-0.9254442,-4.985945
GAGTATGCCCGCCTTG-1,43.590336,-16.071959,4.0579,-5.105836,-5.1457505,1.0929769,1.5645626,5.312885
GAGTATGCGCGTGCAT-1,-6.308215,2.8079414,-7.7263007,-2.3330214,0.13953166,5.2308483,1.0210729,-4.280292
GAGTCAGACCAGAATC-1,26.779348,-1.310177,-2.3386128,-7.057024,-6.3025985,-0.21811894,4.7815275,-1.098667
GAGTCCGCTTACCGGA-1,7.6799307,3.0177505,-2.412219,8.659555,-10.750572,5.6315446,-0.6880166,-0.65201145
GAGTGTCAACCAGAAA-1,-10.501179,-7.5067067,0.013278098,-0.88167816,7.782926,7.282969,1.2282166,-3.4487464
GAGTGTGCGGTACCCA-1,-15.69851,-12.738115,-4.813417,-1.8875747,1.4395345,2.4711359,1.9025756,0.9515111
GAGTTGATGGCAATTT-1,26.873726,-9.224638,2.4199474,9.385481,-5.5762706,-19.543297,19.847197,8.806095
GAGTTGTCACCAGTCT-1,44.745308,-6.243006,1.9991082,-0.6507363,10.295904,0.12646115,-10.567754,3.8620992
GATAAATCGGTGGATG-1,-16.900309,0.46636793,0.8413025,-2.4816327,-0.00021968111,-11.002855,-2.0827966,3.581227
GATAACTCGCACTGTG-1,-7.8825846,-6.947664,-5.3032093,-4.689733,1.8142992,3.2252383,1.9718311,0.78152436
GATAAGGCAGATGCAA-1,6.215209,20.171658,8.428303,3.2035043,2.1130915,9.709512,1.1722773,19.764412
GATACGATGGGAGTCA-1,22.727375,-7.681902,0.22853959,0.7082708,-5.3418546,2.2466726,-3.6514995,-0.17166066
GATAGGTAACGTTGAC-1,13.20441,-1.8412057,-0.23622486,0.010549976,-10.560999,7.068482,4.4984493,-0.41815683
GATAGTGCGAGTAAGT-1,28.08296,-12.445757,3.799776,-0.14398013,-2.462738,6.164282,-0.3773178,-1.5322808
GATATCTCATGCAATA-1,-11.739749,9.416934,-5.1209674,-11.103895,-0.36034203,-11.161408,-2.3317537,3.8881123
GATATGAGACACTAAC-1,-11.561403,-11.227712,-5.306866,-0.6349921,-3.532001,3.7372193,4.138804,-0.015020249
GATATGCGGTAGCCAA-1,-11.916089,-5.6255956,-0.7510153,-10.410482,2.564345,-2.0485268,2.2383718,-0.35608983
GATATGGATTACGCGG-1,-10.225328,-1.5468655,-0.64805603,-0.8809905,8.589727,0.043897804,0.1112097,2.1415179
GATATTGAGATTGGCG-1,-5.980888,3.474192,-2.2478476,-8.133822,3.1799142,4.9752345,0.7710287,-3.4675145
GATATTTCCTACATGG-1,-7.6818776,1.8841741,-2.3389232,-10.362131,1.0276161,-1.3582182,1.3083802,-2.6726842
GATCAACATAAAGGGA-1,42.431587,-20.542624,3.556561,-1.6094437,0.6667424,0.9554604,-3.5367692,2.7304218
GATCATTCCAAACATT-1,-6.14547,-5.3634095,-1.4919078,7.7159534,-2.8712177,0.17224517,-1.7145302,1.0985793
GATCCCTTTATACTGC-1,-13.857325,-8.589663,-2.593384,8.283662,-5.178155,0.017449105,-1.8342038,1.8185337
GATCCGGGAATTAACA-1,-14.301907,-10.679096,-1.9558715,4.884561,-7.2702413,-0.6180127,1.9172144,-0.9436221
GATCCTAAATCGGGAC-1,-13.198133,-4.798381,-1.767086,-8.197429,-0.14840166,1.1585184,1.5408463,1.3795866
GATCCTCGACACTGGC-1,44.100956,3.064457,-1.1171764,-6.9422174,-5.563977,-5.1912336,2.2480962,4.444694
GATCCTCTTGCGCTTA-1,-12.3222275,1.3464842,5.1246657,-2.4004333,-3.2342393,-3.8107107,-0.46718025,-1.7779393
GATCGACACTATCTGA-1,-7.542497,2.7368593,-9.25203,4.272648,0.041619543,-0.28913337,-1.8580551,7.2255626
GATCGCGGGCTCTCCA-1,6.3825965,13.919148,-4.6600237,8.023782,-2.4812922,0.7027767,-5.5430517,-0.7734127
GATCGCTACCCGATTT-1,-13.335769,-6.3552365,0.7719204,-4.978703,4.28951,0.85929346,-0.843868,-1.0385512
GATCGCTATATCTCAG-1,31.409391,-13.2304125,2.8919742,3.9383152,2.4367616,4.177861,-2.18215,-1.1969409
GATCGGATAGAACCAT-1,-10.036202,-6.085737,-7.075543,10.588042,-3.7551067,-3.0085838,3.1299686,4.394082
GATCGGCGATAAGTCG-1,-4.6355615,12.060746,3.4762588,-6.9167447,-1.6005615,-6.4362187,-0.6433454,-4.0650277
GATCGGTGGCCATAAC-1,-12.196928,-7.2251954,-6.3799267,1.7735465,-3.956232,2.1658256,0.12647437,-0.10414939
GATCGTGACTGATATC-1,-9.690945,-0.81508386,-6.0182943,-0.12384603,-9.910191,-0.36880085,0.45021367,-3.7744958
GATCTCGACGCTGTGG-1,-7.3261952,6.3930793,10.034243,7.675241,3.0009484,0.40078995,1.0355586,-2.2801604
GATCTGCTATCTAAGG-1,4.297952,5.243102,-0.73239654,4.042356,-8.608855,7.699531,3.2133832,-6.85753
GATCTTGGAGGGCATA-1,-12.821798,-7.9957533,-2.7265084,9.515434,-10.977479,1.0158453,2.3453343,-1.4200506
GATCTTTGCAGGGTAT-1,-8.066377,0.579232,-4.3368645,13.859591,-5.515009,-4.487445,-6.808648,6.144658
GATGACAAGTAGGGCA-1,34.69908,-9.276939,3.4560163,-0.40544182,-0.7453508,6.131293,1.0124763,0.7736895
GATGACGATGATCGCG-1,-3.1010187,5.096645,11.146637,-2.697403,-1.1896904,4.023929,7.016131,-0.5512581
GATGAGGAACCTTCGG-1,-4.382133,0.73882276,-3.9039652,0.264518,7.300445,3.475088,-1.084309,-4.0133004
GATGATTTGAAACTGG-1,-1.9921441,7.479851,7.0383224,2.2875152,-0.95616853,4.684309,-0.57149464,4.4940295
GATGCCACACTACAGC-1,-2.7810092,8.153464,5.1415577,-0.22483043,2.3790374,2.8563535,1.2627695,3.27475
GATGCCAGCAGAAGGC-1,-0.037778556,20.328146,0.6139878,-7.2816086,4.816687,-0.49384212,3.093631,-2.1748378
GATGCCTTCTGCGGCA-1,43.45843,-6.1960545,0.5090697,1.8429027,5.716717,-1.2571142,-5.4810057,-2.4797697
GATGCGTCCTGCATTC-1,3.9570825,4.518946,-3.6590967,4.3595815,-4.3911,-0.6208476,-3.845782,-0.19046803
GATGCTACAAGCGCCT-1,-11.244954,2.2138448,-3.5428042,-4.5802045,2.5666392,-3.6647787,-1.8862004,2.079012
GATGCTGTATTTCATC-1,-7.325182,-2.541077,-4.253928,-0.6593224,-6.8593054,-0.48272964,2.2419991,-1.2939334
GATGGCGCACACATTA-1,-12.786721,2.3223357,0.95132023,-5.482332,1.4858022,-2.3475957,0.37229222,2.1444259
GATGGTGCCCTAGGCA-1,-11.08115,4.8128767,-1.7949889,-8.611602,-2.738522,-3.878409,-0.19647355,0.6375743
GATGTAACGAACCACC-1,47.471172,-9.051113,2.3107035,-0.7227953,0.46997127,-13.894082,10.013452,7.3057804
GATGTCCGGATCACAT-1,10.492257,31.795473,4.363759,-4.009953,-0.16303007,13.563785,6.395936,11.17615
GATGTCGGTCAACTGC-1,-18.046024,-5.9764113,2.7669291,-6.583875,1.5607358,-6.5100226,-0.46668243,2.7339544
GATGTGTTGTCACAAG-1,-11.030744,1.4665034,5.5726614,-4.3830867,-1.7647218,-4.1380706,-0.8172635,1.5397077
GATGTTCAATCCACGA-1,19.64543,3.9746063,-3.8395543,6.840835,-2.7717965,0.9624118,-5.84513,-0.26592606
GATGTTTGTGCGAGAT-1,-8.43567,8.155291,-0.84875464,-6.68959,4.0778275,-6.7248697,4.0386996,-1.0196002
GATTAACCGAAAGCCC-1,-8.709513,-5.988621,3.3920324,-2.965598,7.4545784,5.4314404,0.26298967,-2.4717371
GATTAATCCTGGCTCA-1,0.09714897,20.32913,6.1504936,4.383415,5.2819695,6.7571893,3.8418736,20.044716
GATTACTGAATTTGGG-1,11.19744,10.125242,-6.1098294,14.716318,-2.943263,-1.5504636,-14.13821,-1.5508457
GATTCCCTTGTCGCAG-1,-7.2170773,1.4169546,-9.664746,-1.4124368,-3.1496274,3.653655,0.54365474,-1.9357032
GATTCCGCGTTTCCGT-1,-7.685152,8.077314,-9.040382,-9.955835,-0.13175754,0.19439141,1.9380245,0.1692217
GATTCCTATACGGCGC-1,-4.4861946,15.92959,-7.555763,-6.2901278,2.7302654,-2.8485968,-1.1790259,-2.5612426
GATTCGACGGTTCACG-1,-10.580407,1.8129088,-6.7835073,-0.765253,-9.126405,-1.9832633,1.5487964,-4.7259865
GATTGACACTCTGCTC-1,-11.09705,9.315045,4.580231,-3.8715346,-5.3868074,-7.516,1.1499572,-1.4304216
GATTGCTCCAGTTGCA-1,46.354057,-12.722619,2.976575,-4.987348,6.0163074,1.4987714,-9.260248,-1.7907463
GATTGGGAAAGGTTGT-1,-10.082453,-4.516714,-4.1576324,0.20205188,5.0273023,4.0610304,-0.5058248,-3.1720805
GCAAACCCTACATTAT-1,-12.67354,-5.634345,-6.734072,0.41750488,1.8028158,0.9146788,-0.14102077,1.2820671
GCAAACCTTGGCCATA-1,-1.7630109,-1.1227199,-5.4756007,5.23433,-4.448106,9.477492,4.172592,-9.0422535
GCAAACGTAAGCGACC-1,52.862873,-10.897677,-1.1697651,-6.9347124,5.7768164,-9.901497,-5.0734296,7.4950495
GCAAACGTCGCCAGGT-1,-14.884621,-4.3914165,14.358767,4.9510875,-3.0639648,-2.1975577,1.4311905,-2.1404836
GCAAAGGGCGTTAGCC-1,45.108273,-13.704766,2.1424491,-0.04366371,4.716961,-0.4154666,-6.4308753,1.364099
GCAAATATTACGCTTT-1,-5.7231126,2.2304893,-3.837101,14.762483,-4.5317917,-1.5792204,-9.4410715,2.5588586
GCAACACACTAGAACT-1,11.50121,7.242229,-1.0991467,13.614361,-3.676906,-8.951836,5.3322563,9.023268
GCAACAGCAGTATGCG-1,-16.5971,-8.031314,8.756313,0.69113415,3.0625033,-1.9106497,0.8451493,-1.615057
GCAACCACCAGACCGG-1,-9.536229,-2.460173,4.272718,-6.4650493,1.0262322,-1.4694123,2.3876588,-1.1770701
GCAACCACGGCCGCGT-1,14.077187,-0.23628092,-2.8879256,11.186693,-5.148276,2.5497313,-4.9274087,6.9013014
GCAACGGCTAGTTATG-1,-15.481946,-9.919115,10.946578,2.2567265,-0.121613085,-1.5340364,-1.6014411,-2.579239
GCAAGAATTCCTTGGC-1,28.396143,-5.581765,-0.55290717,7.184477,-2.0053844,-2.1306114,-6.03509,3.3870215
GCAAGATGTGTTCGCG-1,-5.996394,-0.6206721,13.016812,1.8072115,-1.5572684,2.8893907,0.4556571,-3.9015875
GCAAGTGCACAGAGAA-1,-16.06217,-10.770368,-4.1803703,5.03718,3.163816,-0.33990356,-1.9749558,6.6040034
GCAAGTGTAAAGCATG-1,20.462,-4.3314414,1.0043523,-2.2115998,-3.5278559,5.88017,0.011857314,-5.0050178
GCACAAACCCTAGATG-1,50.123646,-1.6589417,-4.0811462,-9.050454,2.417248,-3.3396645,-4.8202133,-1.7533232
GCACAAACGAGGCGTG-1,-13.7764225,-4.74382,15.238943,1.0582778,-3.496397,-0.73814774,0.7141124,-2.8985045
GCACAACCTCGGGCGT-1,43.448135,-13.575833,2.3450124,5.7640395,9.083761,-5.4346056,-3.540198,-1.3390758
GCACAAGTGTCGGAAG-1,-10.757895,9.971563,-4.1883135,-7.689435,-2.550291,-7.187722,0.6982471,2.303399
GCACACACTGGTAGCC-1,-13.834691,-9.406411,3.0805724,-0.36917457,5.3489923,2.3725808,-1.6181543,-2.1454225
GCACACGCCCATGGTC-1,-4.954276,8.8027115,-7.1002812,-1.4610189,10.474181,0.52611053,-2.108457,-1.6390449
GCACAGCACGGGCCGA-1,29.64768,5.35016,-1.7070447,2.2065563,6.5887628,10.895608,-8.062623,-16.341887
GCACGCCTACTTAGAT-1,45.412987,-3.6360645,0.31819594,-10.146191,-6.422852,-4.5908732,3.6450264,2.3687277
GCACGTGGTTTACTTA-1,-8.006392,-0.72424155,8.205291,7.29943,0.93327117,-1.0669258,-4.615512,-5.071762
GCACTAGTCGCGCTAT-1,-12.854391,2.283817,2.5106719,-2.4651685,-0.48253116,-7.0644526,-1.0548704,0.94600517
GCACTGCCTACCTTTA-1,-0.7821242,2.815517,-5.233295,-0.6662913,0.75160867,9.426759,1.7420385,-8.715614
GCACTGTGCAAATGTA-1,10.324218,25.235788,10.403074,-1.2632633,1.2422061,17.206486,7.7270117,10.543371
GCAGACCCAGCACGTA-1,-10.424452,-4.101032,2.6592987,-2.020222,2.7313821,2.2855153,-3.168398,-3.4162345
GCAGATCCATAAGACT-1,-9.806938,-2.3510723,-6.0374303,-3.6554441,3.8630261,3.5160317,-0.2383845,-2.0243762
GCAGATCCTCGCAAAT-1,-8.089795,7.4021134,1.3347107,-4.930099,3.9207242,-4.491178,-0.5209468,-1.747956
GCAGATTAGGGATATC-1,-5.888245,-9.099105,-0.071548,9.380434,-6.998985,-0.0020692297,1.4117674,-1.3321054
GCAGCACACAGCCCAG-1,11.395569,23.667467,-9.741017,11.881139,-0.5708923,0.35887688,-8.613218,0.06495963
GCAGCCTATATCACAT-1,-11.84148,-4.4353857,9.631278,1.3149506,2.2515533,0.7713015,-1.9595588,-4.7531757
GCAGCGGTGGGCATTA-1,11.888143,30.176758,5.0558887,-2.155071,0.15779407,11.24675,10.7089205,16.766602
GCAGGAACTTAGATCT-1,35.216858,-3.8122094,-4.6782756,18.426744,15.199686,-17.597971,23.435051,1.897463
GCAGGACTATAGAATA-1,-8.51587,-7.92936,-4.675372,14.058556,-4.9169054,-1.5210402,-3.995143,4.8948097
GCAGGTAGAGTATGGT-1,-10.239985,0.9846192,0.1988038,-10.649361,3.0508604,-1.3960512,-0.1436379,-0.9720454
GCAGTGTGGCTATAGG-1,-16.280058,-13.3937235,-4.758687,-2.4419584,6.8090405,4.4377255,0.49369365,1.6100122
GCATACGAGGTCTTTA-1,-11.982254,-2.585176,-8.348703,4.9871945,-0.60500026,-3.1755254,-0.56083405,5.972452
GCATAGAGCACTCAGG-1,-4.005966,-5.757259,-2.594403,11.422652,-6.797084,-3.1791816,-4.228993,3.6581085
GCATCCCTAACTTTGA-1,-15.767705,-4.8404393,-0.44699937,-2.0387917,3.8902986,-7.5388327,-1.9725277,4.9239855
GCATCGGCCGTGTAGG-1,-9.521076,7.5407095,-0.7012205,-5.8767357,0.15554765,-5.228723,1.8585771,-2.126839
GCATGAGGGACGCGGC-1,-8.883493,-11.413681,-4.660292,-5.2599993,1.5566111,4.4078627,2.387399,0.52822316
GCATTCAAGGCAACGC-1,-15.536798,-6.983243,9.259357,-1.4704325,0.6659476,-2.9455075,-1.2418234,-1.4493436
GCATTCGAAATGAACA-1,-9.547105,2.4911833,-2.227436,-3.6778219,8.686293,-3.43913,0.46937785,-1.8494356
GCATTGTAATTCATAT-1,-8.124029,-6.497303,-2.9274507,14.92757,-2.9751775,-3.9150329,-4.30144,4.6694264
GCATTTCCAAGGCTCC-1,-16.24742,-7.2470975,11.21877,1.6787407,0.08176058,-3.4182234,-3.542215,-2.3568556
GCCAACCATTTCCGGA-1,-15.564405,-7.7367716,9.653365,-2.1256247,-1.5734189,-2.2528567,-0.6368754,-0.43082967
GCCAAGAATACTTCTG-1,2.5152202,-1.3940762,-1.1941481,16.409826,-4.91551,-5.897644,6.413899,4.2784677
GCCAATAGGGCATCTC-1,-15.762494,-4.5336037,3.5796297,-6.4481125,0.9327585,-1.8426379,-0.07565686,-1.028044
GCCACAATTTAAGGAC-1,26.912157,-4.0025687,0.44715473,2.7959592,-2.9406238,-2.0969567,-2.1323876,0.72510487
GCCACTCAGAGCGCGA-1,-17.716408,-12.897948,5.708386,2.1417017,4.8121433,0.15366842,-2.5053978,0.74658
GCCAGGAAAGAACACT-1,30.244457,4.643957,-3.3122988,0.108767465,4.3585386,4.774005,-6.354902,-10.190874
GCCAGGAGTAACCGAT-1,-12.799575,-7.5087786,-4.888419,-8.828495,5.729821,-0.40602386,0.96347207,2.4718318
GCCAGGCGTTCGCATG-1,-11.352685,-1.3295374,4.727716,-4.3631735,0.8343418,-2.837586,4.020406,-6.06408
GCCATATTGCACACAG-1,-8.524304,1.3033158,-6.446139,-10.489482,3.7454433,0.24130516,3.5524278,0.91609037
GCCATCGAGCTGCGTG-1,28.525417,-9.480322,1.6357365,-5.003114,-4.529564,1.2040211,7.1161194,4.2981887
GCCATCGATGCTGCAT-1,-14.677323,-5.8734875,9.932245,-0.5558129,1.685636,-1.0698831,-1.9100379,-1.1507128
GCCATTAGCCTCAAAC-1,25.235308,-15.260519,1.4079669,13.436252,9.948008,-4.5205393,4.0936465,1.2703116
GCCCACCAAGGCTGTC-1,-5.350445,16.541752,4.5594044,-4.6612787,-5.8039975,-4.306547,1.682045,2.192799
GCCCAGTTGGTATGCC-1,-10.295438,-0.43928078,-3.3015249,-2.1651604,2.7623568,-3.5364294,-0.49872604,4.69347
GCCCATGGGTGCAATG-1,-13.580323,-4.8806915,16.285397,0.46710902,-3.5733228,-1.732375,0.6792035,-3.5959177
GCCCGACTTCTTCCCG-1,34.91604,4.8215804,-1.6501094,3.3723917,-3.8559604,-8.892459,7.7300897,9.221192
GCCCGAGAGTCTAAAT-1,48.469543,-7.9955254,3.3379931,-0.5983604,5.578174,-0.2767585,-4.556466,-1.7286245
GCCCGATCTGTGGTCG-1,-3.0737054,0.39507654,-0.93376976,9.367621,-6.6120253,2.483913,-1.199358,-2.2874913
GCCCGCGCGTAAACGG-1,45.211037,-12.365035,2.6164737,-7.1139073,-3.1187463,0.63734245,1.2671274,2.749918
GCCCGCGCGTTTGACA-1,-8.345109,-1.1397965,-3.8177109,-3.0449443,4.439095,-4.004146,-2.4371095,4.2624826
GCCCGTAATACCTTCT-1,-14.90415,-13.287213,-7.7413297,-1.4047192,-1.404297,3.0043867,1.8483752,4.394471
GCCCTAGCCGTCGCGA-1,39.31521,-5.9876924,-0.5424457,7.8343167,8.152161,-6.9201117,-1.904485,2.4034934
GCCCTGAGGATGGGCT-1,-6.076752,-3.287479,-4.8297477,2.1164136,2.5005403,9.0184145,0.63966763,-1.2672086
GCCGAAATTCCTACGT-1,-3.4409661,4.751875,-6.752858,12.612359,-5.9274,2.106557,-4.133906,2.5890012
GCCGACCCACGACTGC-1,47.237167,-8.655439,0.18365797,-2.094878,5.833396,4.2825675,-2.5774558,-1.6463677
GCCGATTGGCCAAGCT-1,12.210438,28.431713,-12.09608,4.5843277,-4.0662203,4.1447988,-2.0543542,-8.233765
GCCGCATTAGTCCGGC-1,-10.143964,1.1677294,-12.922772,0.18691653,2.5496578,-1.5215974,0.22662999,1.2386218
GCCGCTAGATACGCAG-1,-7.9572563,2.7082498,12.230625,1.1612024,-3.988006,-1.9500035,1.6750293,-1.6001496
GCCGCTTGTGAGAAAC-1,0.22790185,10.872087,-6.3490076,11.795656,-1.0163782,-3.213463,-8.328185,2.1820073
GCCGGAAACACATCTT-1,0.69351584,15.803426,10.871409,-4.704285,-4.5581465,2.7585247,3.3977463,3.0447981
GCCGGGTTAGGGTCGC-1,15.198543,8.680167,-2.7473454,3.9460654,-3.116103,7.951143,-0.9432776,-6.00792
GCCGGTTTGGGCGGAT-1,-1.7546369,10.453886,4.6886697,3.1454687,3.8534312,1.701309,-6.1749563,3.6041334
GCCGTCGGTTTCGGGC-1,32.364834,3.4755132,1.8710934,-2.5141683,6.4574327,14.507516,-6.0462484,-19.124775
GCCGTGGAAGAAATGT-1,-13.966899,-7.4518986,12.791111,1.5345752,0.18992203,-1.4427576,-0.021781273,-3.0025218
GCCTAGCGATCTGACC-1,-13.872951,-0.21795803,-4.691625,-1.6257894,6.010999,-3.6449993,1.0332747,5.038072
GCCTATAGTGTCAGGG-1,-13.592503,-8.323717,-4.519835,-5.193467,2.93637,2.6145039,0.8662083,-1.1631342
GCCTATTCCGATATAG-1,-6.5646725,8.796315,-5.8801093,-3.239133,3.9922705,-2.165163,-2.6349852,0.8592691
GCCTATTTGCTACACA-1,-15.3177185,-0.85783315,13.653467,1.1454253,-7.771768,-11.284948,-2.974669,2.83996
GCCTCATCTGGAAATA-1,-16.141432,-4.9577065,-3.7050266,-5.836936,3.491901,-0.4788549,-1.4087474,0.7671822
GCCTCCGACAATTCAC-1,-12.363694,-4.813347,7.906309,0.9349763,4.926224,2.2404587,-2.854132,-3.5520518
GCCTCTATACATAGCA-1,-9.412241,-8.630375,-2.787553,1.6800128,5.586187,8.52966,5.1569586,0.38341606
GCCTGCTACACTGAGA-1,2.1687431,17.371738,9.199155,-2.5317647,1.0509677,5.2845917,4.082199,-4.5477295
GCCTTCAGCCCTACCG-1,-13.202928,-0.9657637,0.64573383,-3.375921,3.3452332,-8.196953,2.8344805,6.1968775
GCCTTGTATATGCAGT-1,-2.0799844,21.571215,0.6877898,-5.7034264,-1.0445976,-9.61432,-4.5885496,-4.1955514
GCCTTTGTCAGTGGAC-1,46.59238,1.6035616,0.16912776,-5.479287,0.0038114237,-1.0681779,-4.0964704,0.24414662
GCGAAACGATCGGGAG-1,-12.633585,-7.1793337,6.0571556,-1.46586,2.2674384,1.0476373,2.1998818,-2.2049935
GCGAAACTTAACTGGA-1,-16.161743,-8.446697,-8.648926,-3.1706235,-2.2548707,1.5781243,1.2692022,-0.008355371
GCGAAGAATCTGACGG-1,-10.948435,-6.34229,0.21852803,0.7334732,6.889786,5.1518683,-0.78623825,-0.39619148
GCGAAGCCATACCCGT-1,-4.532934,6.6063123,-7.380386,6.1383023,-4.239968,-3.296371,0.24797739,-2.0670211
GCGACATGTAAACATC-1,-12.707486,-3.8936732,3.2329538,-2.1556735,2.1774535,1.2181123,-1.3424983,-4.6613507
GCGACCCAACCATCTG-1,38.737743,3.7863517,-0.37877396,-4.486815,0.0754976,5.2068086,-2.1839774,-3.6450646
GCGACGATAGTTGTAC-1,25.872686,4.199897,1.0872548,-0.47895792,-10.463189,11.26838,5.9687486,-3.0406013
GCGAGAAACGGGAGTT-1,6.9567337,29.523085,-0.047469746,1.6425686,10.74722,-12.21181,-16.572094,-5.226673
GCGAGAGGCCATGTAA-1,-6.795273,4.700241,8.844203,-1.7649907,-5.412377,-1.0036031,1.3176063,-2.8508134
GCGAGAGTTGCGTCCA-1,-14.912937,-6.9323473,5.305029,-0.21880135,3.1057239,0.1957614,-2.3082595,-1.1925658
GCGAGCGCATGCTCCC-1,-13.537601,-6.6803603,6.9618297,0.13518636,3.8259242,2.4307115,-0.6494646,-3.929989
GCGAGGCCCGAGCAGA-1,3.4514966,2.6917129,-3.2764018,8.034366,-5.9279265,1.8024324,-3.554179,3.1588545
GCGAGTTCTGCAAAGA-1,-1.5363946,-0.6530955,-0.19130716,10.1522045,-5.2690096,0.12944904,0.78702164,-2.6323876
GCGATTCTGGAAGCAG-1,-10.167821,0.4419952,-1.6393228,-8.078988,1.7732879,-5.968536,1.2662754,2.0934172
GCGATTGTTAACGTTA-1,-8.614398,-9.289224,-6.762541,-1.0757926,-8.035534,5.6719584,2.9872947,-1.4185921
GCGCAAATATATTCAA-1,41.981564,-5.2209835,-0.72734714,-5.3176003,-0.30093318,0.18656677,-1.462469,-0.42118415
GCGCAAGAGCGCGCTG-1,-10.927728,-3.041669,0.2415032,-6.2594686,4.744447,1.4144537,-0.43381137,-3.2631469
GCGCATCCAGTCAGCA-1,-16.343723,-7.256396,-5.106532,-9.211187,2.2479653,1.7463262,1.2173781,1.196122
GCGCCGTTCCACGATA-1,5.727942,18.47458,-10.375436,-0.31470162,-14.763525,-1.5449785,0.9348298,-10.573247
GCGCCTCCCACTCCGA-1,-12.525988,-7.0906844,11.602478,5.3720794,0.7370266,0.68590283,1.1258942,-1.1805397
GCGCGGTCTAGTAACT-1,11.393911,0.55801475,0.6376439,1.2377753,-2.2766714,8.803647,3.999993,-7.5926747
GCGCGTCATTGGTACA-1,-14.222115,-13.667893,-4.794156,0.21035366,6.090077,6.953561,0.63651127,0.79204553
GCGCTAAGTATGCATG-1,-16.309856,-9.444547,16.457823,2.6865435,-3.1562812,-2.186071,-1.1246023,-0.62497455
GCGCTAATTGAATAGA-1,-8.698775,-8.446273,-1.7558988,7.2514267,-5.114295,5.0505323,0.6667646,-2.726881
GCGCTATGCCGAGGCA-1,22.526854,-8.235553,1.3361076,3.7510445,-4.7432723,3.5995474,-4.7830086,-0.017838886
GCGCTGATCCAGACTC-1,-9.192504,-0.36429057,-2.5115933,-10.243154,2.3948328,-1.1757352,1.8314881,-0.06379953
GCGCTGCTTTGCATTT-1,-12.211832,-5.444672,-0.9003534,-7.858065,4.7898583,2.5750449,1.4950838,3.569867
GCGCTTAAATAATTGG-1,-17.595459,-14.969537,-2.4145513,-3.4956183,5.9956174,1.6340728,-0.6679211,0.8202359
GCGGACCGCGTTGTGG-1,39.33815,-6.423929,-0.5317321,-8.076098,-6.5546875,0.012365109,1.6598657,2.4716334
GCGGAGAAACTTCGCA-1,43.92244,-0.4154152,1.6344492,-4.772113,2.9800901,4.7980866,2.3761904,-2.8852885
GCGGAGAGGGAGAACG-1,-8.95399,-1.4377859,-7.9978714,-3.2189145,-2.720813,4.8406315,3.7173994,-3.7133398
GCGGCAAAGTATTGCC-1,43.026592,-1.9338937,4.5507956,-2.8432777,10.860944,7.4186954,-0.07883107,-5.26808
GCGGCTCTGACGTACC-1,7.0029216,24.054712,-11.353061,5.5141726,-5.287029,-3.2277396,-7.588637,-3.0826142
GCGGGAACCAGGCCCT-1,-7.8027005,3.1838212,-3.188496,-4.179382,3.9662154,-6.1612654,-2.0002735,3.682889
GCGGGCGAGCCTTACC-1,17.246264,-9.516726,-2.7043717,-3.0348852,-9.775991,2.1861234,1.6937392,-0.32144842
GCGGTCCCTAGACGCA-1,-16.681463,-2.7714167,6.5640025,-0.40051827,0.83912283,-7.9372487,-3.4976463,4.509688
GCGGTGAACTGCGCTC-1,-15.135334,-8.009042,-1.873055,-7.9620514,4.340558,-2.2488909,1.1375755,2.831732
GCGGTTCCCTATCATG-1,14.202244,-12.832627,0.3449427,2.9276757,-5.3060813,2.2651994,3.0009534,0.14646587
GCGTAAATGGCCATAA-1,-16.74937,-10.773672,1.2571511,-2.5314965,5.6485667,1.7101477,-1.7452389,-0.7629593
GCGTCCCTAAGACATA-1,29.174753,-2.4505734,0.95031613,-5.9225802,-6.126045,7.397513,4.1605263,-5.057498
GCGTCGAAATGTCGGT-1,-9.322536,1.2647796,-8.463859,-6.6294346,-0.5826822,-4.5498133,2.6204479,3.3725808
GCGTCGCCAGGGTGAT-1,-3.459643,12.970196,-8.077534,-0.069674656,-11.29169,-1.651649,2.4668803,-9.054049
GCGTCTCTGCATTGGG-1,14.891915,23.202084,-10.683263,9.513092,-2.3223262,-0.76413304,-11.243823,-1.3588227
GCGTGGTACTGGGTTA-1,-11.974745,-7.0775356,0.04682209,-4.941928,3.5649388,3.4227948,-0.24414244,-1.8916556
GCGTGTATGTCGTATT-1,-9.012271,4.46113,16.143967,3.0941672,-8.971191,-4.44464,-0.040245306,2.2685518
GCGTTATATTTGGAAC-1,-9.097275,6.6725554,-6.7324495,-7.5226145,9.566264,-4.361107,1.1288497,-3.036663
GCGTTCGGAGACCGGG-1,-10.88722,4.8034797,4.1830444,-4.3091936,-1.2463868,-1.8783593,-0.043235563,-5.321827
GCTAAACCTGAGGTGA-1,-1.082903,14.669847,-2.9429858,-7.596893,5.51407,-3.4193382,-1.7926743,-3.9484386
GCTAACTGAAGTCTGA-1,-12.282426,-12.447675,0.46036905,-3.1974897,4.9922566,1.3638482,0.9620895,0.6507739
GCTAAGTAAAGGCGAT-1,-7.7076297,3.1251607,0.92580837,-3.832896,6.1574235,-0.06433753,2.197149,-3.6794038
GCTAAGTAGTTTCTCT-1,-14.625177,-11.000014,-7.3369875,-2.2799659,-1.8835297,1.31842,0.7234659,1.6064522
GCTAATACCGAATGCC-1,-11.822297,-4.7629876,-7.142465,2.336634,1.4990042,-1.7533016,-1.2758133,7.6905503
GCTACAATCGAGGATA-1,-9.875461,-5.9836917,11.624579,5.1260214,0.017521894,0.07650359,-1.6355567,0.040105823
GCTACAGTACGGACCG-1,1.0103424,15.928276,-8.989673,-0.99186593,-5.385919,-2.3982534,0.9125392,-1.906856
GCTACGACTTATTGGG-1,-10.789842,-1.5135983,-4.6896305,4.510117,-11.43861,-1.1221731,1.5996264,-1.0459644
GCTACTATAGTAGAGT-1,-5.851784,-2.1660593,0.3790032,-6.711427,6.3483243,5.273012,1.1222311,-1.6801335
GCTAGACCGTCTACTG-1,-11.310782,-2.830635,1.3064018,-5.0001297,1.4093921,1.3823123,0.5204629,-2.3306322
GCTAGAGTAGAGATGT-1,-14.958897,-9.8307295,4.6312785,-1.1976727,6.081896,0.37304637,-1.6965251,-0.29760942
GCTAGCAGGGAGTGGG-1,-11.401076,-4.5856333,9.745374,-3.4207947,1.4352981,-0.67814505,0.8165217,-3.3039007
GCTAGCGATAGGTCTT-1,45.894165,-2.90208,-1.5479254,-6.6034837,2.5492399,-0.6980833,-4.003578,-4.5756407
GCTAGCTTGAATAGCT-1,38.711365,-12.0653305,2.8946412,-7.370402,-8.290303,-5.2913365,4.255829,2.0907063
GCTAGGCACCACGGAG-1,-12.940806,-10.329772,-5.1930647,0.5288178,5.337297,8.396368,-0.078071706,-1.5993696
GCTAGTAGAGCTTGTA-1,4.9626126,5.197685,-3.6223433,4.192223,-15.231195,-0.3007277,5.546211,-2.7631342
GCTAGTTTCATTGAGG-1,-14.519026,-1.3370898,-1.9705117,-2.3029447,2.8411145,-6.961411,-0.5212086,5.5802755
GCTATACGTCTCGGAC-1,-12.047245,-6.0510097,-4.464575,-6.1213617,5.7862067,4.6635995,-1.9080595,-0.77551043
GCTATCATACTCATGG-1,-10.714588,-9.715388,-7.414033,-2.1704166,6.1990333,10.4504385,1.9389659,-0.25613126
GCTATCGCGGCGCAAC-1,-2.544521,14.174792,-1.0191458,-5.2530336,5.0145593,-4.2240252,-1.4623822,-2.644346
GCTCAATCCGTTTATT-1,44.218216,-1.7740961,-3.076816,-10.998241,-4.243367,-6.2470493,1.8122011,1.7395765
GCTCAATGTAATACCG-1,-0.6520198,9.777766,-6.639681,2.5623963,-5.925427,1.750068,-0.19815397,-6.7731
GCTCATTACTGCATGT-1,-14.396684,1.5755882,0.5099065,-7.4025035,-1.7541015,-5.2531347,0.47134534,-3.1707857
GCTCCCAGTCGGTCCA-1,-12.356626,-6.7327256,8.932351,0.7000177,0.96668786,0.600414,-0.86169595,-3.6625342
GCTCCGCTCGCTTCAG-1,-16.003948,-10.7760105,13.071484,2.250649,-0.2821499,-2.368004,-2.0366805,-3.0345385
GCTCCGGACGTTGATA-1,3.3532002,16.385117,10.400084,0.031061564,0.116738066,7.0722294,8.605449,-0.75494474
GCTCCTGACATACTGG-1,43.52232,-3.816307,6.316145,-1.7498286,1.2084434,9.437991,0.857092,-0.20989178
GCTCGCGGTTCCGCTC-1,-4.852006,12.676916,-0.65053445,-5.431987,4.2621126,-2.2257662,0.62767416,-4.0803638
GCTCGCTCATGTCCAA-1,-17.797905,-6.6064897,-3.2217336,-6.804247,4.7700872,-0.7760488,-1.31699,-2.2394793
GCTCGGAATTTAAAGC-1,-11.651848,-3.3916914,-7.765958,-6.301691,0.15256085,0.1190867,1.275807,1.7601305
GCTCTAAACCCTGACG-1,-1.3158147,6.320162,-6.4455776,3.4012744,-0.8316615,4.193675,-0.15079623,0.41398022
GCTCTATGTTACGTGC-1,-9.434858,0.553435,-8.811282,3.3056273,-0.45290247,-0.42236108,-1.2834147,4.3335004
GCTCTCGGGTACCGAA-1,-16.975466,-7.961981,-6.9040422,7.408074,-5.4309936,-2.6801248,0.16017495,2.8972383
GCTCTTTCCGCTAGTG-1,15.564578,-2.8915088,-2.0292857,-1.508723,-6.506643,4.9261966,1.1997086,-5.3682346
GCTGAATCTTCCAATC-1,51.163475,-10.640877,0.5497555,-3.822273,8.503423,-4.53905,-4.4858255,-0.40906188
GCTGAGGCGTGAGTAT-1,3.8974493,18.292034,-3.0347805,-0.5896801,-9.017918,0.6293275,4.0294333,-5.3426023
GCTGCACGGTTTCTTA-1,-13.948178,-8.791685,-2.9051633,5.1233315,-5.702735,1.5047803,2.4008415,-1.4035559
GCTGCTAAGTAGTCGA-1,13.564638,1.7692233,2.7139144,0.3132802,-6.128838,8.009915,3.8833497,-3.1404085
GCTGCTACTGCGTAGC-1,-9.794587,-5.3527355,-5.0078354,1.5625772,1.7330974,4.6966643,2.1092293,-4.1338325
GCTGCTCTCCGGACAC-1,-6.513493,4.106179,-5.61412,6.131307,-5.2150373,-0.015212708,-3.049047,-2.6608949
GCTGGACCCAAAGTGG-1,-14.237868,-7.5078297,12.566633,1.4791563,-1.7661463,-2.7443671,-1.8400762,-3.8004415
GCTGGCATATTCACCT-1,-10.354548,-6.165387,-7.844692,4.612595,0.54835325,3.145897,-1.5325674,3.3122678
GCTGGCGGCGCATGCT-1,2.968786,7.898053,-6.8868127,2.5148296,-8.325819,-0.15199262,2.934183,-12.273731
GCTGGGTCCGCTGTTA-1,6.114732,18.405882,2.451966,9.340505,12.6854105,8.53036,-7.9357686,-7.0912232
GCTGGTTTAGGCCATA-1,50.63829,-10.23937,-0.4317461,-1.1483756,8.145327,-3.085806,-7.252251,-2.6343472
GCTGTATTACTGGCCC-1,38.209232,-4.4948497,2.3043501,-2.5088081,1.1596644,2.6211624,0.30555037,3.8467858
GCTGTCTGTGATCGAC-1,-8.485972,-3.6422684,21.27947,2.7666147,3.181448,5.985512,3.2328541,0.015266171
GCTGTTGCTACCGAAC-1,-14.158917,-14.293117,-0.58521765,-4.2210994,6.440706,-0.02508523,0.87532693,2.373282
GCTTAATGTAACTAAC-1,-10.7451725,-9.313331,-5.560963,-3.185898,0.6202785,0.89710003,0.38271865,0.7376551
GCTTACGTAGTTAGTA-1,-10.241165,-1.0314089,8.272956,4.7039876,3.9787498,1.2611885,-2.89765,-3.077377
GCTTATGAAGCAGGAA-1,-11.152473,-3.2922313,-7.41973,-3.9694495,-0.096874245,1.9006151,3.425293,0.42206788
GCTTCCATGTAACCGC-1,-2.8791513,3.1742969,2.0110955,3.6556509,17.932812,7.578576,-5.559034,-21.990467
GCTTCCGTCCCTAGAC-1,-5.4676223,1.3904822,-4.920119,-4.4121904,-3.9916954,3.668604,1.7621313,1.1728467
GCTTCGACGTTCAATC-1,47.662243,-13.036994,1.8671288,-1.6238787,8.284773,-1.2614236,-5.458686,5.074312
GCTTGATGATAATCAG-1,-14.579643,-2.7236204,-3.5107179,-1.7600776,4.99418,-3.2768643,-2.460186,3.59181
GCTTGGATCGATTAGG-1,-12.48796,-3.1788027,-0.19357547,-8.185358,6.189639,2.8064241,1.7991531,-0.32455352
GCTTTCAGAGGAGGTG-1,-8.532578,-0.12906013,-3.1037903,-4.91907,3.8299394,5.436046,2.0920637,-1.6433278
GGAAACCTTGTTGAAT-1,-10.130745,0.5124326,9.694076,-1.6277375,-2.501276,0.22896537,-0.104303844,-2.6440344
GGAAACTAAATGGGCC-1,-14.531459,-8.786131,10.773081,2.761137,2.145143,0.06381781,-0.61889535,-1.0414357
GGAAAGTGCCCATGCC-1,-11.578085,-4.216224,-3.5460815,-9.793356,4.8304367,1.2962909,1.4259232,0.317046
GGAACCGTGTAAATTG-1,32.81728,-4.215244,5.638798,-2.9066865,-8.728656,5.2250843,2.8280919,3.029105
GGAACCTTGACTCTGC-1,37.55701,-16.174099,4.7770877,3.571008,2.039325,-3.280639,-4.2507205,4.581834
GGAACGGCCTGCAGCC-1,-9.941056,6.005896,0.3238522,-4.0315475,4.547993,-2.339053,1.8500162,-1.8136672
GGAACTTTGGCGATTA-1,-12.361945,-4.727045,13.467694,12.518195,0.34805548,-2.2675948,-2.8166504,1.6170925
GGAAGCTCGCTTACAG-1,-14.262482,-1.4496762,-0.44384116,-6.710962,-0.25911018,-4.574119,1.4239609,0.675596
GGAATAACCTCAAGAA-1,-6.7798977,5.1272426,10.596063,1.2954878,-3.0653417,-1.6639981,-0.106817305,-1.415329
GGAATGCGCTAGCGTG-1,-16.642784,-13.214148,-8.554952,-1.8452927,-0.48947164,1.5513376,1.8131983,2.1883125
GGACACAAGTTTACAC-1,-12.504288,-8.453062,15.788674,3.710689,-1.6240438,-0.09837612,2.6213326,-0.89570016
GGACCAACAGGATAAC-1,-10.293792,-5.932922,-2.1212335,4.3489156,-5.820276,1.5992113,1.4682194,-1.8574269
GGACCTACGGTAACGT-1,-11.3623905,-5.5143504,17.028072,0.98768514,-2.0548444,-2.0474293,-0.78780335,-4.0087857
GGACCTCTAGGCCGCC-1,43.199173,-13.233298,7.672433,0.2694332,2.981558,4.923711,4.030241,3.8802412
GGACGGCTTGCGCAAC-1,-6.168704,-0.16652735,13.310324,2.7964554,4.9750924,2.8801186,2.2944307,-2.7432082
GGACTCGACAGCGCAT-1,24.615267,-6.371626,2.7456765,2.0988271,-2.3145974,6.878632,1.7614592,-9.380956
GGACTCGTGAGTGGTC-1,47.08112,-18.997513,4.5334105,-5.4673524,-1.3107414,2.2615921,-0.16769645,-2.4555068
GGAGAAGTCATTGGCA-1,-13.288173,-7.41548,-5.855311,-0.7852803,5.723898,0.7573725,-1.548405,8.38638
GGAGACCATCTACATA-1,30.00222,15.476568,-6.891829,8.7828455,10.877044,-8.670713,16.141151,-13.096907
GGAGACGACACCTTTG-1,-10.413175,-4.6670012,-3.3916178,6.970938,-11.303569,-1.8033879,1.5103891,-2.4932246
GGAGCAACATTTCAAG-1,-7.739169,-0.9344818,10.047209,-2.2238111,0.20665573,2.7308817,-0.45429367,-2.633321
GGAGCACCAAGAACTA-1,-10.194147,-6.887527,-7.2225885,-4.903227,-2.580471,2.8633482,4.0712953,3.0486846
GGAGCGAGGCCTACTT-1,-0.71188414,3.8593707,-6.966372,-0.9913587,-2.16283,9.761197,1.2520546,-7.7645745
GGAGGATTGAAAGGAG-1,-14.589937,-5.0657687,5.9020658,-4.976485,0.35994413,-5.3648176,0.22253549,0.5556443
GGAGGCCGAAGTCGTC-1,-13.106557,-5.4627914,10.855857,2.5528111,-0.88454837,-0.6550764,-0.91187525,-4.1466665
GGAGGCGAAGAACCGC-1,7.292146,16.269684,18.603615,-2.6687622,-4.3421235,12.423354,15.962188,-2.4473176
GGAGGGCTTGGTTGGC-1,-13.364671,-9.696398,-7.8694158,0.3312919,-5.40509,1.77882,1.64323,0.47327462
GGAGGGTCAAGTAAGA-1,-1.0792987,7.2286763,9.954045,14.436434,6.0449467,3.8464437,-8.944327,-3.6357632
GGAGTGCCGCCCTGGA-1,-11.964946,-2.5127711,-6.183235,-1.4746723,0.3820682,-1.0678083,2.148841,9.30905
GGAGTTGATTCTGTGT-1,-3.8638597,5.9564304,0.50246155,2.4181087,5.0137134,3.7790945,-0.5763248,-8.170961
GGATACTCATGAATTG-1,-10.197723,8.580362,8.7659025,-4.545436,-8.5457945,-8.713494,-1.1729357,1.8569838
GGATCAAAGGACGAGG-1,-5.9658995,10.562076,13.243805,-1.1615411,-7.4949365,-2.1396961,1.1844245,3.27368
GGATCATCCCGTACGC-1,-5.909761,5.1767592,6.107089,-5.6144667,-1.4962925,-2.9307685,-0.30437732,-5.304496
GGATCCCTACCAGCTA-1,3.9089918,19.766647,5.107955,10.68614,14.057876,1.1442872,-4.260775,-2.0450296
GGATCCGGAATATACT-1,-11.523827,-10.482157,-5.639524,-1.3289862,-0.32440203,4.332882,2.995872,1.9508177
GGATCTTACTGCCCTT-1,40.713955,-11.033688,0.74376357,-7.5922456,-1.8569196,1.3482723,-1.2649258,-4.6742268
GGATCTTGACTCAACC-1,31.165548,-11.169228,-0.19443375,10.390154,1.7933836,-17.79309,18.29131,3.5790389
GGATGAAGATCGCTGA-1,-10.0993805,-1.8771613,-0.39128035,-6.0267954,3.8751957,3.7408159,0.92526275,0.62961155
GGATGACGCGAGTTTA-1,7.917411,24.839119,-8.299738,8.461431,-4.835331,-1.9328808,-8.400814,-1.1357282
GGATGCTGGCGTTCCT-1,-0.21488835,15.314757,-8.682894,2.942568,-4.9738293,-2.7710552,0.11075074,-0.0048163966
GGATGTCCTTACCGCA-1,-13.146358,-13.63017,-1.826131,-2.4525046,4.970009,6.234152,0.9142581,-0.41889232
GGATTAAGCTAAGGTC-1,-10.996897,3.8899515,6.731082,-7.984235,-3.3434672,-1.3256037,0.7750726,-2.70693
GGATTCAGTACGGTGG-1,-10.134905,5.3274326,-0.1283663,-5.4238153,6.2129207,-2.7883172,-0.5750606,0.7167108
GGATTCCGCTATACCC-1,-10.529,-3.1395237,-6.6622114,-6.438351,1.861351,-1.6379436,0.64657867,4.4238734
GGATTGAAGTAGCCTC-1,1.8299252,18.33318,-5.876102,-4.8257422,7.8945227,1.8396604,-2.0987785,-12.96086
GGATTGCTGTGACTCC-1,-13.609795,-7.6803255,-2.9552636,-2.3532872,5.8227296,2.6287022,1.4208767,-1.2044202
GGATTTCACTTCTATA-1,-10.960719,-5.62568,-8.776226,-5.886253,-1.16568,3.0651662,3.1952045,2.133349
GGCAAAGGCGCCAATA-1,37.830524,-11.142789,-0.85590833,-3.6984568,-2.44327,-2.2201555,0.58119845,2.8787417
GGCAAATTACTTTACT-1,18.494783,-2.3108873,2.012414,4.558144,-7.8632708,6.3253655,1.3949033,2.607177
GGCAAGCCCATAGTGG-1,-0.13827792,-5.0390325,-1.3911524,4.268923,-6.988746,8.5892,4.35921,-7.0539904
GGCAAGGCGAAATAGC-1,-7.6118135,-4.727751,-5.329234,2.9488554,-8.840408,1.1874174,0.81723094,-2.811984
GGCAATAGTCAATGAG-1,-6.045061,5.6602244,-6.5318995,1.2279044,-8.450143,-0.44557703,0.7149826,-3.907335
GGCACTCCACTGGGCA-1,-4.7475977,7.0856113,-6.9836993,7.5833235,-5.764321,-1.9576049,-3.3824694,1.6672313
GGCAGCAAACCTATGC-1,-14.090929,-3.9118187,4.5266113,-1.7868594,0.22199087,0.61925215,0.7904329,-0.04195941
GGCAGCGGTAATCCTA-1,-7.883182,-0.79270726,7.6669307,-4.4519057,0.21182677,2.2900846,1.8704281,-3.9170535
GGCATACAGGTAGCGG-1,-2.9098253,1.2668889,-10.674956,4.929825,1.5588763,-0.6124204,-6.4068704,2.341752
GGCATATCGGTTCTGC-1,-10.149207,1.5447587,-7.3149943,-9.903237,3.932293,0.31878614,2.8085942,-2.2459517
GGCATCAACGAGCACG-1,0.8037771,14.632554,14.067226,-3.063444,-6.2465634,2.4389906,2.5531478,3.1607294
GGCCACAAGCGATGGC-1,10.968699,31.102766,2.8741806,-4.6069975,-0.4745365,7.613534,1.4895829,4.2947574
GGCCCTCACCCACTTA-1,-5.074397,-1.9863336,-6.4967203,9.977091,3.2786136,6.5947504,-4.1950326,-1.3410308
GGCCGAGACTCTGGTG-1,49.43342,-16.86009,4.4080215,-5.243964,5.0096717,2.030788,-0.59102386,-0.65467006
GGCCGGCGTCTGCTAT-1,-11.343985,-8.47867,-3.8296542,1.8073201,4.48765,6.4058824,-1.2100124,-3.240312
GGCCGTTTGGGTTTCA-1,36.263664,1.7614403,-0.836698,-10.071105,-6.196065,-0.062042486,0.10081545,-5.275778
GGCCTGCTTCTCCCGA-1,-6.3942275,2.327212,14.594772,12.171204,-0.7186518,0.648333,-3.9029796,1.3520621
GGCGAAATCTAACTTG-1,-14.418542,-10.623261,-3.758222,-1.0018219,2.1838727,2.1080337,1.1688691,0.0390742
GGCGAGCATCGAGGAC-1,-0.42817503,21.897264,-0.06463374,-1.5817734,-0.17912768,-1.0532943,0.48046184,-0.8788998
GGCGAGCGAAACGGCA-1,29.447565,9.766676,-5.96312,20.562225,18.984293,-17.117603,32.812603,-15.770051
GGCGCAGGACATCTTC-1,-6.6056023,-4.2068157,-7.5844617,15.239646,1.4948246,1.9812483,-5.856478,2.8222055
GGCGCATGAATTGATG-1,19.30071,-7.25564,-1.622443,3.8187673,-7.2100635,4.2343383,-1.543544,1.1582878
GGCGCGGAGATCTTTC-1,-10.556387,-8.297286,-1.4284408,-1.73241,5.704727,5.481169,0.7803053,-1.365929
GGCGCGTTCGAGTTTA-1,21.072807,-4.641999,-1.3674542,0.4137634,-10.31722,6.481584,-0.7002936,0.4747243
GGCGCTCCTCATCAAT-1,-10.329872,12.776337,0.43816856,-2.0348854,-0.68090904,-7.8314037,-3.721295,-2.2691517
GGCGCTTCATTCCCTG-1,-5.1164923,-5.0230923,-6.5006366,3.7454002,3.2307413,7.8231997,-0.04674183,-5.1500177
GGCGGAGTAATATTAG-1,-6.932009,-1.5251309,-4.4467845,11.814234,-3.0275395,-3.2189615,-3.7787957,5.97279
GGCGGTAGGATCATTG-1,-5.7144213,-5.4490943,-2.4101973,2.8240366,-3.6997201,2.161204,-0.906781,-0.46512175
GGCGGTTTGCCGGTGC-1,-0.033368412,23.271774,-2.9052448,-0.63591725,2.774452,-11.952609,-8.268528,-7.2860503
GGCGTACCCTATATAA-1,6.7683845,23.149855,8.751772,-2.5792594,2.317592,13.257645,1.3447899,8.152584
GGCGTAGGGAAAGCTG-1,-13.26599,-11.923602,-1.6552413,-2.2240186,5.928266,6.0071893,1.7357312,-2.0996606
GGCGTCCTATCCGCTG-1,-5.2222843,4.635597,-8.262844,4.1157575,1.2445828,3.2933517,-3.4559164,0.19392185
GGCTAAAGGGCGGGTC-1,-7.0441175,2.8913014,4.422515,-6.6896124,2.7320187,1.1416887,3.0742145,-1.9163465
GGCTACTATACACTCC-1,34.09825,-5.698103,2.3092916,-4.3929324,-4.5229206,5.6085076,0.11293196,-3.083084
GGCTATTAAGTTGTAT-1,-4.1841545,5.020002,-4.3788104,4.9650497,-1.5226803,0.6193434,-2.984581,3.288714
GGCTCCTCCACCTGTT-1,42.48303,2.7953572,-1.3957599,-3.4542484,1.4078286,3.8100326,-0.63887733,-2.9977398
GGCTCGCGTTGAGGTA-1,-11.283099,-10.548538,-2.411222,-5.7007236,4.614229,4.1663475,2.5439692,-0.39090377
GGCTCGTGCCACCAGC-1,-8.275417,2.639409,-3.891977,-3.1336162,6.887099,-2.652654,2.1840954,-0.05020777
GGCTCTGCTCCAACGC-1,-6.137721,0.8942542,-8.79467,-2.6877048,-6.2110057,2.7477932,3.2863586,3.9390187
GGCTGAAATAGCAAAG-1,-6.2531786,-1.5964441,-5.9867325,-2.244348,2.9882274,7.0881643,1.7487998,-3.1924593
GGCTGAGCATCGTAAG-1,-10.431004,-2.297397,12.8223095,-2.4769685,-0.7281898,-0.43433532,1.4056922,-6.339641
GGCTGGCTAGCTTAAA-1,-0.34078825,18.252207,4.3183017,-5.006335,-3.9879937,0.83213466,4.697965,3.565441
GGCTTTCAATAAGGGT-1,-1.0122043,6.9267683,-5.833192,6.562677,-3.3137925,0.6024367,0.84577686,-10.679618
GGGAACCACCTGTTTC-1,-3.0322466,13.830581,4.8473663,2.148476,3.8442469,1.7820673,-2.7895975,7.336365
GGGAACGGGAGGTTAG-1,4.245099,14.836417,-12.024264,12.036335,-4.4031816,-1.295549,-9.557048,0.9799144
GGGAACGGTTTCAGAT-1,46.12136,-16.624668,3.2840378,-4.882252,4.2714806,1.61165,-4.6314263,-1.5024463
GGGAAGACGGTCTGTC-1,-11.680168,-6.952008,-8.72842,-0.46819693,3.4567256,5.3792543,-0.12160802,-1.5178639
GGGAAGGGCTTTCTCA-1,-11.501407,-5.286181,-0.5180965,-2.843042,6.3259325,2.748172,-0.5662295,-1.3662837
GGGAATGAGCCCTCAC-1,-12.899568,-0.58550906,8.1936455,-2.082244,-2.7176614,-4.226059,-1.01155,-4.2377877
GGGACAGAGTTACTCC-1,43.662167,-4.742894,-2.20937,-2.7516346,3.6468947,-6.475008,-5.705593,0.6695844
GGGACCCGTATATCTT-1,18.518953,-4.348441,0.93471783,0.61012363,-11.150405,3.3938558,4.627665,-0.43077636
GGGACTGCATAGATAG-1,-3.632803,6.5209546,-6.5136375,8.8963375,-1.6015656,-1.8223598,-1.1347336,-1.2588744
GGGAGAACTCACAGTA-1,-2.415191,3.8292894,-4.1502404,8.892044,-3.973898,0.26623705,0.9605176,-2.3106194
GGGAGGATGCCCGAAA-1,2.1823955,-0.9692197,-5.103352,8.86365,-2.6367702,0.5367663,-5.6016827,-0.71790045
GGGAGTAATGGCTGGC-1,-12.242134,2.3477395,10.525363,2.006243,-7.3813663,-4.725966,1.791488,5.512992
GGGAGTTAATGAGGCG-1,-16.499584,-17.558624,-5.6428375,4.98895,-2.1191127,1.0248066,1.194413,2.4762428
GGGATGGACCCGCGTC-1,45.43543,5.8388815,-3.2954006,-4.5053186,-0.675084,-6.052097,-0.421923,-1.3441359
GGGATGGTCGTAACCG-1,30.790398,2.2777941,-0.22173515,-5.8608475,-7.129409,0.026263494,1.6166614,-2.764555
GGGATTTACCGCACCT-1,-16.083492,-13.189059,-3.2386599,-0.7019024,2.46699,1.4167936,-0.0048947856,2.3681653
GGGCAACCGCACGTGC-1,43.60077,-5.206494,2.7126734,-0.6113041,3.7892818,-0.4823849,-4.284135,0.93036854
GGGCAGAGCAATCGTT-1,5.2698083,17.49166,-3.1734684,3.1653528,-4.369356,0.33570346,4.1943474,-5.9952784
GGGCAGGATTTCTGTG-1,50.214104,-6.7770143,2.644131,-9.168696,1.7666664,-4.276005,-7.079293,0.10676139
GGGCCATTCGTGCTGG-1,39.227047,-4.2164326,-2.9677522,-3.2169192,0.3212342,-2.111687,-6.922866,1.2426655
GGGCCCGTCTTAAACA-1,14.831547,-11.414729,2.8131886,9.413507,-7.0520024,8.073233,-4.157604,0.77061486
GGGCCCTACGAAAGGG-1,-4.151005,2.076884,-9.151287,3.9673226,-0.17508793,1.1716658,0.42823997,2.8535848
GGGCCGGCCGAAGTAC-1,-10.5939665,-6.143522,-3.5250669,-2.327234,-0.051544353,2.6005795,3.6236942,0.47444302
GGGCCTAAATGGGCTA-1,-9.046627,-8.60086,1.0799253,14.9686985,-2.4952984,-5.016704,5.909166,3.8278418
GGGCGATATGTGTGAA-1,-9.525655,-1.4405361,-8.612644,6.727296,-3.5005932,-3.6900601,-0.8594959,2.5890071
GGGCGGCAAATGAATT-1,32.48793,-3.911003,0.4497958,-5.6553183,-6.536378,3.943244,2.7808282,-2.2810597
GGGCGGGTTCCCTACG-1,11.809057,-0.75694823,-1.116908,10.124047,-5.4880466,-0.53450584,-4.7555065,1.1813574
GGGCGGTCCTATTGTC-1,-6.255139,9.702584,6.432827,0.47792652,-1.01504,-5.038815,0.32446358,1.9839507
GGGCGTACATTTATAT-1,-10.114882,-2.1553564,-9.624366,3.5095222,-1.4266242,-0.42025542,0.81704015,2.9503238
GGGCGTCACCACGTAA-1,27.10662,-5.99661,2.0667374,0.39435512,-8.307342,2.982908,2.775163,-0.032451663
GGGCGTCCACTGGCTC-1,-10.148512,4.8200603,-2.7722378,-8.114098,1.5928463,-0.29852477,1.5371908,-0.20008177
GGGCGTGGTTTCCCAG-1,-8.848795,-6.9156284,-4.2583556,1.4781222,3.279094,6.9365463,3.463526,0.66020536
GGGCGTTTACATTCAT-1,49.32505,-13.539719,2.243226,-5.851333,5.6366,1.0480784,-5.400433,1.7043172
GGGCTATGATCGATGG-1,27.169035,-1.986452,0.41083375,-6.659323,-8.1497755,2.1543772,4.202288,-0.6928995
GGGCTCATCGAACCCA-1,-12.507709,-9.007181,-3.303755,-3.4223707,0.9929155,3.4086876,5.044614,3.5305736
GGGCTGCCTAGGGCGA-1,-8.107541,-3.6521153,-3.557661,7.1568885,-8.879215,3.1392767,0.81721675,-4.4349375
GGGCTGGTTAGTCGCG-1,-1.2223108,7.9040947,-9.210742,3.6056712,-3.6508029,-1.9367836,-3.215119,-0.070665464
GGGTAATGCTGTGTTT-1,10.20137,33.62227,-4.9996758,6.3664107,12.789788,3.201002,-11.300034,-1.7458181
GGGTACACTCTGGAGG-1,3.2806065,25.132101,3.5501852,7.344982,8.084047,-0.4470288,-7.114989,-4.912645
GGGTACCCACGGTCCT-1,-12.406698,1.5466591,9.016494,2.442734,-1.4248657,-5.905344,-3.0825813,-0.5122596
GGGTACTTCATGAACT-1,-3.0367038,12.016989,-6.8805895,10.42455,-8.074448,-2.7649863,-5.4933443,0.81719315
GGGTATGTATGCACTT-1,-11.737196,-3.3869097,-9.275858,-0.6936827,9.728835,1.5764397,-3.4210906,2.6447005
GGGTATTCTAGCAAAC-1,33.702263,-15.180883,1.672668,13.201741,9.708104,-7.5821104,9.237429,-1.1863294
GGGTCACCGTGACGGT-1,2.1432025,13.9190035,-4.891461,10.930038,-2.6406507,0.34084094,-10.5126505,-1.208381
GGGTCACGTGCTTATG-1,1.6022972,16.15379,11.655235,-4.647106,-4.1847982,4.9790306,5.8965607,-2.2761176
GGGTCAGGAGCTAGAT-1,2.3440452,1.0121144,-0.7380784,4.3933144,-6.4317966,5.4075456,-0.55163974,-4.810189
GGGTCATGCGTACCAT-1,-7.889853,12.674203,0.12558134,-3.6393547,-0.2671688,-6.946772,0.6563742,-2.3999326
GGGTCGTGGCAAGTGT-1,-13.688889,-3.0471394,6.459894,-4.9903946,-0.12862922,-1.0156881,1.4263924,-0.56393415
GGGTCTATCGCTTTCC-1,0.27977166,15.520666,3.9633353,5.623737,4.3599057,0.69411176,-6.603825,-5.7478757
GGGTGACACCTTAACT-1,13.844954,3.836084,-4.033363,-0.022076115,-10.612154,6.0658574,1.332292,-3.8877213
GGGTGCATATGAAAGC-1,-14.927895,-6.9024777,11.929965,2.352209,0.10413455,-4.0034127,-2.223141,-1.1810442
GGGTGGTCCAGCCTGT-1,-17.713028,-6.771303,5.4094605,-1.3012484,-1.2245637,-5.476602,-0.44416666,2.223147
GGGTGTTTCAGCTATG-1,-12.99705,-4.2162886,-7.060224,-1.4461396,-2.8635237,-2.5257773,2.3605494,3.9881542
GGGTTAACATTTGAGT-1,21.125994,-4.8426065,-1.1556017,-3.9881752,-12.310581,2.3459206,4.7935014,-0.6009396
GGGTTCAGACGAACAA-1,-2.5925875,12.133911,4.9469976,-3.4630184,3.3638105,-6.3965554,-6.2639537,-1.631188
GGGTTTAGGATAGGAT-1,-15.3467455,-6.6265807,6.985359,-0.27894333,1.7771088,-3.7514749,-0.07140467,-1.9646782
GGTAAACTCTGCGCTG-1,-2.6089025,3.4053345,5.0861106,6.975407,9.077891,8.704073,-3.9077294,-5.974263
GGTAAATGTGCGTTAC-1,-13.687934,2.3650084,-4.377597,-9.952155,-0.77194434,-5.421032,1.7018319,1.4182332
GGTAACCGGGAGGATA-1,40.238083,-4.3728304,-1.3643875,-1.3755136,2.482449,1.5978878,-1.3255646,0.30188158
GGTAACTATGTATCTG-1,-11.430771,2.8684633,7.4616647,-1.5211133,-3.6516328,-9.536338,3.3114827,4.870237
GGTACAAACATGCTAT-1,13.372242,-7.363812,-1.1236583,6.856056,-6.0443807,3.8011749,-2.561873,2.7544835
GGTACATCTGGGACGA-1,-4.886729,2.9897563,-7.9366364,2.8646693,0.7883632,1.6865569,-0.7151057,2.1157484
GGTACCATTAAGACGG-1,-13.204168,-0.7075008,4.4064116,-4.787022,1.0506322,-1.6772577,-0.8991656,-0.10280014
GGTAGAAGACCGCCTG-1,-7.735379,-5.195176,-6.5184383,3.8555603,0.033811413,2.4829578,-1.2526997,-3.9096904
GGTAGACCGTTGGGCG-1,17.36649,6.2057104,-2.0301983,-3.420559,-9.863195,4.8555827,4.952664,-4.175456
GGTAGTGCTCGCACCA-1,-14.321556,-9.776444,-3.484672,5.129382,-3.924645,0.98324394,1.6577853,-0.26443383
GGTATAGTGACACATA-1,-10.852315,-2.9560614,10.725854,0.20379488,3.9377246,-0.12544315,-3.9239323,-5.3009777
GGTATTGCCGAGTTTA-1,-0.23921826,7.3672533,-3.4753542,6.010965,-3.980439,1.6775907,-3.3065605,1.1384896
GGTCAAGACTACTTCG-1,-15.967396,-8.374581,9.110338,0.10437603,1.9113532,-0.8491977,-0.32840812,1.810025
GGTCACGTTAGATTCA-1,15.653079,30.56653,12.120446,-3.0217395,-0.38214892,27.580793,19.557745,43.204865
GGTCAGTGGGTCCCAC-1,15.540392,10.121727,-3.1143181,-0.5297124,-10.566322,2.5591056,2.195738,-3.5520234
GGTCATTGTAGTCATA-1,23.578783,12.620951,-0.57604027,-3.6146936,-2.454249,4.285384,1.7077707,-8.183068
GGTCCTTCATACGACT-1,11.447947,43.329254,-9.868794,-1.0075457,5.787598,-18.354082,-10.256915,-5.8774686
GGTCGGATAAACGGCG-1,-12.079836,-5.545206,-0.7860792,-9.578711,2.9206076,0.66215444,1.5367892,2.0217314
GGTCGGCCAGGAGCTT-1,-13.756216,-15.587637,-7.145163,-1.244298,0.24929711,5.2203674,1.6051375,3.0747354
GGTCGGTAATTAGACA-1,-7.883847,8.815902,5.7765765,-2.2839236,-5.4064612,-3.7938387,0.75356984,4.688264
GGTCGGTCGTCCACAG-1,15.068605,0.0063134343,-1.098271,0.297732,-9.335597,4.9535,2.3200462,-5.807449
GGTCGTAAGCTCGCAC-1,17.264385,-7.0810447,0.46037838,9.075942,-10.192501,-6.4043646,9.794235,9.164341
GGTCTCCGTCCAGGTT-1,-18.433168,-10.440862,6.1230187,6.323715,2.8264744,-3.3706532,-3.0265024,-0.14078219
GGTCTCTGAATGGACT-1,41.364445,-10.873164,4.8377833,-4.4719095,-2.784857,-1.7202976,0.361571,6.523044
GGTCTGAGAATCTGGA-1,-11.309,-6.402855,-8.084932,-2.487376,-3.5773492,6.0981646,2.5578258,1.3311219
GGTCTTGAGCGCTCTT-1,-7.6965346,-10.772665,-1.9569706,5.637843,-3.9058685,7.550698,1.1397924,-2.0438805
GGTGAAACCGGGAATG-1,-1.612376,22.444233,6.49919,-5.4987545,-5.8508825,-4.258179,0.6165757,0.7529335
GGTGAACGGGCTAGCC-1,8.565899,28.076355,7.4091635,-3.772766,1.4344051,16.078941,11.909858,16.057932
GGTGAAGTACAGGGAT-1,40.072987,-12.753451,-0.077032454,-0.7274232,-0.68024164,-2.735183,-1.1820179,5.09308
GGTGAGATGCAGATAA-1,-15.248762,-2.4500873,1.723797,0.3210099,3.6256819,-8.373502,-0.990569,5.571651
GGTGATAAGGAGCAGT-1,-10.631551,-9.523254,-4.9665036,0.17719713,-2.7053273,4.0770845,3.2170472,-0.6332161
GGTGATTTCATCTTGT-1,1.2366029,20.998365,7.5673842,-5.3978605,-4.8220205,7.555011,7.6651735,11.326881
GGTGCAGAGCCTATCG-1,-8.268104,0.13623832,12.44427,1.0100595,1.2187968,0.40906057,2.0911965,-6.5690756
GGTGCATAAATGATTA-1,15.904712,-11.802294,5.4976044,1.5190619,-4.039151,4.4056525,0.69544184,-1.1683465
GGTGCGGATAAGTGGC-1,-8.721604,9.73092,-4.099475,-7.5935793,0.5953449,-7.095276,-0.21370924,0.9937022
GGTGCTGATCACAAAG-1,-12.654585,-2.9667225,-3.0541687,-1.6862504,8.814481,0.87502295,-2.138198,-0.71577346
GGTGCTGGTACACATT-1,21.16175,4.9181614,-2.2224429,6.1477866,-7.6475496,4.279054,-7.1765,0.32336953
GGTGGACCACGTGTTA-1,3.8748076,16.427542,6.2523627,-2.220027,0.3987183,4.8877897,3.6450016,-7.010549
GGTGGACTGCTCTGGC-1,-11.932754,-3.6938105,-6.4999685,-2.9979064,3.6184227,4.808231,1.2277801,-3.8262882
GGTGTAAATCGATTGT-1,5.7371902,-4.4460464,-0.5949363,2.6464703,-1.619863,9.677877,3.9595072,-9.926536
GGTGTTCTGTTTCTAC-1,-11.20556,1.9721104,12.09364,-5.6298676,-5.679712,-5.1190724,0.5920767,-3.4726372
GGTTACCACCCTCGGG-1,20.640123,-11.635399,0.86051184,8.61483,-0.91149724,-2.1490712,-3.7776473,7.998384
GGTTAGCTATATGTCT-1,-12.263747,-8.152187,-2.0496123,-0.81873435,4.176936,4.2510386,2.0000355,0.42867252
GGTTAGGCTTGGAGAA-1,-0.79375327,15.815272,-10.499009,-0.8238121,1.967132,-0.25174204,-1.3426921,-0.51982075
GGTTAGTTACGGCGCC-1,-13.086196,-5.274261,-8.628454,-2.3485613,12.412526,1.8278809,-2.1815748,3.1730185
GGTTCCACCCGCTTCT-1,-11.917397,2.7346363,8.379012,-4.5393453,-5.9201775,-4.9259844,-2.1972582,-2.342311
GGTTCTACTCGTCTGA-1,-11.2310505,-4.9578085,6.3704343,-2.3494794,3.9809213,2.835199,1.250541,-6.1250434
GGTTGTATCGTGAAAT-1,4.772694,20.43074,5.075288,0.47165588,-0.28140694,8.106871,3.359612,1.5380001
GGTTGTGTAGCCTGGC-1,-13.032069,3.7081816,-13.36222,-7.212892,8.036025,-1.9220694,-0.6539959,-0.6828039
GGTTTAATTACCATCG-1,31.6383,0.44487828,1.1482126,-5.8174167,-7.9628572,8.040905,5.3651667,-5.4029994
GGTTTACAATCTCAAT-1,-7.1367025,-1.0523609,-7.9587226,-2.5388496,-1.3913226,1.1455507,0.6207447,1.5833337
GGTTTAGCCTTTCTTG-1,-19.338976,-12.103856,2.7394328,-2.5696814,2.8454487,-2.4970403,-0.80988586,0.06417779
GGTTTCAATCGGTCAG-1,-15.0355215,-8.57939,-3.9904354,-4.2987337,1.4243585,2.1767106,1.0293847,1.3516529
GGTTTGAGTGCTGGAA-1,-14.693558,-1.6399322,8.39906,0.45472413,-2.2060719,-7.128731,-0.60652274,3.743917
GGTTTGTGACCTGAGG-1,-12.631052,-2.8233728,12.697095,6.2336307,-1.2744924,-1.1392932,-1.9453804,-0.113715656
GTAACATCTAAGATAA-1,-12.767878,-6.33827,16.628643,8.384589,-1.0665029,-1.0152415,-1.5064044,0.41214582
GTAACTGCCCAAGGAG-1,17.273048,-14.352459,7.4265237,4.5802836,-2.56417,4.0522814,0.6271502,-1.3629903
GTAACTTGCGGCAGTC-1,-8.478368,2.104866,12.947741,2.2821305,-5.292358,-3.6128356,1.892409,1.2051454
GTAAGCGGGCAGTCAG-1,-7.166091,5.056494,-7.300326,-3.0050104,-1.0244651,0.5704614,1.0518231,0.41275463
GTAAGGATTTGTCGGA-1,-14.816607,-1.7080876,1.3369781,-7.9594765,1.4758478,-6.5263214,-0.8424045,3.1926107
GTAAGTAACAGTCTGG-1,-15.029989,-9.820436,-7.3541846,-1.4328771,-2.4631753,1.6265653,2.0973227,0.1630574
GTAAGTAGGGTATACC-1,-3.677094,12.470092,-7.7416615,-1.4153422,1.6824037,0.93035007,-1.5552973,-0.99658567
GTAATAAAGGGCTCCC-1,-9.580501,-6.8362412,2.566807,-5.595107,4.45983,3.0039606,0.31249696,-1.0713271
GTAATCTGATTCTTCG-1,30.660328,-5.225385,-1.3948725,-7.97005,-9.990956,-3.9134386,1.015249,0.508701
GTACACTTACCTGAAG-1,2.2781382,5.2477207,-5.2269535,4.0668054,-8.905983,-0.13868947,0.5739382,-6.38628
GTACAGAGGCAAGGGT-1,-9.465613,-4.4550915,-6.7679663,-4.428579,-1.1774321,4.475344,4.694597,-0.13795109
GTACGACGGCGCTGCG-1,-5.077085,17.363134,5.1350765,-1.9817983,-5.3708167,-3.0461388,-1.6752266,0.8846323
GTACGAGATTGCGACA-1,-6.871415,-1.9663416,-7.049769,-1.1877257,-3.8630276,-1.2152746,0.78560036,6.9660826
GTACGCTTCATTGCAC-1,-10.581723,-4.068332,-4.4245563,-0.31494516,-6.1216245,2.190171,3.0261884,-4.406266
GTACGTCACGTATTAA-1,-0.2131699,7.3245444,11.127917,-0.96867335,0.2426458,8.571735,4.9309044,-7.3384695
GTACGTTTGCCCGTCA-1,-8.185629,-0.42339656,-2.7016735,8.026709,-11.552722,-0.7318628,3.287235,-1.3385762
GTACTAAGATTTGGAG-1,-11.803594,-8.896956,-5.215853,7.7603326,-2.1816816,-2.5015945,0.51067567,3.9816859
GTACTCCCTTATCGCT-1,-6.7210855,1.8922111,-6.6374764,4.623406,-1.1716907,-1.1369945,-3.2381277,1.173363
GTACTCCTGGGTATGC-1,-15.820359,-6.3120127,1.5487592,-5.7725205,1.7686466,-1.4914732,1.6442271,1.1271913
GTACTGAGGTCGTAAC-1,-16.26362,-2.3714635,5.5560727,0.05539611,-2.3898172,-6.035291,-0.39541817,2.114568
GTACTGCATGAAGCGT-1,-7.447783,6.237428,10.67331,-0.45511776,-3.522708,-0.47958702,-0.43149608,4.2711325
GTACTGGAGTTAGACC-1,-13.505973,-11.526437,-5.7983823,1.1413593,-3.4823883,3.2481961,1.9910032,1.4750782
GTACTTGGGCACTTCT-1,-9.462116,0.7574711,3.7364736,-1.3673507,1.0619186,-4.163983,0.87360823,3.6153836
GTAGAAACGGGTGGAG-1,-3.3005967,16.470682,-2.0261247,-8.35329,0.6929847,-0.17089634,0.8998879,-5.1367188
GTAGACAACCGATGAA-1,-16.094124,-7.6594944,12.797358,-0.13027136,-3.0914052,-6.2489805,-1.8629767,2.7164907
GTAGACACGCCTGACT-1,-7.7841697,0.6190915,-7.5403695,-0.0504591,-2.8866198,0.2948425,-0.57054394,-2.288022
GTAGACGTCGTTACAT-1,-15.3621,-2.8702211,7.5116763,2.203766,-2.12289,-6.9197364,-2.1316729,2.2625031
GTAGAGGGAGACAAGT-1,40.307198,-10.639674,-2.3283389,-2.9488595,-2.587304,-8.405587,-0.5310689,6.748975
GTAGCCAAACATGGGA-1,-14.691664,-10.934229,-3.2197328,5.694735,-5.5582366,2.6946993,2.3406165,-0.408815
GTAGCGCTGTTGTAGT-1,-7.4595084,13.186776,9.18199,-2.479111,-8.00868,-6.4443436,0.33398992,-0.043446295
GTAGCGGCTATACACT-1,-9.113509,2.4638546,-7.122859,1.1616408,-10.944137,-2.4941494,1.8583413,-5.7527266
GTAGCTAGTAAGCGCG-1,-11.163081,1.1484073,11.800352,-3.725353,-6.297135,-4.552605,-1.480142,-3.9429686
GTAGCTCCGGGAGGCT-1,43.788563,-22.78749,4.6828055,-4.101425,0.5735962,4.3099318,-2.357767,-3.095782
GTAGCTTCCTCTTGTT-1,-10.927318,-0.5302762,-7.3216796,-8.115733,-0.35826635,0.22649057,0.8334041,-0.8077319
GTAGGTGATCCGTGTA-1,-10.309967,4.110382,-10.423667,-12.711954,0.83517486,0.7959274,0.51134825,-0.4170638
GTAGTCGCGGGAATCA-1,-10.740125,-10.139307,-6.3400884,-2.1596355,3.535263,6.555217,1.0110341,-0.08274126
GTAGTCTACGATATTG-1,-8.5919485,-1.2022102,-4.7080913,-1.4717447,3.6570094,7.6507955,2.2811403,-4.401833
GTAGTTCGAAGGCGAA-1,38.5783,-0.42236885,3.637497,-5.980803,-4.6197224,9.365668,-4.036484,-4.5425005
GTATAATCTCCCGGAT-1,5.02468,27.1139,-2.8415692,2.851496,10.324943,-14.802032,-15.8800125,-8.63968
GTATAGGACTCAGTAG-1,-8.501887,8.650077,-9.556501,-4.929249,-4.6731377,-2.9626458,1.3788567,3.277687
GTATAGTGGCCCATGT-1,-15.599344,-3.7521079,9.395884,-2.44181,-4.134336,-5.382492,1.0005327,-1.0610502
GTATATGTTACGGCGG-1,4.659301,22.569258,1.0167532,10.81957,19.124807,4.1285977,-19.55625,0.32466647
GTATCAAACGTTAGCT-1,-11.007774,-4.1500363,3.144471,-1.9706966,3.3833292,2.7400742,-0.77780545,-2.0425813
GTATCAGCTTGGGTTC-1,-12.338442,3.7126377,-4.5087304,-3.4236145,2.4656806,-7.8430877,0.39396238,2.9139557
GTATCCTTTGGTAACC-1,-14.971591,-7.4838166,3.3677244,1.029349,7.428298,1.40684,-2.1031773,-0.35345206
GTATCGGGACGAGCTG-1,3.1511018,18.009396,6.5611186,9.80339,18.921236,3.05819,-16.266336,-2.804061
GTATCTCAGTCTTGAC-1,46.97508,4.4938765,-3.6065466,-8.347651,0.7701945,-5.111319,-3.63502,-1.5778602
GTATCTCCCTAACTGT-1,3.8855433,9.478439,9.50282,-0.6123002,0.85276186,9.093888,0.8253332,4.280533
GTATCTTGTTGCTCAC-1,2.7245617,20.311695,3.4459007,-2.6345556,0.62491226,5.68949,1.107198,1.113942
GTATCTTTCATAACCA-1,-7.20854,-3.9928334,-3.436965,5.9886837,-9.342076,0.6230428,1.2763107,-2.5450635
GTATGAAATTTCACTC-1,29.10084,1.8224398,-6.7847877,-1.0897541,-1.084742,-7.3281627,-1.3868035,-0.26535836
GTATGACGTGGGAAAC-1,13.057559,31.398926,-1.9439131,-2.7843835,-1.3666401,4.0733204,1.4066871,10.313807
GTATGTGGGTCTAGTT-1,-11.86999,-7.774664,-1.4778007,-4.3251224,0.82337385,3.2762847,1.4167681,-0.48027152
GTATTAAGGCGTCTAA-1,-6.698149,6.340984,0.8780571,-2.930687,3.5950065,-2.2994215,1.1571914,0.023212975
GTATTCTGAGAAACGA-1,37.317516,-6.168317,2.1456227,-3.80651,-2.4439397,-2.558622,1.0214235,3.0757225
GTATTTAATGGCATAA-1,4.2242627,6.830669,9.199563,5.350571,6.7043047,5.5028768,3.1569803,-2.6247256
GTCAAAGAAGTGGTGT-1,39.517212,5.4765325,-4.3725486,-2.704649,1.8482451,-4.0438075,-4.034481,-3.1905093
GTCAAAGTTTACATAG-1,-13.373959,-1.6443337,14.231342,7.043868,-4.4502983,-6.852557,-1.0233674,4.036546
GTCAACCAGGCCTATA-1,-11.104013,-1.5516706,5.9459157,5.767008,1.4050391,-1.9458481,-2.071124,-4.4216504
GTCAAGCGGACTCGGG-1,-14.222995,-14.806237,-7.1975713,2.9816744,-4.9937325,4.1178703,3.1703758,0.25030708
GTCAATTGTACTGAAG-1,7.200807,25.197079,10.706621,-4.7683725,-9.745071,6.1575336,10.632598,1.9318851
GTCACAAAGTTTCCAA-1,-16.15699,2.3801594,0.904237,-6.2796273,-2.821479,-9.087997,-1.6086175,1.6192368
GTCACCTGTCTATGTC-1,-3.3716614,7.8315887,16.279951,-0.4782016,-6.2736883,5.2001843,7.6148252,-5.3509116
GTCACTCTCCAAATCT-1,-8.435786,4.151192,-4.6246552,-1.0718024,4.478747,-4.013936,2.9694273,1.7231063
GTCAGAATAGTCTATG-1,-11.19982,-3.8315601,-5.1188354,4.164599,4.001124,-0.46745667,-0.830678,3.898697
GTCAGTTGTGCTCGTT-1,-13.023923,1.8267843,-1.0525627,-6.8078055,-0.1909773,-4.7253075,1.0495962,2.0212352
GTCAGTTTGGTAGTCG-1,-9.236813,2.0900679,-5.5669007,-4.616693,8.631959,-0.6903846,-0.98136294,-3.8980765
GTCATCTCCTACAGCT-1,7.1473627,32.363968,-4.0626774,2.9747255,10.673457,-18.238245,-16.50247,-8.735004
GTCATGCACCTCCGTT-1,-8.882514,4.148967,-7.6260476,2.458295,-6.666353,-0.73085916,0.12102158,-1.703222
GTCATGCGCGAGGGCT-1,-9.292614,-3.358582,4.8378825,5.406791,5.9637585,-0.4258794,-2.5689032,-0.5316595
GTCATGGACATGACTA-1,-9.035433,-0.5713175,-5.293466,1.694241,-5.1155624,0.9637065,0.94242334,-2.2340682
GTCATTAGAGCGAACG-1,1.579287,-1.0011173,-2.7033684,2.040844,-10.739585,-0.7451147,-1.7809018,-3.7224228
GTCATTGCATTGACCC-1,-5.035303,9.657089,-8.064271,-4.573365,5.2430944,-1.7805142,-1.3607942,-1.7166607
GTCCAATATTTAGCCT-1,-3.8695977,-11.265773,2.5690224,9.6699915,-2.3445344,3.3308325,-1.2052772,-0.6106095
GTCCATTACTGCTACG-1,-13.295969,-5.0410495,5.4694376,-1.422803,2.0542865,0.13958977,0.007874394,-2.5843449
GTCCCAACGTAAAGTA-1,-8.448393,-7.328951,-3.2849326,1.3797976,-5.0451517,3.9594219,-1.1029472,-1.1250198
GTCCCGCGACGTTATG-1,-14.948497,-12.805264,-3.795864,1.5403365,5.4599104,6.592152,0.26853693,-0.9182182
GTCCGGACCTGAAATT-1,-10.7512455,-3.4110153,-4.115748,-5.5193944,2.7719622,2.053834,-0.35641393,-2.7335436
GTCCGGCTGAATTGCG-1,-12.483534,-6.9552503,-4.6997185,10.596997,-4.1309843,0.4513312,-0.25803778,5.238467
GTCCTACAGGCGGCTC-1,-4.8745465,12.270621,2.5788062,-2.4000292,-0.27639562,-7.7340293,-5.2076774,0.34494665
GTCCTACGAATAGTCT-1,-18.801624,-11.658687,-5.6251926,-4.388718,6.230047,-1.9815837,-0.38267526,1.7494518
GTCCTAGGATACCTTA-1,52.38606,-12.514039,2.64383,-4.0855465,3.3354516,-5.450093,-7.697107,6.631633
GTCCTTCTAGTGGGTT-1,-8.887131,6.2006564,-1.7980162,-10.163703,-0.6607565,-3.6466727,-0.531264,-1.7100111
GTCCTTTAATGACTTC-1,-4.361854,6.686469,10.285425,-2.7647715,-0.29562423,2.4497623,2.8943725,-4.980558
GTCGAATTTGGGCGCT-1,43.758976,-1.6112305,-2.9242313,-6.2867155,-0.24675274,-2.9849007,-4.874689,-0.7022922
GTCGCCGTTGTGTGTT-1,46.093136,-16.131054,2.3530428,-9.326433,-4.124886,-6.5172772,-0.0089014005,3.3836315
GTCGCGTAACCCGTTG-1,-12.520151,-5.0499945,-3.1265087,3.6390414,-8.24334,0.5868946,2.1249714,-3.3968294
GTCGGATATCTCAGAC-1,-10.275204,-2.2486262,-6.647481,6.301782,-1.5094923,2.0654857,-1.5449108,3.0472806
GTCGGATGTAGCGCGC-1,-11.430281,-6.7096906,-4.1655993,-6.498008,1.6837732,0.66310644,-0.116930366,1.9036462
GTCGGGAAGCAGAAAC-1,-6.808209,-8.096588,-3.7949603,5.2717834,-5.564855,1.6700206,1.5621855,-4.3192067
GTCGTACCATCTCGGG-1,1.923798,7.948807,-6.4223332,3.0685382,-10.089677,0.2711662,2.1435153,-5.281651
GTCGTATTGGCGTACA-1,-8.398713,-2.5620303,-1.6814334,-11.034219,3.3041265,-0.588302,2.1294742,0.47010276
GTCGTCAATTATAAGG-1,-9.889687,6.425171,8.280256,-1.4975705,-2.461476,-6.4112186,1.3611683,1.2543877
GTCGTGTCTGGTCATC-1,-9.58343,14.869372,2.4946427,-6.6683345,-3.7410378,-7.105169,-0.77151024,-3.2500134
GTCGTTATTCGCTTAT-1,-13.712591,-7.196729,-4.4635673,2.5470192,-5.9262004,2.4596455,1.9110318,-2.1550047
GTCTACTCAATTACAA-1,-7.728395,0.6431458,-11.582164,2.3759837,2.8730795,1.0313603,-0.29208097,3.6322856
GTCTAGTGAGCCGCTT-1,-13.086979,-1.4490896,-1.5164313,-0.78207415,4.037639,-2.127411,-2.9154565,-1.4051309
GTCTATCTGAGTTTCT-1,14.344949,19.232594,-8.686646,13.432004,-5.297928,3.519885,-14.266639,-0.9216626
GTCTATTGGTTCCGGT-1,-10.539776,-10.69905,-3.2078764,-3.0260336,8.299945,3.142123,0.61589825,0.34411737
GTCTCAAGGCCCGGCT-1,-2.9905396,2.629127,-4.0842514,3.9969268,-7.007557,2.1150687,1.3745664,-7.542552
GTCTCCTGCCAGTATG-1,45.479027,0.5747434,-3.3906877,-3.5918489,5.9449325,-4.12264,-8.238088,-5.6795835
GTCTCGACTAAGTTTG-1,-16.838615,-6.8432755,13.9497795,-1.7110882,-3.7310889,-5.8126836,0.05184001,-0.7382277
GTCTCGATCTGCTTTC-1,-16.567377,-11.324498,-8.992076,-4.0236588,0.105614,-0.4654954,2.5129843,2.1306088
GTCTCGCCAACACGCC-1,-5.942226,5.5367804,14.467124,1.2190151,-3.3331873,0.95103496,0.18340169,-2.6350298
GTCTGGGCGGTCGAGA-1,19.275629,-6.90128,-1.9246119,-0.25680664,-4.651564,5.0567193,1.5253047,-1.3560905
GTCTGTAGGTTGAACA-1,28.888954,10.7322855,-3.8852062,-3.3281305,0.8667688,4.212705,-1.36716,-12.263513
GTCTTAGTACAGCCGG-1,-4.000765,4.916619,-5.2841277,-9.976953,0.22326286,-3.6740384,2.0517418,0.503178
GTCTTGAGGAGCAGTG-1,-15.37818,-3.6466196,12.4841,2.1669157,-2.4764385,-3.5912075,-0.55139214,-3.1795251
GTCTTGTAGCTATTCA-1,-10.880211,-2.100225,10.614305,0.40129936,-0.80350804,-1.2555448,0.18831159,0.701292
GTGAAACGGCGCCACC-1,-15.94315,-10.958037,-3.7476459,-5.4520726,2.4066734,-0.27564725,1.0070318,1.8908471
GTGAAACGTGCTCCAC-1,-6.984576,3.0187738,11.674161,-1.0026852,-0.9601361,3.827392,4.245027,6.5507174
GTGAACTCCCATTCGA-1,-16.675089,-8.741684,2.3981183,-4.9224524,3.4072225,-1.3797421,-0.7450469,2.3137698
GTGAAGATTTCAAGTG-1,-10.038514,-0.7922299,6.084432,-5.0694404,1.488533,0.10976177,-0.8325436,-0.88386947
GTGAAGCCGTATAGTC-1,-11.329304,-3.2369657,10.960078,-1.6577737,-1.331707,-1.6794789,-1.3074998,-3.846893
GTGAAGTCACGACTCG-1,22.691048,11.408633,-6.5417395,9.23175,3.0362854,-2.9626656,4.9879036,-3.5780423
GTGACAGCTTCCCACT-1,-12.474933,-8.200111,-8.339388,0.19812793,2.974631,4.7992077,0.20311609,-2.1153893
GTGACCGCACACTACG-1,-13.220681,-9.631228,-3.826841,-2.0753782,1.8890444,3.7251148,1.107217,0.086393766
GTGACGAGGGTGACCC-1,-16.981724,-7.775987,11.843141,4.971698,-1.2267932,-4.669477,-2.1160245,1.0870725
GTGACGCAGGTTTCAT-1,-11.923574,-11.71384,-4.7268662,3.3117688,3.913798,7.7744775,-2.446087,-0.0024829567
GTGACTTCAGTAGTGC-1,26.786755,-4.015948,0.69577116,0.75578314,-5.019665,3.7094376,0.1228448,-1.4909486
GTGAGATAACCTTATA-1,31.649296,-0.79201967,-0.551309,-2.8384018,-0.27011177,9.007362,-7.5301127,-12.136107
GTGAGCGTGCTGCACT-1,-8.9168825,-6.171542,-8.300646,7.65862,3.9307616,3.7960296,-3.49332,3.577354
GTGAGGACACTTAAGG-1,-7.690611,-13.0142355,-6.591254,0.67311877,-5.38502,0.9177425,0.68621063,0.3505369
GTGAGGAGCGGTTGAG-1,-13.1052,-0.93651015,-0.7173747,-6.4861655,1.5520533,-3.6161122,-0.32447112,0.5424902
GTGAGTGGTACAACGC-1,16.959019,6.5087523,-2.0479944,-2.324555,-12.718084,8.067515,6.11096,-6.723125
GTGATCAAGCGTGCAC-1,46.456413,-14.765317,1.2176927,-4.138538,1.6038105,-1.5406222,-1.0127364,2.3070483
GTGATCACTAACGCCT-1,-14.922389,-7.2526364,2.7277024,-4.5057817,1.5207825,-0.51905596,2.113532,0.106507614
GTGATCATAGATCTGC-1,11.837811,1.7177097,-0.6566364,6.477813,-8.174677,8.857337,-3.6274705,-5.204099
GTGATCCTTGTCATGA-1,-11.905271,-7.2157693,-3.0855408,-0.48766583,5.6827188,5.266336,0.90035534,-0.7319038
GTGATGCACAACATCT-1,-15.477775,-8.984603,6.1740627,-2.9467607,0.55841345,-3.4432886,0.048436545,-2.1429079
GTGATTCGCCGCTCAA-1,32.493908,-4.6961565,-0.03189008,-1.8129685,-5.510427,-2.3240538,1.9417833,-0.5159145
GTGCAACAAATGTGGC-1,-11.974115,0.76297617,-5.313911,-8.646618,0.9557204,-4.890739,1.7161494,4.8451147
GTGCACCAGCTTCAAC-1,1.0604814,-1.827847,0.563601,5.8296475,-4.344247,7.376051,2.5271094,-5.82954
GTGCACGAAAGTGACT-1,-13.802175,-7.696355,-6.161726,-4.5113683,0.91363156,-1.319494,2.355263,4.41236
GTGCCATCACACGGTG-1,8.356442,4.3047724,-5.489704,17.562338,-5.9592166,-3.6216676,-10.113781,0.8914983
GTGCCCGTTCGGATTC-1,-13.375695,-9.154306,-7.6142864,-4.3195763,0.13535854,3.3156424,3.6550574,2.111313
GTGCCGCTTCAAAGGT-1,26.659065,-9.393408,-1.0894126,3.880705,-4.9476385,3.2537858,-5.510918,-0.37367192
GTGCCTAGCTATGCTT-1,7.197875,31.992315,0.12616712,1.7405782,8.389787,-14.407655,-14.067569,-8.789207
GTGCCTCAGTGTACGG-1,-9.895379,2.5527008,3.6645467,-6.6167808,-1.8411727,-1.6883249,1.2134435,-4.5146422
GTGCGAAATCGAACAC-1,29.990324,-9.401611,4.782879,3.3374763,-1.9655217,5.9317746,-3.6601508,0.99746543
GTGCGACAGGGAGTGT-1,-8.766995,-0.14778945,0.4137438,-4.211383,5.542214,5.512323,-2.151573,-3.2058032
GTGCGCAGCTTGCTCC-1,9.105728,27.748165,6.7439504,4.0994005,16.308,24.114435,12.390933,51.63198
GTGCGCTTACAAATGA-1,-4.4148064,13.051896,4.6263366,-2.2976825,2.0576217,5.8453574,1.0146954,3.4461377
GTGCGGGACCATCGGC-1,9.259844,35.000732,4.643155,-5.0528674,-5.8302984,9.715787,8.068903,8.0454645
GTGCGGGTCTCCAAAT-1,-8.563488,-0.9081242,-4.626079,-0.6430708,-1.2095039,-1.640715,1.0543027,5.5011234
GTGCGTGTATATGAGC-1,-16.91087,-14.030544,-7.415104,-2.0915241,-1.0755963,2.8135746,1.8461905,1.0014168
GTGCTCAAGTACTGTC-1,3.0237002,13.715837,-7.422088,11.08105,-3.3065574,1.3200606,-7.6059446,-4.6057596
GTGCTTACATCAGCGC-1,-12.505397,-3.6106386,14.906572,3.025076,-1.2385613,-0.14375366,-0.39899465,-3.2568066
GTGGAACCTACATGCG-1,-16.17121,-11.304527,-3.582836,-6.4770184,5.304824,-0.88556695,2.1776567,4.363816
GTGGACCAACCCGATT-1,11.712581,-6.21103,-3.084891,13.860854,-7.208451,-6.448692,-2.828924,7.547515
GTGGACGCATTTGTCC-1,-0.7627974,5.2910314,-7.28916,3.0497625,-3.8076794,2.9358423,4.186019,-9.1828165
GTGGACGTGCTGAGAC-1,-18.076637,-5.999913,3.2196386,3.2196667,5.134108,-8.731897,-2.5259783,6.716827
GTGGAGCGTTTACCGA-1,39.979115,-16.66443,2.909245,4.355651,5.7347684,-5.278901,-6.3047132,1.2596924
GTGGAGTCGGCGGTTG-1,42.2783,-4.827042,0.5338215,-10.923083,-3.7422476,-2.7928565,0.20543532,2.6549978
GTGGCAAACAGCGGCA-1,37.840263,-4.6075478,0.2513372,3.7060719,-2.475473,-8.896745,8.386507,6.007054
GTGGCCGGTTTCTCGG-1,44.589516,-16.813478,2.495186,-0.8485306,10.147307,-3.2954156,-6.4625254,6.39788
GTGGCGGGCCGTAGCT-1,-11.851257,4.038222,10.0829735,-0.38707364,-6.8734875,-3.7833583,0.701353,-1.7152598
GTGGCGGTCCCAGCGT-1,-10.210166,0.0034503439,-9.039643,11.073549,-5.5490503,-4.9015937,-2.7234976,2.6146872
GTGGCGTGCACCAGAG-1,0.8231406,13.6363535,12.260765,1.9413503,-1.5269647,3.8107586,12.287084,-0.05090138
GTGGGAAGACTGAATC-1,3.14953,7.3767443,-2.9725912,16.492275,-7.773722,-13.382088,7.2836757,3.8226383
GTGGGCTTAGACACAC-1,-1.5119989,7.085982,-9.116918,4.397446,-0.19758055,4.4957213,-0.8560633,4.0370164
GTGGTATAGTCTGCCG-1,40.601254,-9.586492,2.577546,-6.4329247,-2.653673,-0.5740572,-0.8108083,-0.07169009
GTGGTCAGCGAAGTAT-1,-13.338559,-2.2905025,6.9722033,-3.461876,-2.6345665,-3.78768,0.2581412,-2.7838385
GTGGTGGCCAAGTGAA-1,-6.8090124,1.6773767,-6.3564944,-1.9763819,-3.8574426,3.2878785,5.0504007,-1.4378096
GTGGTTACTTCTTTCG-1,-12.925723,-3.9925494,4.5606656,-3.2375724,1.7936014,0.40517157,0.542658,-0.8534113
GTGGTTTCCGCCTTTC-1,6.4384656,6.364554,-5.394949,12.229147,-2.4110765,-1.6761667,-6.7270956,4.1341047
GTGTACCTTGGCTACG-1,-10.084769,4.236663,-10.0774555,-5.145702,-3.9185145,-0.9722065,1.8413483,0.5360042
GTGTATATCAGCGGGC-1,-8.864974,-8.397902,-4.882798,2.5951452,5.178531,4.685454,3.746834,-0.8710402
GTGTATGACTTTAAAG-1,10.204523,29.92625,6.322513,-7.0158596,-6.095521,10.205165,6.389958,8.034829
GTGTCAGTGTACGTGG-1,31.551264,-4.6541643,3.6008725,-4.073701,-3.1701715,4.579247,0.4108413,-2.116057
GTGTCCGATAAGGCAT-1,-7.2486677,1.1627476,14.9530325,1.7100282,-3.0618775,1.8155643,4.3398175,-3.2298205
GTGTCGTATAGCGTTC-1,-9.052478,-6.83671,-7.6505365,-2.0487444,5.0646787,8.144404,0.9790566,-2.6928356
GTGTGAATAACTTAGG-1,-12.128994,-10.050921,-4.523845,-2.669932,-1.6531827,3.7881885,1.1784158,3.4592292
GTGTGAGCCGAGGTGC-1,-1.8484595,12.587509,6.2490406,3.2373226,4.7198505,4.1104593,-2.0648186,5.318075
GTGTTACTATGCGTCC-1,-10.366499,-3.738656,-6.3050766,3.6560402,-7.962724,0.89389956,3.9796562,-2.2981143
GTTAAAGTAGGACTGG-1,-14.513419,-10.226598,-7.4872375,-0.065493025,4.4890323,4.903912,-0.08364199,-0.43170205
GTTAACATCACTTAAA-1,-10.388572,-12.175541,-5.061227,1.8596075,5.356503,8.08438,1.2596714,-2.4716494
GTTAACTATGTTGTCA-1,-15.454041,-7.5201883,11.329322,0.7508112,0.12726514,-1.9622146,-1.4220656,-2.0671766
GTTAAGGGTGCGATGT-1,-6.2050934,-2.0606608,-5.230056,1.4818301,-0.09638065,6.0969553,0.594693,-3.819074
GTTAAGTTAGAGTGGG-1,-10.219609,4.467477,8.203967,0.9094642,-0.68239623,-3.3766558,-1.3728411,-3.834029
GTTAATGTCTATCTTA-1,-2.200554,11.969146,-5.88987,-5.4236474,8.893802,-7.275817,3.2435577,-4.651523
GTTACAATTGGTGACG-1,-9.824045,-3.9470024,-5.150412,14.85288,0.21279374,-0.96714765,-6.585847,1.6782638
GTTACCTACAACTTGC-1,-2.6919444,10.301087,-7.9455247,-2.063746,-7.524006,0.40402275,1.4261382,-3.1978018
GTTACGAAATCCACGC-1,3.2883933,18.478989,5.5288787,2.1207132,10.658437,9.025162,3.3327127,18.68962
GTTACTTTGGGCCTAG-1,19.470589,-2.868055,1.4176764,8.624271,-5.618224,7.0182886,-1.6770792,-2.8165517
GTTAGAGTGTGCCGCT-1,-8.143081,5.1427608,2.2852452,-5.0898223,0.5891232,-2.3800013,-0.29276252,0.24004067
GTTAGCCCATGACATC-1,-3.0473313,6.3662124,-9.779995,-0.8406585,3.6157682,5.1062512,-2.627347,-5.4932837
GTTAGCCGTAAATCAA-1,-16.966146,-6.585384,9.81069,-1.5664445,0.8674529,-1.7889855,-1.0449475,-1.960466
GTTAGGCTACCCGTTT-1,36.50409,-4.3039107,-1.0082061,10.894331,11.036146,-6.839071,2.2401063,-5.26429
GTTATAATACGGTGAA-1,-11.883691,-9.076183,12.035788,2.4561205,1.7806007,0.22522208,-1.647011,1.8175426
GTTATATTATCTCCCT-1,16.35194,7.042831,-2.5342586,-2.8304486,-9.3138075,6.091229,3.9207642,-3.4080439
GTTATCACCTTCTGAA-1,-11.53601,3.061604,11.719026,-1.8454349,-6.3114834,-5.052783,-2.1238322,1.5767516
GTTATTAAATACGACC-1,-18.313025,-11.757518,11.630588,1.273621,-0.99236983,-7.708058,-2.3979597,0.45826194
GTTATTAACGTGGGAG-1,-3.0369425,16.844746,0.908691,-5.488768,0.61276144,-1.4178598,2.4485269,2.257136
GTTCAATCTATGTCAA-1,-14.413014,-5.67376,11.129444,-0.8397194,-2.0707042,-2.7248173,-0.028585574,-1.4009987
GTTCACAGGAGTCTAG-1,-8.290035,-0.2872686,-9.967307,5.0043564,1.3432506,2.245453,-3.5022473,3.4184177
GTTCAGTCGCCAAATG-1,14.40157,-1.0958025,0.820627,7.833764,2.027025,11.36391,4.9534492,-9.392093
GTTCATCGTTTGGCTG-1,-13.54184,-3.4299347,4.2813425,-1.4085891,3.3274446,0.8496534,-1.5213846,-3.318586
GTTCCAAGACAGCGAC-1,-1.4380646,15.708449,2.863235,3.7264621,4.0528936,2.1126847,-5.4984035,11.787059
GTTCCAGTCTGACCAT-1,-13.041803,1.9326121,-6.1561184,-8.67441,2.7886004,-4.498941,2.2028925,9.443918
GTTCCGTCCGCCTGCA-1,31.611061,0.901179,-2.0732481,-0.5017645,1.2428119,6.2450047,-1.611202,-9.052431
GTTCGCCATAAGTGCC-1,11.586825,0.79765254,-5.212151,12.246007,-11.844901,-1.5499076,-9.891955,4.521686
GTTCGCTGAGACGTCT-1,-15.334552,-7.3232417,13.671623,5.96752,-0.7118452,-1.5735338,-1.9548336,-0.7997569
GTTCGGATCGGGAACA-1,-8.914555,-0.7500435,12.231402,-1.1067543,-1.3349949,-0.15853393,1.2849172,-3.4699738
GTTCGGGCGTACCATT-1,-17.521837,-5.1206098,3.5677283,-2.4251273,0.60845566,-3.1628423,-1.9078003,-0.8763981
GTTCGTCTAAAGAACT-1,-12.467714,-2.5075374,-6.197484,-6.717883,6.088758,3.3466418,0.021872617,-0.5112906
GTTCGTTGCGGACCAG-1,-2.8186922,11.190744,5.8206835,1.1494364,1.5888114,3.7230995,1.4168186,2.0209382
GTTCTTCCCTCGATGT-1,-7.3091726,12.831048,-6.0247226,-8.433792,0.07119507,-6.327133,-1.343579,2.417985
GTTGAACCGGTTCCAT-1,27.648407,3.9405875,-5.4176035,1.8529066,-6.8811703,-1.4691223,-5.117963,1.4746253
GTTGAGTCCCGCCGGT-1,-13.863096,-7.8128204,-10.421713,-0.7919672,2.6427042,5.3797145,0.6658421,-1.1306331
GTTGCACGGAGTTTCG-1,-17.221102,-5.512707,-12.298829,2.0503142,-0.9597959,-3.0474222,-0.9101121,5.2926235
GTTGCGGACGGTCAGG-1,-1.7623051,3.9054139,11.965912,7.9531856,2.6849527,10.647141,3.3608854,-1.644157
GTTGGATTCAGTGGCT-1,-8.039364,7.096321,1.4045526,-11.203341,-0.6209842,-5.508086,2.5340574,-4.7092986
GTTGGATTGAGAACAC-1,-11.746505,-4.9376397,-8.565419,-6.8029404,-1.563543,0.9576751,0.8246305,0.790774
GTTGGATTTGCGTTGG-1,3.3040817,5.351564,-5.937099,9.509605,-6.446102,1.0933356,-4.8894343,0.29810035
GTTGGTCATGCTATCC-1,-2.9593425,5.9932127,-5.268018,6.998864,-10.539641,4.8372746,5.036841,-9.769988
GTTGTCGTGTTAGTTG-1,-10.673253,5.228021,-2.3346603,-7.2367883,3.7975435,-12.019558,1.2798979,6.379934
GTTTACGTTCCATCTG-1,-6.2486563,-5.3177867,-3.4063137,9.302845,-9.476046,0.775565,3.8424568,-2.2819524
GTTTCAAACGAGTTGT-1,-13.6868305,-6.365727,17.5944,14.715253,-2.1595175,-2.7884014,-4.9003925,0.030155992
GTTTCATATCGTCGCT-1,-6.800526,5.8786907,-7.007269,9.648353,-4.2534933,-2.3737347,-6.033528,1.091652
GTTTCCTGGAGGGTGA-1,-11.758045,-2.899063,-8.671429,2.0061443,0.07149131,0.2696285,-0.57845956,7.0763707
GTTTCTGCAGTCTCCC-1,-4.442782,2.734961,-5.6560073,0.630413,-10.262456,-0.8860516,1.1199425,-3.328837
GTTTGACCAAATCCTA-1,-8.440185,-3.365614,-3.897343,7.137846,-3.371469,-1.6884022,-0.90889794,2.004019
GTTTGAGCGGTTATGT-1,-3.6470308,7.6486864,5.7210417,-0.0740503,4.5657744,1.7153133,2.724258,8.951059
GTTTGGCCCAAGTTAT-1,-10.944468,-4.6180525,-6.8414817,-0.034205846,-2.5252094,1.2635107,3.272208,-0.014798661
GTTTGGCCGCTCAGCG-1,-13.176506,-2.331981,13.326661,5.1637516,-2.7758858,-2.6807382,-1.6230856,6.20475
GTTTGGGCTTGTGAGC-1,-0.4545757,-1.5849141,-1.4025275,5.653183,-8.021315,1.7048731,4.161155,-2.4066956
GTTTGGGTTTCGCCCG-1,-12.500931,-7.5218735,1.7139826,-1.3570416,4.9757867,1.5721734,-0.6749576,0.4369795
GTTTGGTAGGGTCAAC-1,7.7410064,13.256226,-6.9297996,1.0528728,-7.996096,2.1251657,-1.0219957,-6.4359097
GTTTGGTGATCGGTGC-1,35.489346,-6.7128744,2.9949183,-4.253153,-1.2744251,7.2975197,-0.35432956,-2.2156587
TAAACCCAGGAGGGCA-1,38.52443,-10.2004175,3.2855117,-4.280656,-3.5131104,0.38283327,3.1147444,2.3196707
TAAAGAGCCCGAAACC-1,-8.770242,3.0299592,12.1122265,-0.5751744,-4.855856,-3.7216003,0.7098547,1.0830324
TAAAGCGGTATTTCCA-1,26.565842,-9.767164,0.7532929,-4.1985116,-4.7495837,-0.17841741,1.4723523,-3.42198
TAAAGCGTTAGGAGAA-1,-16.467981,-13.893965,-3.249263,-1.3053701,0.9379706,0.39199948,0.815227,3.3307893
TAAAGCTGCAATAGGG-1,-13.6438875,-3.5623686,2.1385126,-6.097,3.5688095,0.061386254,0.5296601,0.37676695
TAAAGGAGAAACTAGT-1,-2.6092408,5.740101,12.245815,2.2259197,-2.3668544,5.8492746,0.4482109,-1.7951458
TAAATGAATCCGTTTC-1,-8.964788,6.564155,-3.103936,-5.7113338,3.2877462,-3.691098,-0.30189127,0.9952519
TAAATGCCGTCTCATG-1,-17.133547,-10.919197,12.806504,3.3677726,2.2056007,-4.1551223,-2.7505846,-0.9300701
TAAATTTAGTAACACC-1,30.53283,-1.0279722,2.2674234,6.4439406,6.190653,9.970037,-4.612803,-12.3089285
TAACAAAGGGAGAAGC-1,-11.29401,-2.0704932,-1.8770652,-1.1727113,6.68435,-3.239887,-1.1310564,3.4265819
TAACAATATTTGTTGC-1,-1.8827909,12.5103035,-3.8197145,-4.546779,10.780913,1.7392473,0.33176044,-6.1576676
TAACAGCGTTTGTGCT-1,38.832573,-5.0647264,4.126474,-5.9404044,-2.668917,13.404865,0.47282863,-3.7555242
TAACATACAATGTGGG-1,-8.596721,-3.0525403,-3.27795,4.297087,-8.403062,-1.075044,2.6365168,-3.0062966
TAACATACACGCGATC-1,44.32554,-7.700407,1.8915241,1.6582019,4.7989354,-4.5265436,-1.8065836,2.4902325
TAACCGCCCGCAGTGC-1,-9.556097,6.8331184,5.3049607,-3.9504871,-3.8477771,-8.007644,-0.21795225,0.5711862
TAACCTACCGTCCGAG-1,-11.276048,-2.298541,0.056223072,-2.3463008,3.406911,0.16225293,1.0203123,-1.9531251
TAACCTAGGGAGTCCA-1,-15.951554,-8.334221,13.957686,8.139361,-1.5708182,-4.9815974,-3.57985,1.319543
TAACGCTTTGAGAGCG-1,-7.593784,9.718371,-11.492449,-5.0087075,7.5238667,-0.57027066,-1.4013779,-1.7551996
TAACTATCGAAGGTCC-1,-9.30842,-1.1570164,-4.4321475,-1.9548755,4.405656,-1.5365883,-2.6895685,5.5119033
TAACTATTACGCCAAA-1,-17.542152,-9.311773,7.6765914,0.56265545,-0.3475862,-1.7533357,-1.2804927,1.1565956
TAACTCATCCGCGCGG-1,19.802292,-7.0266914,0.920855,2.5695064,-5.0998654,5.197666,-3.3868208,0.21966498
TAACTCCATGGAGGCT-1,-13.097812,0.30219898,3.6046476,-0.1602144,2.5863092,-4.4722443,-4.2253475,2.7413507
TAAGAGGGACAGGGAC-1,51.28412,-12.868893,0.74014205,-7.3214183,3.5164237,-4.8287444,-4.956792,2.0209508
TAAGATTTAGCGGGAG-1,6.7648406,27.989864,6.1560564,9.881066,4.978287,15.066777,4.9788017,21.054064
TAAGCAGGCGACACGC-1,-10.474516,-6.9275856,-6.6738605,7.862141,5.664711,3.9418793,-1.2440691,0.7478352
TAAGCGCGAATCAAAT-1,47.555126,-19.286865,0.23317198,-3.8783777,4.459027,-3.650952,-6.9505205,-0.3799195
TAAGGAACTTGTGGGA-1,-15.811727,-6.1287785,2.7076006,-0.42025712,3.1351874,-5.178631,-3.0299435,3.5893059
TAAGGCAACATAAGAT-1,-13.92136,-10.842202,-7.477141,0.08374737,-2.2897613,2.9654255,0.88573694,0.5587342
TAAGGCATAACATCAA-1,20.184265,-2.5255406,1.5315007,-3.3490145,-10.689927,4.2981505,4.582369,-3.2785292
TAAGGCCCGTCACCCT-1,-4.0548215,0.87986076,-3.8871856,1.7094771,-1.317858,6.3600216,-0.44656137,-2.3257592
TAAGGCTGAATCCCTC-1,-18.983185,-11.004522,-1.7019801,-4.661463,5.8117037,-1.1493211,-0.35792506,2.786137
TAAGGGCCTGTCCGAT-1,-13.304144,-6.8741193,2.7580945,0.19477224,2.5933712,0.925101,-1.2772074,-1.1848756
TAAGGGCTGGGAGAGG-1,-3.9796011,-1.8790371,-6.5278883,5.769112,10.793357,8.01929,-0.7200984,-0.6410601
TAAGTAAATGTGCCGC-1,-14.26642,-6.1639237,14.387116,2.8853285,-1.6484559,-2.589583,2.1306875,-3.3878427
TAAGTAACATCTTGAC-1,37.156506,-2.7173765,-0.6214512,1.6082972,-0.19645983,1.7816367,-1.7780536,2.3204868
TAAGTCGCCGAGTATC-1,46.570618,-8.979662,2.021739,-6.011774,-1.870762,-1.6014333,-0.57255673,3.0270877
TAAGTTGCGACGTAGG-1,-8.716867,-1.2000123,-1.0029123,-5.885505,4.371128,1.9996549,-1.8889439,-1.638193
TAATAAACAAGGAGAT-1,-10.401347,1.4579855,-1.224011,-11.467226,1.8692082,-2.2963467,0.14272688,-0.16085155
TAATACACAGTAGTAT-1,-9.694839,3.63637,-10.846651,-5.3406353,-4.8405256,-1.0858454,1.5665991,2.1295042
TAATAGAACAGAGTTA-1,47.26687,-10.267418,4.0442967,-5.117884,-7.1221714,-1.1477146,4.0239606,7.932359
TAATAGGTCACCAGAA-1,50.3949,-2.5611782,-3.0724266,-7.6131945,0.9761308,-6.1121616,-7.5903287,-0.8980485
TAATAGTGACGACCAG-1,-15.464156,-6.0623875,-10.283737,-2.5039098,-2.9600623,-0.93599665,0.9827095,2.641418
TAATATTGAAATTCGC-1,-9.9746065,5.6415715,-6.4596734,-7.7902346,2.1992283,-8.732835,-2.2945435,4.591326
TAATCGATCCGTACGT-1,-10.735774,-2.406495,-3.4112322,-9.003845,1.9398248,2.8281894,3.824722,0.8038185
TAATGAAAGACCCTTG-1,-6.369233,15.020876,-4.625681,-9.6909895,1.138216,-4.9092345,0.80093706,-2.4005535
TAATTACGTCAGTAGA-1,-14.412477,-9.139229,10.573989,5.8418694,1.2308857,-3.964899,-5.892992,0.8143053
TAATTAGATGGATATG-1,2.7956293,20.84167,14.621553,-2.7423959,-6.7655954,15.289842,16.053413,23.481037
TAATTAGGACATCCGT-1,-12.236068,-5.856427,6.95844,-0.4502788,1.2618679,1.0118376,-2.2957678,-1.4667741
TAATTGGAATCGGGAA-1,-12.196791,2.0675633,7.8257194,-5.440481,-1.4758526,-3.3715212,-2.3657458,-5.1932573
TACAAATTGCGGAGGT-1,-11.901126,-2.7801857,17.129465,1.8941433,-3.7746527,-1.3843063,-2.7778263,-1.6292408
TACAACGCACAACTCA-1,12.554044,-5.397023,-0.30953512,8.538697,-6.181463,0.9118984,-5.6587143,-3.0028822
TACAAGCTGTTCACTG-1,5.4915476,29.386295,0.8909982,-6.4495125,-2.9149468,3.1809728,2.2850554,0.41422176
TACAAGTCTCGTGCAT-1,-14.281767,-5.8935304,-11.77885,2.7530913,3.3648348,-0.6491475,-3.4226727,1.5210097
TACAGAAACGGTGGGC-1,-14.6042185,-11.002648,-1.4935946,-0.022633655,9.016562,5.590984,-0.382011,0.8070358
TACATAGGCATACACC-1,4.9224515,5.3009267,-7.9046817,6.76819,-9.243434,0.37877867,-2.375228,-7.9215455
TACATCCCTATCCCTG-1,-1.7641279,3.0831547,-6.7289944,18.310942,-1.762641,-13.632778,9.638749,5.7319403
TACATTTCTAACGTGC-1,9.735256,3.270608,-1.8671272,5.301935,-4.5588694,5.7571845,-3.9721215,-0.9146277
TACCAAATAGCCCAGA-1,-5.2683477,3.6436725,-5.001702,4.1454425,-6.57174,-0.2462929,0.94568616,-6.8278956
TACCAATAAAGTACCA-1,-19.224098,-20.006916,-4.913606,2.007157,5.775016,4.5761313,0.93421125,1.6264719
TACCAGAAGTAGGTTC-1,21.6861,-10.795475,0.85226214,-2.4522424,-5.974969,5.673956,1.4245657,2.111715
TACCAGCTAGGTTTAA-1,-10.21461,5.5648727,-3.50693,-11.428483,1.4357135,-6.980696,0.45899534,3.7355826
TACCAGGAATCCCGTC-1,40.578476,-4.644723,-1.4889648,-5.4373384,-1.9833088,2.204769,-2.769147,-7.828582
TACCGCGGACTTGCAG-1,-8.459386,-1.9409953,-2.1564155,-6.921285,3.7651649,4.864139,1.3701988,-0.24189429
TACCGGCTCACTGCCC-1,-4.0476413,0.7694297,-1.6967487,4.1426597,-8.941664,1.5662868,1.2561684,-5.013027
TACCGGTCGTTTCCAT-1,25.60256,7.4416103,-6.6022615,1.9137572,-6.451044,-4.184163,-3.6803372,5.5284605
TACCGTAGGTTAACTA-1,4.538892,10.076886,-3.0907166,4.293766,-6.0307274,3.5506759,2.1687407,-6.3615193
TACCGTGCCTCGGACC-1,-13.778431,-9.368275,-3.5029607,7.2672043,-3.9247108,-0.14306769,2.31179,-2.1223032
TACCTACTCCCAGTAT-1,-3.5144737,7.9798603,-6.205461,4.203059,-5.536351,1.9612497,-0.19805373,-9.103233
TACCTCACGCTTGTAC-1,-9.624166,4.8045287,-5.278529,-4.119149,3.2950969,-4.138795,-2.456956,6.900755
TACCTCAGTTGTCTGT-1,26.733452,-4.3735595,-0.00049319793,-4.3468423,-8.833486,3.5925896,4.122669,-2.3607686
TACCTCCACACCAATG-1,47.123768,-14.909214,3.943242,-4.8960366,3.9764698,4.94018,-5.14623,1.2324612
TACCTGCTGCACTGTG-1,-4.302472,12.029004,-8.98543,-5.0721283,5.6321235,-0.44016352,-1.1026843,-3.7264705
TACCTTAAGATTTCCC-1,36.55345,-8.772516,2.2122316,1.321448,-1.6228426,-3.4043832,4.956755,5.9923553
TACGAACACGACTTCA-1,-6.693855,-6.884171,-3.7604148,10.197463,-2.011347,1.5294551,-1.2720643,2.4706562
TACGACGCTTGCTGCG-1,15.347851,-6.897567,-1.7894814,3.8213508,-4.7105117,4.2018228,-0.39792138,-2.955649
TACGACTGCCTCTTAG-1,3.2507954,10.219973,-5.8865633,0.55236316,-8.31292,-3.0628228,0.40578878,-4.974295
TACGAGAACTTCACGT-1,-4.8085494,-1.2810795,-4.567512,10.397647,-4.053643,0.32952937,-3.855436,2.9399688
TACGATGTTGATCATC-1,-11.04634,-4.4111977,-5.0483704,12.226805,-5.686563,-2.425196,-1.3090985,5.039071
TACGCAGTTCTTTCCT-1,7.3384748,-1.3916118,-2.211145,8.630848,-8.127692,3.4423294,1.3364286,1.5975238
TACGCCATATTCTAAT-1,9.646042,11.685848,-5.674012,7.6264315,-1.673709,2.9523609,-0.48968345,-7.052976
TACGCCGAGGGTACCC-1,27.9361,-13.522629,1.8594155,2.6339474,-0.98393524,0.6219838,-0.21833704,1.2073166
TACGCCTCCATTCCGA-1,1.0509316,5.935879,-2.8943944,-0.5314505,-6.856741,1.7405477,4.0486684,-4.6627436
TACGCTATAGAAACCT-1,-14.598317,-7.552121,4.0827823,-2.8579047,6.5558033,1.5981555,1.0393146,-1.216366
TACGCTCGGTATTGGA-1,-2.5839937,5.459364,12.057574,13.345407,2.741546,-1.4701556,-5.985892,-2.2046375
TACGCTGCTGTGTTAA-1,45.9297,-13.583756,6.8823814,-1.4939425,4.4480247,7.171382,-3.5528023,1.508478
TACGGGATGCTAGCAG-1,-12.312945,-2.8808677,-6.09132,-6.3415112,0.43313143,-0.9280945,2.2650447,1.9652845
TACGTAAAGCGGAGTG-1,-9.360134,-5.2175207,8.787523,5.110913,1.339501,0.8328837,-1.0704538,-3.2921
TACGTACTAGTGCTGA-1,40.474907,-12.207195,1.297995,-6.942848,-2.596464,-1.6993122,-0.0044500222,-1.8238986
TACGTGCACTATGCTG-1,-6.9529347,12.338859,-5.3823805,-8.318445,-1.1788201,-4.566614,1.1497785,0.9952543
TACGTTTACCGGCAAT-1,4.2009254,12.854423,-6.818287,15.500753,-4.1507525,-1.4724067,-11.035051,8.233775
TACTATGGTTCCTCAG-1,35.375652,-2.1703644,0.88435036,-9.427248,-6.380155,0.8270401,-0.23819709,-1.125617
TACTCCTCTAGTTGAC-1,36.387928,-7.4790487,0.19799586,-5.0385103,0.39770928,5.731713,-2.5684414,-3.3162482
TACTCGGCACGCCGGG-1,-9.271926,-5.2039795,-8.502846,7.6856213,3.964589,2.3024342,0.5493165,5.5989685
TACTCTCCGAACAAAT-1,-15.733166,-14.671549,-7.0729017,-2.844105,-0.16564526,-0.12672439,-0.91298103,5.2157245
TACTCTTACTTTACTG-1,-11.244629,-4.4357095,13.5314,12.159355,-0.7250046,-0.8546621,-3.3170135,5.0378017
TACTCTTTCGTCTTCA-1,34.752888,-0.36864436,1.9624597,-8.084314,-5.4254065,0.12053597,-0.27588415,-2.904011
TACTGAACAGATTTAG-1,41.43186,7.114269,-4.435855,-9.870077,-5.1605396,-4.1313324,0.35227194,-0.8246609
TACTGAGGGAAGAAAG-1,54.944168,-15.870357,3.2793436,-4.806659,4.243992,-7.3356676,-4.673368,4.288179
TACTGCAATCAATTAC-1,-13.587924,-2.2856307,4.900292,-6.380238,1.325528,-1.5483505,0.499592,1.5410825
TACTGGACAGCTCGGC-1,-4.091051,1.5449282,-10.197445,8.157225,0.63214076,2.2131505,-5.571975,-0.24800284
TACTGTTTCTCTGGTA-1,-5.674063,1.0933437,16.04186,6.816443,0.38181075,-0.14018624,1.4548681,-1.4992067
TACTTGTTAGTAGTCC-1,-9.7944,-5.5564265,-6.387584,-7.2438407,0.027794572,4.310419,2.5570443,-0.95063746
TACTTTACTGAGCCGG-1,-14.130191,-4.0632114,-5.7790637,-8.4610405,4.1029654,0.67692727,0.36869174,0.19245845
TACTTTCCGCACGCCA-1,7.62463,-6.6373515,2.8751283,11.400659,-4.2995434,-11.770202,0.33313516,9.172841
TAGAAACCACTAAGTA-1,-17.689056,-8.11255,7.3484054,-1.1468405,0.60423434,-5.7463517,-3.733394,2.3508794
TAGAAAGGTGGCGCTA-1,-12.095096,-7.83654,-8.671768,-4.229627,-1.7305968,0.5840137,1.1723062,0.38174465
TAGAAATTCACGTATA-1,-6.2251577,8.108821,-10.628699,1.6197472,3.1999047,-1.3287277,-1.1717421,1.5121689
TAGAATAGCCGATGAA-1,-16.401566,-8.160097,9.551555,4.1256647,3.6659698,-2.404923,-2.3175414,-1.8854345
TAGAATTAAGGGCAAC-1,-16.187195,-4.064432,-0.7686019,-7.216985,1.044651,-4.182943,0.9023116,3.227539
TAGACGAAACGCCAAT-1,-7.2467794,-6.4628425,-4.1261106,4.394737,4.44067,9.828721,1.8242984,-3.3679817
TAGACGCCCGTACCGG-1,-12.23293,-6.136652,-8.745175,-6.5888,0.67530465,3.626929,0.22616987,-3.09692
TAGACTACCTAGCGTT-1,-11.201876,-7.757639,6.348677,-2.1318324,4.9741664,2.4797592,-2.034406,-3.207282
TAGAGATCATGCAACT-1,17.388556,2.8523867,-5.402617,10.610879,-6.1048503,-5.210941,-3.2813895,12.387622
TAGAGCTACGAAGAAC-1,-15.44173,-3.2830539,1.5586267,-2.4278522,0.72980636,-6.6999807,-1.8714383,4.519805
TAGAGGTTCTACTTGT-1,-7.058676,-4.224819,3.850682,-2.812843,3.3797357,6.655239,1.5496999,0.33835447
TAGAGTCTAAGCGAAC-1,-13.017222,-2.7142093,-5.906549,7.128545,-4.368563,-2.8047686,-2.2693214,1.1212795
TAGATATGGACTGGAA-1,21.724747,6.432174,-1.7684902,-5.238121,-13.735913,8.194757,4.627441,-6.3019204
TAGATCCGAAGTCGCA-1,-20.008825,-9.130558,-0.117185414,-3.7299738,0.77923477,-7.0261292,0.15617114,2.7683463
TAGATGGTTCCTTACT-1,-13.970635,-6.313036,2.230815,-2.0532014,1.0379215,-0.2003543,-1.230559,0.0040818774
TAGATTCAAAGTGCGG-1,33.996876,5.8094697,-1.758165,-3.2555754,1.1648352,2.2441523,-4.3545413,-9.356087
TAGATTCCTGGTTATT-1,-5.4624915,2.5473852,-5.411641,3.5905988,9.857045,6.102047,-1.7469751,2.9947467
TAGCAACCTGTCACAA-1,-2.1843562,18.410114,-3.8688104,-8.204474,1.0177172,-4.665038,0.95226264,-0.5916159
TAGCAGTATGACTAAA-1,-9.035634,0.98365444,3.3544488,1.470176,2.738275,-0.09280208,-1.4794272,-2.400385
TAGCCAGAGGGTCCGG-1,6.5239944,22.107327,4.635553,10.9066925,13.5694685,-0.13955447,-11.099758,-9.496281
TAGCCATTTCAAAGTC-1,-12.004328,-7.6194015,-1.462935,-2.8716433,4.0128293,3.6539657,1.8383133,-0.8920763
TAGCCGGCGGTCAGCG-1,-14.35665,-8.005448,-8.753815,-4.8730745,-0.6506991,2.0336602,1.8754449,-1.1075858
TAGCGTCCCTCGATTG-1,-18.288872,-11.879441,9.670713,0.83931226,0.94866735,-2.7200727,0.1873602,-0.8713693
TAGCGTCCGGTGTGGT-1,-11.1984,-8.855155,-4.662968,1.3807508,5.9324613,7.4602456,2.502268,0.81464964
TAGCGTTGGGTCTTAC-1,-0.43061674,0.782463,-1.6845598,2.725561,-9.764687,-1.870969,4.769853,-3.8463905
TAGCTAAGTCCGGGAG-1,-13.975777,-10.53233,-6.705021,9.326892,-5.320178,-4.304113,-4.496004,3.9230607
TAGCTAGAAGGCATGA-1,18.573067,-10.776059,0.1315947,-2.5176816,-10.771195,-0.2032046,1.7141167,-1.7785314
TAGCTAGTGATGATGG-1,24.280489,-2.130304,-1.7919996,-4.2690268,-7.617033,6.57599,4.1986814,-5.128738
TAGCTCGCCTGATAAC-1,11.595567,-9.702488,-2.3481264,3.8298392,-9.517653,2.7363691,6.3457284,1.3342468
TAGCTGATGTGAAGCG-1,-5.939863,1.1639434,-10.911319,8.11928,-3.0169525,-6.047168,4.486909,2.9993255
TAGGAACAGCCTCCAG-1,-13.541841,-1.9924202,6.4501033,-3.2846937,-1.034358,-3.834034,0.4427917,-1.9641961
TAGGCATGTTACGCCA-1,-15.379132,-8.156238,-7.6015477,-3.7074673,0.18987061,-0.33089468,0.5236445,1.0212326
TAGGCCTATATAGTCT-1,-2.5100117,-1.6555895,8.581859,9.549649,5.057051,5.479235,-4.705771,-8.9932575
TAGGCGATGAGGTCTC-1,30.508957,-4.4949756,2.7870665,14.483061,19.026201,-8.100425,2.6334686,-6.4236007
TAGGCGGCTGCAAAGA-1,52.132942,-13.781921,3.068153,-4.9273095,8.104652,-2.1089334,-7.5638003,1.7628511
TAGGCTAAAGTGGCAC-1,-8.295679,-1.4545587,6.3107,2.281877,3.0439816,1.1601326,-1.3798265,-2.9966035
TAGGGAGCTTGGGATG-1,-13.041855,-5.318327,-1.4297255,-4.11067,4.7572064,2.9651866,1.1993185,-1.0804772
TAGGGTGTTTCAAGAG-1,-15.30713,-7.6748476,-9.0699,1.2348609,-1.691086,-2.5093167,-0.16650304,6.876281
TAGGTCCAAGTAAGGA-1,-10.471611,-4.263359,-7.6911197,-0.021101428,10.662067,1.4679269,-3.320238,0.63439155
TAGGTCGCCGGAACTG-1,-8.848099,-0.864532,1.5279052,-6.210387,4.55458,3.2861528,4.390184,-2.7503645
TAGGTGACGATAACCT-1,-14.537765,-16.958918,-5.1948824,1.9567841,4.258187,4.781278,-0.2530034,1.2626382
TAGGTGAGCCCTACTC-1,-10.684229,1.4496441,-11.007067,2.086196,3.3694336,0.08314665,-3.041351,0.48692676
TAGGTGCTCGCCTAGC-1,-11.27995,-6.237322,-4.7296257,-1.728443,-1.314575,4.5475144,0.42073,0.17798644
TAGGTGTTCCACAGAT-1,6.736832,23.991789,-8.990289,0.52916193,-5.126391,-0.82906795,1.6207693,-9.2148
TAGGTTCGAGTTCGTC-1,-4.125443,-1.327103,-4.5638843,6.0979433,-8.712336,-0.7795803,1.0331204,-4.769423
TAGTACCACAACTTTC-1,54.236115,-11.31068,2.5881274,-6.5718207,5.010675,-4.365691,-9.999011,2.2713265
TAGTACCTTAGTGGTC-1,1.3380269,20.493528,-3.0402691,-9.65451,0.20316276,-6.2794185,-1.2756996,-1.8123513
TAGTAGCTTATACCAG-1,36.21555,-12.419044,-0.19970845,-3.361493,-6.2690115,-1.7525507,2.878841,2.8141298
TAGTCCCGGAGACCAC-1,7.183741,-5.961631,-1.3504643,3.6777937,-5.1044984,6.592997,2.3139236,-2.7575479
TAGTCCGCAGAGAATG-1,2.1102197,-4.6152115,-5.483977,13.857937,-8.004525,0.79976493,-5.9068575,2.9231172
TAGTCCGTATGCATAA-1,1.1821566,24.675013,-0.521015,-3.034811,2.1727297,-8.188968,-5.8954062,-4.827315
TAGTCGATCACGGGTT-1,-14.678152,-2.2157488,-4.794401,-7.6418324,2.769049,-1.6873517,0.40230688,-1.3492743
TAGTCTAACAACGAGA-1,7.607347,7.6073136,-6.1155124,16.998121,-2.3565936,1.7882069,-11.75853,3.954332
TAGTCTGCGGCACATT-1,28.846947,4.8923984,0.22476447,0.9656536,4.000295,9.056615,-6.2201514,-12.796358
TAGTCTGTGACGTTGC-1,-10.547455,5.818534,1.0710901,-7.4213877,-1.5111003,-3.4843385,-0.034171667,-4.4615297
TAGTCTTTCCGAATTG-1,-6.510189,5.072148,11.879721,4.8106484,1.3173252,-2.0959535,-0.09414621,-2.9008274
TAGTGCCCTCCAGAGT-1,-7.900871,-2.94858,-6.781996,10.021082,-2.1288412,-2.2825158,-2.0981154,2.914696
TAGTGGAACTCATACA-1,-12.558336,-3.0940433,12.497099,-3.3922615,-4.0594244,-6.0421057,-0.40669408,-1.2785091
TAGTGTCAGAAACGGC-1,-1.7058758,15.046779,1.8471781,-5.3572044,-0.18700808,-2.4827316,-1.9470812,-1.9459904
TAGTTAAGATAGGATA-1,-17.055094,-9.60059,0.18666062,-5.2849083,2.2960436,-3.202691,-1.3146667,4.50348
TAGTTTATTCTTGCTT-1,-14.814766,2.3775764,-2.70201,-8.085135,1.8229525,-8.698783,0.9994749,3.4675107
TATAAATCCACAAGCT-1,-7.911761,1.7200831,-2.1410227,-3.2185345,3.6408494,-4.2489367,0.6213072,3.9144785
TATAAGTGAGGATAGC-1,-11.691469,-0.25954902,-4.0909233,-1.7447183,1.9235088,-4.11526,-1.905535,3.3598244
TATACACAGACGCCTT-1,7.914221,13.846638,-4.098459,-1.6214855,-9.578201,2.0108345,4.419961,-4.059762
TATACACGCAAAGTAT-1,-11.57785,2.689592,-1.9433362,-1.5600917,4.6609645,-4.63099,-0.88855976,5.289493
TATACCGAGTGCCACA-1,-1.7957518,13.424458,3.7558155,2.7959661,3.1950307,1.4150379,2.362188,-2.7739496
TATACGCGTCATCACT-1,-4.918052,-9.858222,-4.7192736,3.5628624,-3.9767976,4.1505036,1.6259036,-1.8372878
TATACTCATGCGGCAA-1,-13.448061,-4.1930246,4.4597397,-0.10274514,2.2449899,-7.7032166,-2.3245568,3.515656
TATAGAGTCGCTTGAA-1,23.883917,5.682147,-3.472434,-5.0210876,-8.930741,2.3104053,2.41846,-6.8967476
TATAGATGGTCGCAGT-1,-10.712286,-3.017867,-0.163407,-3.5965269,3.58643,1.445978,-0.9730507,-3.0495667
TATAGGGTACTCATGA-1,-8.305226,-6.4306183,-9.136055,7.0996985,4.337501,3.5917685,-4.309143,1.8708223
TATATAGGGCTTTACG-1,45.384373,-7.189562,1.9875829,-6.5860405,-0.44130686,1.460462,-3.968217,-2.2136607
TATATATCGAGAAATG-1,51.282043,-14.95688,3.5960069,-2.1608152,6.968203,1.6715722,-3.0833464,2.5114052
TATATCAAAGTGATCT-1,30.632223,2.3472311,-0.4713451,1.3623476,1.9476471,9.386938,-9.163356,-11.410356
TATATCCCTGGGAGGA-1,-12.700177,-9.914816,0.4401674,-1.9323264,6.733333,2.9421654,-0.8395458,-0.8988732
TATATTACAAATGTCG-1,-14.272281,-4.436214,11.206859,-0.79924434,-1.3450667,-4.7813444,-0.8477662,-2.4716363
TATATTCGCGTCGATA-1,-9.415575,9.471594,0.70492136,-7.1541123,-1.6428636,-5.7312303,-0.39864704,-2.2244697
TATCACAGCACGGGCA-1,-9.820506,4.2653093,9.13414,-0.8947136,-6.030749,-4.1474853,-1.9590946,-0.14459415
TATCACCATGTAAAGT-1,-12.633032,-3.388293,10.679305,-1.9274358,0.55930996,-3.2169957,1.44112,-3.1115143
TATCACCCAACCGACC-1,-13.076212,-2.3699455,2.5508835,-6.3026357,1.3580618,0.20861048,0.52153975,-2.387376
TATCACTTCGAGTAAC-1,-6.145423,2.464248,7.232577,-7.25395,0.19772144,-0.10576937,2.9820988,-3.4914765
TATCAGTGGCGTAGTC-1,35.350136,18.073767,-8.529442,9.502339,17.408226,-10.362471,16.749264,-8.786718
TATCCAATTGGTTATC-1,-6.466158,-9.238651,-4.502176,0.52409464,7.1135955,8.8441925,0.38806617,-0.80597234
TATCCATATCATGCGA-1,-11.193862,2.7912617,-5.333577,-3.528685,3.0192983,-3.4914076,0.874253,6.6663723
TATCCATCTCGGTTAG-1,42.160114,0.2492233,-1.3445796,-3.8508546,5.92665,-4.7031565,-7.2713485,-4.9744196
TATCCGCACCGTCGGG-1,15.963436,4.461414,-1.7855093,-4.083833,-6.848823,6.9221964,1.7895389,-6.4471397
TATCCTATCAACTGGT-1,13.676575,4.803238,-2.234406,1.434189,-3.0527864,7.6790624,3.5492234,-8.72988
TATCCTGCATGGGAAT-1,-11.304086,6.6601443,-3.902976,-5.5185156,-2.1301856,-7.8202357,1.418003,1.4946852
TATCGATCTATGCATA-1,-16.591728,-10.600589,-8.415066,-8.269676,3.6251144,-0.6092204,0.020964185,3.027621
TATCGATGATTAAACG-1,-18.478159,-10.907419,-7.431582,4.074741,2.5506847,-2.2236025,-0.7661297,10.760267
TATCTACAGAGGTAAT-1,-6.079861,1.8291383,-4.0447903,3.4822066,10.04296,0.72602624,-3.5682905,1.463062
TATCTACCACAGCGGG-1,13.27668,20.355656,-8.075916,1.8300469,-7.4154086,-0.93865585,-3.666756,-5.120741
TATCTAGCCTAAAGGA-1,-11.594486,-4.9869084,-5.657151,4.3701754,4.7187195,1.5213435,-0.85028803,4.1972775
TATCTGAGCCGATATT-1,47.948982,-2.3966548,3.6558933,-6.3806868,3.8423228,1.8192713,-4.962467,0.051040035
TATCTTGCAATACAAC-1,38.449535,5.2586966,-3.7798922,0.46883884,5.105917,-4.9437613,-1.5217519,-4.023337
TATGAAGACAGGTGCG-1,-2.9900517,9.12119,-6.916132,-2.7072675,8.76702,2.5034184,-1.4547951,-0.82238454
TATGATAAATCTAACG-1,-14.35949,-0.8716713,3.4919221,-5.3348255,-2.295835,-6.893948,0.22664882,-0.79286
TATGATCCGGCACGCC-1,-13.396034,-2.6627824,13.877913,-0.30922937,-4.3860598,-2.7782454,-0.76812035,-2.862369
TATGATCTTCTCTTTA-1,-14.665334,-11.312769,2.5392396,-2.3639774,6.1926007,1.9780415,1.4394407,2.766234
TATGATTCTGCTTGGT-1,8.737527,27.66895,7.3892636,2.883282,7.2005796,20.096647,5.245376,18.659912
TATGCTCCCTACTTAC-1,-6.9258223,1.6588793,-7.8617797,0.94496924,-3.178426,0.59780294,0.50840086,0.8134306
TATGGAGTTTCTCGTT-1,14.063208,37.41045,7.7502136,-0.91591716,5.991387,24.478899,15.202488,38.538433
TATGGATGTGCTACGC-1,-9.309089,-2.1288543,-5.5362244,8.255222,-4.889905,1.775209,-0.17439197,5.4519043
TATGGCCCGGCCTCGC-1,-12.544626,-8.299726,-11.477904,5.6166525,5.8907843,1.8139311,-7.212849,1.2488
TATGGGACCGAGCAGG-1,-10.174381,-4.8598394,-2.2278874,10.330749,-3.194873,-6.4334497,-4.523638,1.6571538
TATGGGTACGTATCGT-1,-7.351768,-3.8671596,-2.6621094,11.7703285,-4.0538187,-3.0624132,1.0323752,1.5239725
TATGGTCTGAGTAACA-1,-2.1827664,2.089152,-4.026033,11.722787,-6.146443,-4.938471,-2.9841115,-0.3478963
TATGGTTAGTGGGAGA-1,-12.299396,-4.359304,4.427496,-1.971025,2.5278778,1.2560979,-0.8689286,-2.4985826
TATGTAAAGTGCTTAA-1,13.522674,-17.985722,4.1569786,3.9660103,-4.26293,5.752518,0.98495275,-1.3205897
TATGTAGAAACCCGGC-1,45.95561,4.4744835,-3.7619174,-6.923526,2.7745972,-3.9175491,-3.0329785,-3.9898186
TATGTCAAGACCGACT-1,-11.57026,-2.3722029,-2.0234609,-9.091047,2.5066,-0.7453588,-0.11037475,3.3337688
TATGTCTCATTGTGCC-1,-10.301953,-1.1767249,-9.703135,-5.88556,-3.2871692,0.80854994,2.1794062,2.5530376
TATTAACACCAAAGCA-1,31.318714,-0.29284355,-2.053099,23.405647,31.396935,-18.062449,28.683754,-9.0699
TATTAACCTGACCGCG-1,43.900074,-9.274208,-0.13399355,-10.821254,-4.54627,-4.155871,-0.4938449,-0.25144657
TATTACCATCCTGCTT-1,-10.5314665,-4.108166,-4.6204333,-5.053174,2.913486,0.6558322,-1.1384984,-3.0567124
TATTATGTTTGCCTGC-1,35.73082,-1.34091,-3.7387147,-0.8080803,1.9596695,-4.2743645,-5.953676,-1.6562368
TATTCAATTCTAATCC-1,-13.4438305,-12.027672,-5.7871094,7.8812704,-5.466965,2.3789585,-2.2323065,-0.87081265
TATTCCACTCAGCTCG-1,13.965467,7.400306,-1.6169434,-2.746475,-13.432036,10.301112,5.7413373,-5.4338646
TATTCCGAGCTGTTAT-1,-13.57282,-9.967042,-3.4175942,-3.3800542,6.815915,5.5124993,0.5131228,-0.025438663
TATTCCGGCAGTCCTA-1,-10.680047,2.6405883,14.289268,0.8609696,-10.612237,-6.707184,1.0734136,1.2607951
TATTCCTCCGCCCACT-1,37.058353,-13.424915,2.626621,-0.88722473,-2.0030828,-5.7625394,5.7919497,10.634971
TATTCGTGCCAGAATA-1,-4.4286404,4.8464723,-7.9531236,5.584041,-8.074379,-3.3874023,-0.84848315,-3.028121
TATTGCCGGGCTTGTA-1,-1.6435163,2.0966854,8.313547,7.847964,5.83455,3.8387825,-6.283254,-8.296465
TATTTAGTCTAGATCG-1,-15.734499,-7.996106,-4.6181245,-0.40797666,4.3266935,-3.0359662,0.324971,9.512298
TATTTATACCGAGTAG-1,-13.819097,-6.682162,-6.4270506,-10.29086,3.1867673,-2.5448995,-0.16818058,4.1258945
TATTTGATTTGCACAG-1,-1.693141,2.652416,11.589508,6.387474,1.4384682,7.1460958,3.3379304,-3.3508453
TATTTGTTACCCTTTA-1,-17.806116,-15.266388,-6.235189,5.290223,1.9964294,-1.3296491,-0.8029712,8.141066
TCAAACAACCGCGTCG-1,-3.9937527,10.006847,-8.883004,-3.3302426,-2.7818422,-0.3598976,-0.9219147,-2.0640721
TCAAACTTAGATTGTT-1,-3.8865068,0.36874604,-5.4497356,3.9749453,-4.690579,1.9994016,1.3099321,-1.5853142
TCAAATTTGAGACTCA-1,-7.7099943,-6.5907726,-2.202547,5.4833903,-0.91003084,5.345341,3.5310116,-3.3764787
TCAACAAAGATAATTC-1,40.44443,-16.088549,1.2179791,0.6617287,1.0627782,-3.1500716,-1.0882957,5.489857
TCAACACATTGGGTAA-1,-6.163214,4.762051,15.016416,4.052436,-4.7947555,2.4963439,6.7782135,5.58817
TCAACATAGCGCCCTA-1,39.33999,-5.192797,0.93667567,-5.1364574,-0.73041064,0.20758027,0.9556423,-0.39554358
TCAACATCGACCGAGA-1,-4.286207,2.557465,-3.8101661,14.432188,-4.220517,-10.725956,1.805997,7.5933647
TCAACCATGTTCGGGC-1,-11.698533,-6.408123,-7.0069566,3.5396633,3.482397,3.8311887,-2.0021696,5.845874
TCAACGAGGAGACAAA-1,14.234345,12.255628,-2.1841393,7.7306843,-3.468961,11.014704,-1.7376543,-8.734419
TCAACGCAGGAAATAA-1,36.940903,-14.06122,3.362726,1.8581402,-4.258163,-4.234378,0.47391018,7.529353
TCAACGCGACCGGCAG-1,-1.0424703,4.1973476,-6.2023573,13.197305,1.6768891,3.8432999,-7.736248,-2.669284
TCAACTAACGTATAAC-1,-6.8196025,1.4930223,-1.4909585,2.1485164,10.145396,2.7714608,1.2578753,2.1170478
TCAACTGCAGAGTCAG-1,-12.328376,-6.4605885,13.570675,4.579773,-1.4442017,-2.0199296,-1.5773915,-0.8588621
TCAAGAAATACTAGCT-1,-11.551535,-8.163162,6.858345,-1.8969055,4.185641,3.1059635,-1.5993766,-0.5562984
TCAAGCGCGGACGGTA-1,-2.4832327,3.46288,14.535359,8.55406,0.48357296,4.5945654,-1.8958814,-0.7395672
TCAAGGTTACTACACC-1,-13.341983,-3.6877894,6.725802,-3.5715022,3.1667838,-1.4280497,1.3414025,-1.5446286
TCAATACGCCGTCATG-1,-1.9687836,5.9567757,-3.8219683,3.3584294,-5.1561174,2.134368,0.9752444,-4.3277197
TCAATCCGGGAAGTTT-1,-0.16610156,16.96969,-3.4688642,-2.554466,7.2600236,3.0681627,-3.5789108,-15.240119
TCACAAACCGAGGTAC-1,-12.506751,-7.067713,4.716818,2.8755164,5.0224977,3.3048325,-1.1926274,-0.6204038
TCACAGATCCTCAAAC-1,10.032681,30.650276,1.5046638,6.621917,16.596478,-2.6507142,-12.6027155,0.45865571
TCACAGCAAACTCGAA-1,25.815466,-6.532194,1.0580807,-5.147344,-4.1086717,5.0691156,1.9675695,0.35332733
TCACAGGAGAATAAGA-1,24.409765,-7.508713,0.5621346,-4.09247,-9.645196,1.0005193,3.1861784,0.7301469
TCACAGGGAATCGCAA-1,-10.611099,-1.101757,-7.620212,-1.1900983,-1.3665465,1.8314902,4.3504305,-1.1864295
TCACAGGTTATTGGGC-1,1.6009339,10.076442,-7.8294287,3.610573,-1.6885133,-0.89367425,-4.650689,-1.4427959
TCACATCTTATCTGAT-1,-9.018798,-0.4130588,-3.3797853,-3.043456,10.08055,-0.88378114,-1.8095686,0.76366377
TCACCCTCTTAAGATT-1,12.914196,17.72225,-6.3651924,7.2301188,-2.8577812,0.20268872,0.61395115,-4.575689
TCACCGCTCGGCACTC-1,-9.6144905,-1.8721832,-5.06332,-7.566512,1.1370838,1.896039,1.4343629,-2.8170195
TCACGATGTCCGTGGA-1,40.568047,-3.8267243,-0.5037531,-3.6444585,-2.0215518,-4.248217,-1.1247253,4.0360775
TCACGCATTGTAGATC-1,1.6830084,7.3135443,-7.9973564,7.6296663,-3.1169808,-1.4494387,-4.1039467,-0.1849446
TCACGGCCCAAGAGAG-1,50.73724,-10.957176,4.2486296,-3.1535199,11.755822,2.50492,-7.038881,5.398944
TCACGGTCATCGCACA-1,-15.629659,-10.247744,-7.805703,2.0124648,4.642197,0.51445395,-0.8505347,6.1799407
TCACGTGCCCGATTCA-1,3.8726048,10.358589,-6.1263843,5.5624423,-5.0398955,-3.176596,-1.1634151,-4.3942533
TCACTACGACCAATGC-1,-6.990786,6.60894,2.3243718,-8.470537,-2.2131886,-1.0585678,1.1199017,-4.5935483
TCACTATCGTGCAATC-1,6.588532,27.71699,4.3540053,6.2141175,8.666656,20.033073,6.9871507,24.353056
TCACTCAGCGCATTAG-1,-0.9786773,10.761116,6.8603516,4.0055695,3.8541682,7.2891054,0.58873165,7.717098
TCACTCGTGCAACGGC-1,-7.6259766,4.1175876,-0.47706214,-9.000829,-0.15454571,-2.1308382,3.7507622,-4.787121
TCAGAACCTCCACAGG-1,-12.448513,-3.574069,6.3041673,-3.0685933,-0.3373186,0.3411021,-0.24915786,-1.751799
TCAGACGCTATAGAAG-1,-15.655034,-11.1832075,-6.142376,5.2430325,-6.843049,1.6534526,0.7041836,-0.42869034
TCAGCAAATGCATCTC-1,-6.8902955,2.815878,-7.144534,0.8542098,-7.8079333,0.98593193,1.1761746,-3.9691596
TCAGCAGTAGGCCCTG-1,32.815674,7.4805784,-4.474112,-9.366811,-9.777159,2.7084143,4.0976996,-3.7700438
TCAGCCAATCCGTAAA-1,-17.040781,-11.602676,11.986523,10.4536705,0.025238296,-5.226759,-5.4422235,-0.09797588
TCAGGGCGCAAACTCG-1,-7.288149,9.934618,2.4713025,-4.2747717,-0.4939082,-5.6260414,-0.20114906,0.40102857
TCAGGGTGCACGAAAC-1,-10.899168,2.47285,7.2325463,-4.7124567,-4.0047097,-2.69188,2.479988,-4.271637
TCAGGGTGTAACGTAA-1,-8.565622,1.9889278,-8.913366,1.752665,-7.500801,-0.2767075,-0.26223654,-1.8100977
TCAGGTTCTTTGAGAA-1,-5.09929,-0.87119627,-7.05948,5.287954,0.86754405,-2.2925408,-3.1648088,3.4309185
TCAGTACTGACCCGCG-1,-6.4410768,-0.73268706,-6.3142996,1.7399647,4.5321884,3.405684,-2.0544617,2.1511133
TCAGTAGGGACTATAA-1,16.226881,-13.632013,0.550166,-0.058324493,-2.3654637,7.090236,2.138016,2.4889214
TCAGTGTATACGTCAT-1,46.546898,-1.7221941,0.27985048,-6.8835206,-1.6347523,0.5273154,1.5576837,1.4150467
TCAGTTACGGAATGAT-1,-12.059336,-2.6028528,14.521188,-0.0935265,-1.9003273,-3.405171,-0.38593036,-1.8972454
TCATACTTACAGATCC-1,-2.9776132,12.283324,0.19666731,-6.785611,5.020753,-6.8621798,-0.54316556,-2.3354385
TCATATGAGCTTTGTT-1,-3.1047015,-2.0358047,-3.04856,5.578419,-6.717156,5.196437,-0.99249667,-5.5889487
TCATCACTCGAGCTCG-1,-1.6552516,12.413303,3.2070198,-3.3021662,-1.0248727,-2.6532164,0.38122296,-1.1314423
TCATCCCAGAGGGTGG-1,-16.843681,-7.1842217,-6.478032,-7.1875114,4.704311,-3.163601,-1.1431954,5.6107864
TCATCGATGGTCCCAA-1,44.70439,-19.129015,1.6148709,-0.48011968,3.1414292,-1.3519989,-2.1126614,2.7041981
TCATGCAGGTTCTCAT-1,-13.373702,-0.4626968,-5.6758566,-9.691615,1.1086887,-1.0974194,1.1641229,-1.1016665
TCATTTAAGTCTCCGA-1,-9.622725,-0.84892255,0.21143088,-2.956649,4.9013147,2.2551403,-0.5889443,-2.6751015
TCATTTAGAAGTGTGA-1,-17.355711,-10.808064,16.612587,9.615239,-0.86714655,-3.9981573,-4.395844,2.6017015
TCCAACTCAGCTATCT-1,-12.62318,-5.6291437,2.9556756,3.8630764,7.5528784,2.2441869,-1.2707711,-1.4088556
TCCAACTTTAAATTCT-1,16.308477,15.624379,-6.257528,11.429498,2.3786147,2.3467252,-10.198173,-3.031775
TCCAAGCCTAGACACA-1,-2.4700289,2.9801462,-3.9955413,3.364103,10.64929,9.506884,-3.6363847,-6.728875
TCCAATAAAGGCTACC-1,15.762455,1.3139313,-2.8568048,-4.5553985,-9.95308,3.7803173,2.243151,-5.9590445
TCCACAATGGTTTACG-1,-8.303885,1.0156084,-8.807224,4.8007846,0.85812217,2.781242,-1.6986654,2.3011627
TCCACATCGTATATTG-1,5.591368,-0.7263978,-2.7170742,5.7704043,-0.7626699,7.52794,1.5372909,-8.330525
TCCACCAAGACATAGG-1,4.7619443,17.120445,-5.026299,4.0887074,14.780256,8.6895685,-7.3128066,-21.050283
TCCACCTCTAGCCTTT-1,4.0805306,-8.58992,-2.7116823,1.5966585,-8.11131,6.4162908,2.2781754,-3.3346007
TCCACTTTATCTAGGT-1,-14.091069,-8.693092,-8.398713,-2.5809803,-1.1374625,0.041953716,1.2704159,0.083143726
TCCAGAGCACCGGTTC-1,7.250254,3.1050625,-4.0697036,1.2847143,-10.092925,-1.2061844,2.6331737,-3.1983986
TCCAGCGCTATAAGCG-1,0.554515,7.273552,10.690051,4.643411,0.5799165,7.591081,0.4184613,-1.3954512
TCCAGGCGAGTACGGT-1,-9.016112,-3.844042,-3.119264,8.385428,-3.308055,-0.7749864,-1.036007,0.63463426
TCCAGGGTATATACGA-1,-7.8329935,-6.5906973,-1.2998407,6.322091,-3.846292,0.40229487,0.6852786,-2.777376
TCCATCAATACTAATC-1,53.420612,-12.106749,2.019025,-6.114186,5.3444643,-6.0612373,-10.07685,3.2765653
TCCATTAGTTGGATAG-1,9.166437,26.246897,8.7165365,8.292096,21.442003,24.597181,3.104806,37.82145
TCCATTGTGACCTCGT-1,-5.6218963,13.687311,-2.6812012,-11.523913,-3.21358,-4.4229884,1.1784639,-3.9576688
TCCCAAACAGACAACG-1,-17.644157,-10.5040045,16.231575,1.6871777,-2.4155128,-4.5289035,-1.0292296,-0.98231447
TCCCAAAGACGAAGGA-1,-7.673155,-4.785248,-5.8287673,6.261523,-3.5529058,2.7154498,-0.33596784,3.791802
TCCCAAAGCCCTAAAT-1,-13.144587,-4.617838,10.849807,3.276496,-0.954513,-1.7504985,-1.1742859,-2.3966975
TCCCACGGAGGGAGCT-1,-17.473984,-6.802891,15.712948,1.7183126,-3.1626813,-5.0266414,-3.5022974,-1.5019387
TCCCACTCTCTTCCGG-1,-16.334282,-6.932732,7.670541,-0.48885408,0.5507885,-2.2598894,-1.0372251,-1.5917628
TCCCAGCTTTAGTCTG-1,-2.4575737,2.512203,-5.8041477,7.3593383,-1.3884873,-5.130511,-2.5369866,-4.1540895
TCCCAGGCTTAGCTAA-1,-9.982064,-5.9013987,-5.190547,9.523306,-1.7034888,-3.6088555,1.0926735,2.7009215
TCCCGCGTACTCCTGG-1,-9.931917,-4.945145,-5.202922,0.75655097,-1.0489819,3.3520386,0.22246543,1.2795072
TCCCGGGTGTGCTGCT-1,-9.02575,-7.7120337,-6.805183,7.2859035,-1.1432558,1.2487555,-5.3308625,7.0108247
TCCCGGTCAGGAATTT-1,11.413689,28.603497,12.930007,-0.87491465,-2.2680538,17.392883,11.8348255,11.474938
TCCCGTCAGTCCCGCA-1,-8.905212,-5.226092,-8.835475,-2.96721,-2.633656,3.9308386,2.70961,2.3750522
TCCCGTGTGCAATTTG-1,-11.396114,-8.6222105,-5.950911,-0.40920573,-1.2363316,5.3248215,2.5873246,0.6260418
TCCCTAGATCAATAGG-1,-15.217134,-8.19957,13.095302,2.4377825,-2.299122,-3.7334507,0.5294754,0.16910379
TCCCTGGCGTATTAAC-1,46.889416,-9.661139,0.6363512,-2.2835526,7.4894753,-4.2256217,-7.518581,-2.4658122
TCCCTGGCTCGCTGGA-1,-9.541741,-7.486694,-7.328347,8.125825,4.0283074,6.734965,-2.6810572,4.3574553
TCCCTTAGATTACTCG-1,-9.364293,-2.0291147,-5.8681445,-11.349336,3.351313,-2.3796618,1.6916507,3.0319192
TCCCTTGTCTGAAACT-1,-3.051533,9.31457,0.43791604,1.6151767,3.7958152,2.541764,-3.054568,-6.672241
TCCGAACTTGGCTTAC-1,-3.5088928,2.6171253,-7.184098,7.2010903,10.6774025,7.3894258,-1.2997719,-1.170445
TCCGAAGTAGTCACCA-1,2.1389384,10.504318,9.289225,-2.152119,0.23681796,6.398705,2.4793398,-6.362257
TCCGAATGGTCCTGAG-1,-15.083117,-0.14893076,7.641258,-0.013868555,-0.8446461,-3.9877932,-2.8645065,-1.8261222
TCCGACCGCTAATCAA-1,34.905155,2.8819282,-0.55072254,0.0055449745,6.430329,8.447958,-7.632539,-13.252546
TCCGAGAAGGCTAAGC-1,10.861339,29.49608,9.400575,-5.2422557,-3.2148306,14.147797,11.810824,10.417641
TCCGATAATTGCCATA-1,-9.520915,-1.1314669,-8.172849,-3.5948303,-0.85199064,-1.388586,2.6588387,3.5503745
TCCGATGACTGAGCTC-1,-9.4467325,-4.3897567,-6.675671,-4.4942646,-1.9294225,1.706521,0.7244578,1.4176028
TCCGATGGTGCGACAT-1,-14.614952,-7.3216906,-9.557865,8.125843,-2.295535,-1.9577707,1.5892822,6.209411
TCCGATTACATTGCCG-1,-9.019607,1.6459711,-9.931517,3.1795359,-0.38257208,1.5111201,-2.0387154,4.0258746
TCCGCCTGTCTACAAG-1,-3.34533,-0.7997503,-7.3410783,-2.2478487,1.764885,7.927279,1.9804481,-3.5161667
TCCGCGGCAGCATCTG-1,-10.709745,-4.7633295,-4.8266916,-4.1762547,-3.4566667,3.9589021,2.9417984,-1.3711598
TCCGCGGCCCAATGAA-1,-10.943227,-0.21527182,1.1631546,-5.183852,2.3136022,1.7609485,0.9591723,-3.8765154
TCCGCTGTCATCCCGG-1,-14.393995,-9.72111,-6.9414854,-1.0976628,0.9064043,3.7584157,2.637921,-0.23492044
TCCGCTTATCCCATTA-1,-1.7445552,11.270917,-7.2508144,1.0241243,-5.8800893,0.51537573,2.718793,-1.832805
TCCGGAGGAAGGGCTG-1,-6.6088896,0.2949557,14.021691,-0.33484322,-4.365944,1.825955,1.8936874,-4.10574
TCCGGCCTAGCGTACA-1,-10.633213,-7.78796,0.09588785,-8.716281,2.6200566,3.3088725,0.6427985,2.2859514
TCCGGCCTGCATCGAT-1,-19.598461,-11.797305,13.532559,3.0086842,-2.3669543,-5.113242,-2.2007086,1.3609396
TCCGGGCTTGACGGGA-1,-5.40648,2.9280288,3.226017,3.9376094,6.4899583,4.1590543,0.22982652,-2.5840032
TCCGGTTCGTCCGGTC-1,29.676916,1.4677467,-2.3336837,-6.5301547,-8.466578,1.5092365,1.6667602,-1.9976887
TCCGTAACCACAATCC-1,-12.736808,-0.9022579,7.9825287,-0.6075832,1.4567968,-4.2603555,-2.3570156,3.1478343
TCCGTTAAGCTAATAT-1,-12.603822,-5.89821,1.1989739,-5.3921695,3.0659268,-3.9654052,-1.3698857,-1.594992
TCCGTTTAGCCTTGAA-1,-16.122639,-12.652697,-4.267534,-4.222572,2.028539,1.9898487,0.8194216,2.4614825
TCCTAAATTGGGAAGC-1,-6.7810597,-6.509206,-1.536856,5.242664,-1.3461472,9.382269,4.916815,-4.866338
TCCTAACCGTCGGGCA-1,30.174164,0.8438713,0.36170286,-6.260584,-6.8082356,3.2888815,2.4769855,-3.6875792
TCCTACATCCACGGCC-1,-15.973002,-10.679633,-8.002873,-0.76049566,0.79917586,4.1266727,2.9404826,1.3464936
TCCTAGCAAAGAAGCT-1,14.530695,-0.9495285,-3.222396,9.595598,-4.7971244,0.7850002,-4.4870515,1.5998745
TCCTCCTAAGACATTC-1,11.336749,1.0209672,-2.8036666,6.3397217,-10.530507,-9.39276,1.6058718,5.426353
TCCTCGGGCTGGGCTT-1,-12.641989,-8.64544,-7.67966,2.8813767,-5.9975476,3.1095219,1.526646,-1.3470411
TCCTCTACGAGATGGC-1,-8.1726,4.2045684,-7.863862,-1.9180665,8.938536,-0.2373764,-0.9546814,2.1446507
TCCTCTCCAGTTGTCC-1,-0.31850266,12.373055,-6.9677434,1.8126234,7.758385,3.01247,0.14631966,-1.2861222
TCCTCTGGCCCATTAG-1,-7.571253,5.4505453,1.7992781,-7.313719,-0.577887,0.22552654,0.2735131,-4.1317525
TCCTGCCAACTGGAGA-1,-11.170723,0.797624,3.77527,-4.653941,-1.8654585,-1.5906622,0.5462956,-3.9382217
TCCTGCGTTGATACTC-1,-2.678993,4.6306996,-5.909824,13.626937,-1.0155644,1.7477727,-7.5998917,2.4881608
TCCTGGCGCTGCCTGG-1,-8.551398,1.3398004,9.910996,-0.28136957,-0.7619339,2.4094615,2.190324,-5.738108
TCCTTACGACGGTCCG-1,-10.918355,-3.1598747,1.9621187,-5.161576,4.2227654,2.3821707,0.50780517,-0.7946251
TCCTTCAGTGGTCGAA-1,-11.784133,0.7692434,-6.8491597,-8.038885,0.59663975,-1.5653074,2.069674,3.5752568
TCCTTGTCCTTTAATT-1,2.6233685,2.4805846,-3.7517998,-1.0484579,-2.37347,7.637879,1.9706663,-8.247946
TCCTTTAAATCCGCTT-1,-13.502987,-7.547132,1.2713962,-3.0467017,4.232125,1.3118138,-1.1720066,-1.0601666
TCCTTTCTTACGCTTA-1,-7.773573,-0.5052792,-5.43425,8.242923,-4.1191597,-3.3548493,-2.8151653,0.6575839
TCGAAATTTAGGACCA-1,-2.1410022,-0.30627307,-5.1396346,8.406325,-0.90342283,-0.075478695,-4.318019,4.297982
TCGAAGAACCGAGCAC-1,-22.297136,-16.137001,1.2102458,-3.3147554,6.4216766,-2.9566276,-0.20829637,1.7396207
TCGAATATCCCGCAGG-1,39.456154,-1.7414855,1.1125298,-2.1461034,3.910724,4.307323,-0.7023624,0.18867263
TCGACAACTGAACCCG-1,42.9279,-1.8079268,-2.0692132,0.5561558,6.4198847,-2.8837302,-5.322062,-3.0029387
TCGAGACCAACACCGT-1,3.5640619,0.50098896,-3.3513393,8.658765,-2.5612059,-0.6654011,-5.4460597,0.8294863
TCGAGCCAGGCAGGCC-1,41.94052,3.890684,-0.61501896,-8.612099,-1.7255689,2.3284051,2.7816536,-0.9906091
TCGATAGGCTAGTCGC-1,-9.571683,5.6311126,12.829872,-2.2868066,-6.4472337,-9.928005,-0.106416695,2.3600752
TCGCAAAGATGCATTT-1,-11.667935,-0.7152186,-7.927479,-2.5546951,-4.7150173,3.21123,2.0682921,-3.0173182
TCGCACCAGGAGGCAG-1,-11.564723,-5.3652472,-7.4206114,-0.806409,4.084478,6.048737,-1.1154114,-2.8921595
TCGCATAAAGGGCGCA-1,-1.3582733,8.67452,6.555403,7.2866907,2.186513,1.6208637,-3.6099663,-5.5215874
TCGCATCCCTAAGTGT-1,-10.435926,5.336663,5.6986547,-0.60712993,-1.7504251,-8.918619,-0.6873401,-1.565884
TCGCATTCAATGACTT-1,3.931058,27.070414,3.911546,-8.695151,-6.0558305,7.773005,8.552422,8.868951
TCGCCCAACTGACTCC-1,8.160409,25.06123,3.230826,0.37468982,2.802224,3.4619489,3.9444351,-8.990719
TCGCCGAAGTTGCGTC-1,19.509108,-8.183869,-1.4797114,9.002062,-4.504522,0.12506835,-2.8364801,6.4142213
TCGCCGACATATTCGC-1,-12.470534,-2.5575361,-3.493943,-2.7674513,5.4112496,-0.6501332,-1.6273862,-2.733997
TCGCCGGTCGATCCGT-1,-9.233698,6.706523,-9.731613,-6.902441,-3.673413,0.18708825,1.2233255,-0.4004967
TCGCCTCGACCTGTTG-1,5.2661853,20.218367,5.69352,10.868039,16.484386,6.429216,-6.587336,-8.545196
TCGCGTAGCAGTGTCC-1,2.6283114,24.488651,-5.794386,-5.238444,0.42692035,-7.5170946,1.1332153,-2.5914288
TCGCGTCCAGAAGGTC-1,-9.598584,-1.2635763,-10.171385,2.319937,6.5677323,1.583314,-0.40641403,3.1413913
TCGCTAAACCGCTATC-1,-11.749165,1.5189416,-7.5134845,-11.1812315,1.5882291,-2.5516078,1.4820961,-0.32193345
TCGCTACTGGCTTTGA-1,-9.853613,-7.440818,-6.991598,4.95853,3.7558365,7.9451857,-0.46758884,-1.304677
TCGCTCGATATATTCC-1,-13.817535,-4.166627,-9.292343,5.1338167,-7.0249114,-2.311668,-0.22509862,0.8801273
TCGCTCGGCACCAGCG-1,-16.203714,-1.696619,8.026436,-5.17204,-3.528818,-5.9403267,-1.2027477,-4.810497
TCGCTGGGCGGATTGT-1,-4.890571,6.587644,-9.022874,-3.921455,-4.9966984,1.2324297,1.8096449,-1.093377
TCGCTGTGCGTAAATC-1,-14.861383,-0.12163542,-1.7424049,-1.1625829,4.8477116,-5.463508,-0.9260038,3.7402887
TCGCTTTAAACGTTTG-1,-16.424088,-13.405932,-5.154498,-1.9869158,2.1621227,2.5726125,1.9243437,2.7241378
TCGGAATGACCATCAA-1,-11.603046,-2.0468876,8.044203,-4.1606584,-1.2440594,-3.5646768,-0.9545262,2.6453803
TCGGAATGCGCTCTGA-1,-9.61221,0.68112195,-9.421063,3.7693527,5.9934607,1.163757,-2.700866,-0.28111047
TCGGACGCCCAGCCCA-1,-16.53634,-11.376951,-7.1343713,0.1386424,-0.54287434,2.0416012,0.07017055,1.2142292
TCGGAGAGTATCGGGA-1,14.010038,6.88682,-1.0632262,7.1404796,-7.221339,-6.2206674,1.0906088,6.5683436
TCGGAGTACATGAGTA-1,-5.364767,0.7479561,-7.4106827,3.130837,-9.587905,3.0931842,-1.5429487,-2.6502295
TCGGATCTGGATGACC-1,51.69064,-8.746017,-0.41598123,-3.7078424,4.8555474,-8.676776,-5.9297314,8.771789
TCGGCGAACCCAAACC-1,-19.308437,-11.372551,7.741581,2.4356153,2.784578,-2.2388573,0.59446925,-0.006108562
TCGGCGTACTGCACAA-1,26.405973,-1.1387874,1.578997,12.705215,3.6118174,-11.42086,23.137102,-1.9002388
TCGGCTAACTTCCCTT-1,-14.069775,-3.7819045,11.649094,-1.2364489,-2.524942,-3.1757224,-0.5202225,-1.0597645
TCGGCTTGTATCGACG-1,-14.694634,-7.912599,5.1427336,-1.3317435,4.619168,-0.343759,-1.216737,-2.217086
TCGGGAACGTGCCTAG-1,-13.775554,1.6562703,5.680152,-2.3045573,0.11566395,-3.2617135,-1.7462965,-1.8458179
TCGGGAGACAGCGTAC-1,-7.571049,-4.1205792,-5.4402843,1.9340957,-1.5389148,6.4709697,1.6887308,-5.6816134
TCGGGATTCAAACATA-1,-9.557243,-3.6493542,-9.976155,7.236865,-2.1252465,-2.92446,0.8707456,4.161694
TCGGGCACTTCTGGAT-1,2.3341086,19.229362,5.8335238,-0.34864905,5.963161,10.758044,0.0067477827,9.115521
TCGGGCCGTCGTGGTA-1,-11.075939,-4.2353134,-4.751216,-4.2452116,2.10824,4.543367,0.52462256,-0.10452738
TCGGGTGAAACTGCTA-1,-14.684168,5.5308065,1.7598584,-4.811733,-5.8283734,-10.475541,-2.2642188,0.42473924
TCGGTCCCGACAATAG-1,42.421505,0.48244116,-1.5888768,-6.0002804,1.6494426,-4.4889545,-5.1551547,-1.7592795
TCGGTCCCTGACTCCA-1,-8.392251,4.346603,2.7010515,-5.9779196,-0.7116635,-1.5989008,1.6750833,-3.9767148
TCGGTGACCGCTCCGG-1,-4.4919767,10.94745,6.76294,-4.5566382,-4.28572,0.20577131,1.2790765,-6.434783
TCGGTTAGCCATGTAG-1,-11.118086,-1.7476734,12.047906,-0.5524086,-5.3829074,-3.1572661,1.0819747,-3.1427588
TCGTAAGACGACATTG-1,-5.19516,1.5994616,-8.270474,-6.077444,-3.1972148,1.8438112,2.8414779,0.44035956
TCGTAAGCTCCGAGGA-1,-10.285678,-2.5158007,10.095464,-2.3913856,-0.34348604,-1.7373431,0.06560071,-4.914382
TCGTATAGTGCAATTA-1,-5.7661934,16.863804,-6.5095515,-8.978361,-1.2542279,-10.670448,0.43501198,1.6855034
TCGTATTACCCATTGC-1,-7.6154017,-3.749978,-8.729948,11.36891,1.1245655,2.949517,-4.7852697,2.4224927
TCGTATTTCGTCCGGA-1,-12.041886,4.2352014,4.0078764,-5.559333,-3.704651,-6.338743,-0.11701457,-1.8692878
TCGTCAAGTACGCGCA-1,39.55767,-0.20230913,0.025161538,-6.4016767,-4.6968317,3.6704495,5.179755,0.042269852
TCGTCACACTGTTAGC-1,-5.2818046,4.6236043,-4.044691,-1.8079774,13.273783,1.5967911,-1.3290337,-2.0529084
TCGTCCGCTGGCGTCT-1,-6.799663,0.5873156,-2.1906812,-3.2600799,4.396829,-2.2221668,-0.18302464,1.4404624
TCGTCTTAGGCGTTAA-1,-14.989616,-12.295974,-5.1632447,0.9292329,5.190016,5.8804526,1.4418511,-0.9768945
TCGTGTACTATGGATG-1,-1.7265763,19.738382,-14.877576,-4.555756,-3.155289,-2.4741008,3.562808,-0.054650642
TCGTGTATTGGTCACG-1,6.582741,32.93376,1.5193487,0.42936292,-1.619334,-5.660043,0.8291607,1.8382661
TCGTGTCACGCTGACA-1,7.816521,31.357527,-10.562031,4.8343287,-10.420012,-11.528596,-0.98106915,8.506755
TCGTGTTCGACCACAA-1,-3.941906,8.54128,10.257846,-3.7367961,-2.5288146,2.8422577,1.0869379,-4.256362
TCGTTAGGAGTCCCTA-1,13.193794,8.432931,-4.735827,-6.6401186,-11.59435,1.8353704,2.0022311,-4.7163596
TCGTTCGTTATTATGT-1,-10.589894,14.28091,-1.9220365,-10.716065,-2.1517854,-10.531986,-1.010725,1.7732391
TCGTTGCTATCCGGTC-1,30.934402,-13.355025,0.4244047,-5.6470213,-8.854087,1.0231913,3.353575,0.6061651
TCGTTGGCTCGTCAAT-1,5.5545063,27.530214,7.5791216,-2.135138,-6.8679414,8.753813,9.863515,14.6832075
TCTAAAGAACAGTCTC-1,31.930302,-4.6921372,-1.0402882,24.91676,27.277233,-14.981655,46.13803,-17.556757
TCTAACTGTATGTAAA-1,-10.103832,0.6918716,-2.911901,-3.089077,6.0105247,-1.5997275,-0.90522474,-2.6942313
TCTAATACTGCCTCAG-1,46.017975,-15.486103,1.2108648,-1.5180234,3.8369455,-6.3023167,-3.433339,3.0680208
TCTACACGTTCATGCA-1,-12.784485,2.035916,6.174575,-3.5686083,-4.828334,-5.039182,0.05931063,-6.306252
TCTACCCAATAGAGAG-1,-14.207264,-3.5733798,9.592224,1.0462846,-0.8283209,-2.1718674,-1.008597,-0.80934286
TCTACCGTCCACAAGC-1,-8.080065,-3.558398,-6.5608683,3.2330446,-3.4791453,0.8142825,-0.060515497,-0.8994583
TCTAGCAATCTCCGCC-1,28.534906,-4.5133038,-2.5799422,0.4457295,-6.8747597,-6.4653363,0.32816848,4.4261804
TCTAGCATCTTCGATG-1,-10.536569,4.010448,-10.357568,-2.1613731,1.136368,-2.802474,0.76244015,2.7537968
TCTAGCATGCCCAGAA-1,-9.390475,-2.77795,-3.8232794,7.3845973,-8.988085,1.8683437,0.4597029,-1.6169746
TCTAGGTGGCGACGCT-1,-16.058681,-9.088977,-2.6549249,-9.131277,5.683352,-1.1455065,-0.36268756,1.002036
TCTAGTGATATCGTGG-1,-18.172798,-11.953161,0.4132167,-4.412418,5.689716,-1.470822,0.60803384,0.23464203
TCTAGTTATCAGAAGA-1,-1.1156477,6.9185996,-8.294807,6.864063,-4.9351797,-3.1641316,-4.0794,1.2713612
TCTATAGGTGGGTAAT-1,-1.6416211,7.7474046,3.951952,5.566635,2.2549624,1.7476147,-5.613046,-7.2374167
TCTATCATGCAGTTAC-1,-12.74009,1.7106991,-4.2934566,-3.213321,5.0150414,-6.3426585,-1.9164103,7.276483
TCTATCGGTCGCAACA-1,-11.447906,3.0848346,-11.96345,-5.6602654,-3.6469672,-1.0232686,1.9893241,0.64390963
TCTATGCTATAACGAC-1,-15.52897,-10.764719,5.3641644,1.9047829,6.0457993,-0.30242828,-3.2987065,1.9632035
TCTATTACGCTGGCGA-1,-10.591627,5.5186977,3.025429,-2.173173,-3.9872572,-8.945194,-1.431743,2.7666247
TCTATTACTAGAGGAT-1,-8.030757,0.6819436,-8.780146,5.9668384,-3.1682491,-6.3277383,-0.32697985,4.182703
TCTCATGAGATAGGGT-1,-10.2674885,-12.486122,-1.2951326,-1.8536564,5.114368,2.675293,1.9392488,0.7988981
TCTCCAACGTAGGTTA-1,-12.272372,-10.164161,-7.7581,-4.5550766,0.06226965,1.529444,1.6552049,4.2967105
TCTCCACAAGTTGAAT-1,-9.778211,-7.326834,4.769888,-0.36814782,5.2159634,3.2198036,2.0209022,-0.6023376
TCTCCCTGGGCAGCGT-1,-13.211239,-11.566016,-5.4557633,0.27218914,7.170316,5.2236505,0.72483796,0.43894514
TCTCGAACGAGGTCAC-1,-18.695415,-9.500552,1.7413024,-2.9360642,2.0831692,-3.1657093,-0.7870808,0.32286108
TCTCGACGTATCGCCG-1,-13.959588,-4.6154237,12.704043,0.9364987,0.43996912,-0.64371717,-0.56412554,-4.3401694
TCTCGAGGAGGTTCGC-1,-18.290375,-12.527346,15.783463,10.57323,-2.0007944,-4.398224,-0.62459147,1.5237347
TCTCGGCTCCAGGACT-1,2.1789472,23.874132,3.1244245,7.2217155,2.0747554,-8.265533,-0.10856631,3.6201563
TCTCTAATAGCTGGTA-1,-12.696911,-0.32074812,-5.271074,-1.2893782,0.22661698,0.9206966,3.6353917,6.5008116
TCTCTCGCCGCACATA-1,-5.746579,2.2992544,12.606791,10.296451,-0.34344444,5.4367247,-2.1268806,-2.1480992
TCTCTTACCGCGAACC-1,23.405983,-8.316508,0.32603198,-0.699834,-2.4747071,6.4546733,3.860263,-3.545841
TCTGAACCGGTCGGCT-1,-8.849283,5.608973,-3.0610032,-4.0286384,1.4472563,-2.5330138,-0.17600247,2.2966142
TCTGAACTCGTACCCG-1,-10.906554,-0.66370666,-3.3221774,-5.8643394,3.8411462,2.5302935,1.557022,-0.479148
TCTGAAGCACGTGGTC-1,-14.908715,-16.75754,-3.3150976,1.7411362,7.8999815,5.607142,1.6025195,1.5366858
TCTGAATTCCGTACAA-1,-13.034727,-9.773853,-0.89591235,-4.013656,4.7313175,2.7845113,-1.1379849,0.20399351
TCTGACTGTAATGGTT-1,4.3252206,23.011023,0.3296384,10.887075,16.630032,0.8197546,-9.481266,0.06429586
TCTGAGCAATTGACTG-1,-15.617871,-9.0007,15.986545,10.660182,-2.0193064,-2.535834,-2.610226,3.1634088
TCTGATGTATTCTGTC-1,-11.297083,-7.7634864,-4.8682814,-2.2833087,6.0439186,6.7000427,-0.52119106,-0.88197345
TCTGCATACCTTGCTT-1,-12.908161,-8.264613,6.5223026,0.6522349,1.929038,0.9863317,-0.5439766,1.0610611
TCTGCCAGAAACTGCA-1,-14.011107,-11.847147,-8.460613,2.4134183,-6.215773,3.630336,2.9401028,-0.5507179
TCTGCGTCCGGTTTCT-1,-11.937085,1.2932389,4.897735,0.6996616,4.541028,-9.259616,-3.9470823,-0.537145
TCTGGGAACCTTTGAA-1,-9.074304,-1.8801167,0.36150977,-5.0169945,4.280392,3.6108286,0.25858027,-3.6671894
TCTGGGTAGCGCTCAT-1,12.456385,21.711546,-8.926651,12.206979,-2.1393175,-2.5327203,-9.056671,6.8893304
TCTGTCATACAAGAGC-1,-12.768866,3.5848193,11.098923,-0.21976283,-6.551141,-7.4310594,-0.8622615,3.4784155
TCTGTGACTGACCGTT-1,0.9267625,20.962835,4.420422,1.6519408,9.231838,4.039759,-8.937067,10.226851
TCTGTGCCATCATAGT-1,-14.256881,-8.281142,-7.273536,0.1587378,-2.0989087,0.27782345,-1.0924134,1.8969332
TCTGTGGCTACATTTC-1,7.5021243,35.085827,-1.9691716,-7.159044,-1.9944444,-0.5414135,5.9183893,4.664938
TCTGTTACCCAGCATA-1,45.821156,-5.781805,-1.8987764,-7.812768,-2.1268978,-4.915422,-1.3724885,3.6649256
TCTTACAGAGGTACCG-1,-15.577879,-3.80634,-0.3971513,-0.7175564,3.6272202,-6.8545656,-2.0879276,3.124628
TCTTACCGGAACTCGT-1,-14.193246,-2.982328,-7.2497926,-11.330823,4.666984,0.16940574,1.4691914,0.56561095
TCTTACGGCATCCGAC-1,-4.484779,13.496509,-4.669015,-2.7427328,5.110363,-0.74011683,-3.2959816,-0.16841607
TCTTACTTATGCCTCT-1,-9.573103,-2.2863464,-2.0966587,-4.4328895,2.8222451,2.1946716,2.1992593,-2.4921553
TCTTAGAGCTCCAATT-1,-11.510799,-6.1173935,7.647006,-0.45658138,2.6335263,-0.062552206,-1.9817655,-4.2315354
TCTTAGAGTGAACTCT-1,-14.423473,-5.0016336,0.8705815,-4.24091,4.8000875,-0.8836981,0.2041,-0.5115742
TCTTATGGGTAGTACC-1,2.646345,12.67543,11.20544,2.4151232,5.838457,19.08845,4.0221376,8.819034
TCTTCCCATGGGCACA-1,-10.0128355,-5.068784,-1.8031427,-6.420935,4.3373036,2.8972802,0.7304904,0.5837496
TCTTCGAATAGACGTT-1,-9.246912,-4.9801993,-2.1309266,6.297573,-7.061576,-3.034971,0.6583972,-1.289753
TCTTCGATACCAATAA-1,-8.688219,-8.172476,-1.8142275,8.811516,-4.5788226,-0.54687196,-1.6827688,1.8144956
TCTTCTATAACCCGCC-1,-14.941819,-6.887214,5.247888,-1.2342385,0.514154,-0.47163188,0.29501927,-1.1644175
TCTTGATGCGTAGCGA-1,-6.2606854,-7.6721272,-1.1371533,6.951918,-8.1405945,-0.7923174,-0.0024760633,0.41864315
TCTTGCTCCCGATACT-1,-2.0662608,5.105461,-6.418036,-1.34395,-1.3491445,6.0367293,0.45844677,-8.319252
TCTTGGTAACACCAAA-1,-13.917671,-3.504669,-10.340615,-5.758918,-0.9483593,-0.24117735,2.1698096,1.1924667
TCTTTAAGACTATGAA-1,-10.163764,-0.43208268,-3.9813015,-6.5741587,3.9854233,-1.0845932,-0.0052183284,-0.90044504
TCTTTAGAGTCTAACA-1,-15.597436,-5.5242634,15.733667,8.5395565,-1.766925,-6.1187515,0.88410693,2.1386409
TCTTTCTCTTAAGGAG-1,-10.495071,5.77795,1.5148054,-7.386233,-2.011258,-5.2308292,-0.02018078,-0.7937796
TGAAACCTCAACTCAC-1,-2.4341202,8.937534,8.798304,5.5868373,2.429225,2.0561764,-1.9395049,4.886557
TGAAACTTATGCAAGC-1,-16.298162,-2.1311028,-5.6701803,-7.3939123,2.3232403,-7.1843514,-0.6680074,2.8954365
TGAAAGGACCTGACTC-1,-14.7925,-12.126627,-6.413256,-3.7835147,-0.6350174,5.868451,3.3779364,0.44026586
TGAACAAGCAGGGACT-1,29.22035,-18.835644,3.2796984,1.1626536,-5.306751,8.576159,-2.9590824,-2.8892398
TGAATACCGACGCGTA-1,-8.321742,-3.942905,-1.8344934,0.6958721,6.6825347,4.9304166,2.8433328,-4.746978
TGAATGAGTGTTTCCC-1,14.062298,-11.6534395,1.885763,2.2950034,-5.2336397,6.0215955,-0.17721175,-3.73139
TGAATGTCAGCCGGCC-1,-14.93098,-4.0344806,11.002226,-0.47040522,-0.24519108,-2.5756724,2.0045574,-2.685077
TGACACTTCTCTTTGC-1,-9.989098,1.3250269,7.18889,-3.121605,-0.52594775,-3.1362839,-0.41721442,-4.4595404
TGACAGGACAAGTCCA-1,36.03248,2.2652364,-1.7684125,23.250578,26.982111,-17.50467,38.88029,-9.663009
TGACATCGAGCGGACC-1,-11.017718,-3.7555199,0.08479336,-3.6931098,5.3292003,3.6651673,-2.0310833,-4.070099
TGACATGTAACGTGAC-1,11.57602,0.8057636,-1.6141154,3.979112,-2.2900312,10.903266,8.412199,-13.15745
TGACCAAATCTTAAAC-1,-7.7062354,-11.478582,0.8021413,4.6358433,-5.617349,5.140216,1.6352816,-5.0174017
TGACCAGCTTCAAAGT-1,-16.13679,-8.0427885,12.929995,3.5933971,-0.07356671,-2.7162056,0.22360285,-3.6172853
TGACCCAACTCACATT-1,-0.40547892,19.523325,1.7938217,-2.1452456,1.54554,2.6378362,-1.3168664,2.443835
TGACCCACGTTAGACA-1,-1.162041,10.986105,-8.720464,4.189412,-4.495,-3.2154121,-3.124668,-0.5617909
TGACGAATATTTCCCT-1,2.0436935,-0.3293017,-2.876318,14.548709,-7.8295603,-11.345467,-2.6994007,13.666484
TGACGATGCACTAGAA-1,-10.849278,-4.6647477,-2.4967904,-3.090333,6.49861,5.4560714,0.009341351,-3.1220138
TGACTATAATCCTTTC-1,-10.84789,-7.6834,-4.616658,4.45329,-8.656459,1.139078,2.8994424,-0.59456295
TGACTCCGAATCATAC-1,51.420925,-9.080243,-1.1562171,-5.2391076,7.350592,-5.3585963,-9.553914,1.4796835
TGAGAATGCTTTACCG-1,-13.024049,-0.19653697,-5.012133,-1.5863659,0.7698888,-1.6457539,0.66550994,8.163934
TGAGAGATTTACCACG-1,-11.206361,-2.6195889,-3.7218106,-5.0010943,2.1524956,2.4656892,3.1118345,-1.8265424
TGAGATCAAATACTCA-1,-14.491281,-3.0238593,7.1100855,-1.3338559,-2.928838,-6.2361646,-1.4649645,4.0247345
TGAGATTAGGCCCTAA-1,-8.4609375,3.7296932,3.3093395,-7.460525,0.35525838,-1.8498029,-0.1757247,-1.211596
TGAGCAGTCGTGAAGT-1,16.293026,38.863598,1.1875349,-4.9085345,0.8207128,15.724442,9.599518,10.094101
TGAGCCATACAGTCTC-1,13.731722,4.255576,-3.6992524,9.008299,-2.3550248,-2.5829227,-7.5500383,-0.99144554
TGAGCGGAAAGTGTTC-1,-9.269424,-4.759561,-3.3404973,7.072563,-3.6832845,1.3047867,1.6147226,-5.2280474
TGAGCTTTAATGACGC-1,-7.142574,2.4878118,-3.4203002,-8.8840475,0.36775896,-0.05807639,2.7527373,-1.5116702
TGAGGAGTGCCAGCTT-1,0.31829563,-2.9556391,-0.44591764,4.5233097,-10.210134,0.9827184,3.2094686,-1.4520888
TGAGGCATGTACTGTG-1,41.246254,-3.8035858,-1.9059027,13.588055,22.893007,-11.93714,10.047911,-9.445966
TGAGGTTGATCCCAAG-1,-5.708648,16.555155,1.026625,-3.354629,0.35114068,-3.1281898,-1.012837,1.7163366
TGAGTAAATTAGCGTA-1,17.972343,1.4132153,1.7210284,1.924479,-8.980817,9.126207,5.5312276,-6.960483
TGAGTGCCTCTTAAAT-1,37.71958,-4.5086,-2.826981,-3.6769032,-1.4411284,-2.2147274,-2.7913842,0.6676062
TGAGTGGTCCGTGACG-1,-10.099467,-3.8536463,-6.547522,-5.0085654,-1.6642036,2.2180972,1.9218239,0.9243493
TGAGTGTAACAACGGG-1,-3.5499487,4.2471395,-0.17303927,6.844611,17.290564,10.919513,-8.831503,-18.515533
TGAGTTAAAGACATTC-1,-12.809476,-5.8174415,14.336876,4.9456053,-0.79472315,-0.4053294,2.7856848,0.68178356
TGATACATTTAGCCGT-1,41.79981,-12.7834215,2.635697,-7.2819495,-3.1515315,-4.496005,0.42235085,3.199991
TGATAGCGGGATTCTA-1,-4.5813494,16.930033,-6.023847,-7.9898105,2.6138835,-3.2960877,-0.66924083,-4.6733327
TGATCAGGGAACTGCT-1,-7.163805,0.25307447,-1.3921272,17.696276,-8.822626,-3.9319263,-4.101584,4.870305
TGATCCCAGCATTAGT-1,-10.995415,-1.1935543,8.794984,-3.627267,-3.1499538,-2.0618536,-0.119349435,-1.9240135
TGATCGGTTTGACCCT-1,-16.818449,-6.9227576,-7.295636,5.733124,-5.933585,-4.408536,-1.5557904,2.9062555
TGATCTACGCTGATCT-1,-7.6398478,4.3686194,4.4386,-4.9292827,-1.5546445,-1.7338704,-1.9469323,-2.340945
TGATCTCCGGCGCCAG-1,-5.765393,-2.9615743,-3.237053,5.1291823,-2.2161732,-0.95385456,3.1375637,4.2547393
TGATGGCTGTTTCTGA-1,-11.715165,0.34055758,11.34771,0.83019686,0.8175773,-3.7919583,-3.0332913,0.94036007
TGATGGGACTAAGTCA-1,8.295227,20.300892,1.7775775,13.294001,14.554828,4.576167,-4.4984565,-12.54609
TGATGTCAATTAAGTG-1,-10.492478,-3.419533,11.390596,1.0369102,0.8681035,0.8872682,-0.013202565,-0.44236067
TGATTATGGCACGCAG-1,5.7993445,21.231236,9.546979,-3.6237755,-5.569956,6.3591204,2.99694,-6.689417
TGATTCAGGTCCCGCG-1,7.4714704,-6.4997683,-1.3905084,17.374414,0.065727696,-3.2604275,4.8004093,-2.0928261
TGATTCCCGGTTACCT-1,14.18709,-1.2033249,4.1310186,1.0527381,-8.491625,11.956311,4.2972574,-6.434056
TGATTCGTCTATCACT-1,-8.808694,-0.29256478,-7.4014845,4.9420137,0.025478898,-1.3386514,-2.0520256,3.5486438
TGATTCTGTCGCCGGT-1,33.152588,-6.9668493,1.9164065,-1.4024236,-4.039717,5.4873614,0.6671264,3.4336581
TGATTTATTAGCTGTG-1,-0.76264226,3.9974265,-6.3232183,12.840764,-1.7350813,2.9921448,-9.13569,3.6708107
TGATTTCCTCCTGACG-1,-9.799025,2.9651906,3.4055717,-1.9176613,0.016253559,-4.744462,-0.09215103,0.65544754
TGCAACCCATCTGCGG-1,-17.798508,-11.122924,-1.5132518,-1.930467,7.265299,0.9523817,1.265973,-0.14482248
TGCAAGAATGACGTAA-1,-9.467543,-8.955202,-5.1496987,10.839369,-3.3061566,-1.819409,-2.7524357,1.2020488
TGCAATCTAACACGGT-1,-17.977732,-15.630473,2.0724156,-0.3922982,8.667523,0.71934646,0.3768913,2.0034285
TGCAATTTGGGCACGG-1,-10.856978,-0.3665416,10.606513,-3.8562794,-0.80608654,-0.64119375,-1.507936,-5.305238
TGCACAGTGAAGTTAT-1,-11.473808,-2.087912,6.1359096,-3.6319754,-0.87505823,-4.8493433,-0.9331332,-3.2125614
TGCACGAGTCGGCAGC-1,-10.659867,6.484559,4.909368,-3.8376377,-2.833645,-7.1365247,-0.39151084,-1.0332649
TGCACTATGTGAGTGC-1,-3.4741778,12.787692,6.2041707,0.36321408,-0.75014716,-10.892071,-2.3071232,-3.9230466
TGCAGAACTATATCGT-1,-0.7054457,3.1790917,-5.922632,14.828372,-6.5496373,-1.7130513,-2.2406757,6.9724655
TGCAGAGTACCGAGCA-1,11.723826,4.17384,-6.8372293,7.9351497,-3.0983229,-1.1935023,-4.7797213,3.0079167
TGCAGATCGTCCTAGG-1,-9.542925,-0.9467675,-7.0535226,12.8737135,-6.0559044,-6.7972956,-0.93201447,5.6049356
TGCAGCTACGTACTTC-1,-12.232416,-8.726811,-5.8636255,16.124674,-6.1569486,-7.271098,3.1207068,6.655558
TGCAGGATCGGCAAAG-1,-7.7749014,2.8966172,-11.343258,-5.4510922,-5.089417,0.7057722,2.405965,0.42074326
TGCAGTGGTAGGGAAC-1,46.134468,-20.290157,2.9952788,-0.66560537,8.449088,-2.052145,-7.086411,7.575993
TGCAGTTTCCTCCCAT-1,-10.266469,-9.697894,-4.7485137,-1.4774278,1.9963806,-0.7546392,0.12711313,1.8637547
TGCATATGTCTGTCAC-1,-14.362426,-12.785821,-5.813982,-2.5432024,-1.094556,3.7784047,3.4247978,2.3392901
TGCATGGATCGGATCT-1,-12.916612,-4.2831016,-9.54376,-1.6802081,-0.55867594,1.1802527,1.9694337,0.7046951
TGCATGTGACCCATAG-1,32.418785,-7.915081,-1.80462,-0.5159584,-3.83961,6.9714074,-2.8497326,-5.7632284
TGCATGTGGTAATCTA-1,-11.179544,-8.076806,-7.6227894,-3.6763844,-1.1191828,2.3981144,2.529712,4.7394757
TGCCAAAGTCAGACTT-1,-7.892379,0.8037579,-2.7929776,16.8595,-4.7658463,-9.112152,2.641269,12.311632
TGCCAATGGGTACTCT-1,24.499214,-10.8503475,-0.50174385,-1.1507912,-10.62546,2.9448335,3.0092053,-0.17508157
TGCCACCTGGCGAAAC-1,-12.77556,-9.021794,-11.591278,-4.506345,-2.740908,-0.70070034,0.524542,3.3437872
TGCCAGTACGTGGAGA-1,-11.551802,-8.193365,-4.8456483,5.888508,-4.8695188,4.545893,2.257083,-2.9411352
TGCCATGGCTTATAAG-1,-11.290853,2.7279167,13.009138,-0.11040592,-6.599517,-2.6966789,0.52825975,-3.2251296
TGCCATTACTAAAGAA-1,-10.592037,-7.9414587,-4.2574625,-6.6495304,3.095999,3.6347244,2.286813,4.021434
TGCCCGTACCGTTAAA-1,-11.702453,-9.671233,-3.6293707,1.9697326,-5.949759,2.9377174,2.5597456,-1.9956832
TGCCGGATGTACGAGC-1,41.66195,4.700324,-2.8257468,-10.239125,-2.178613,1.6390004,-0.51258445,-4.5901723
TGCCGTGGATCGTCCT-1,-4.25637,-4.779163,-2.0495484,6.21354,-3.1024551,1.9766501,2.3890326,-7.1734366
TGCCTAATTGAAGATT-1,-12.884329,-6.33686,10.602292,1.0515167,3.3811097,-1.9379642,-1.4497197,0.41720644
TGCCTGACATCGGTCA-1,-6.7043595,5.588126,5.6301837,-1.6667124,2.9093223,-2.842368,-5.663953,-0.017087817
TGCCTGATCAAACGAT-1,-13.112004,-4.176252,-7.6421,-4.4057355,-0.09199627,-0.42279473,4.251443,3.8045757
TGCCTTGGCCAGGCAA-1,-8.755239,-9.667894,-2.5957894,2.2474642,6.817006,9.409018,1.2930866,-1.200653
TGCGAATATGGGATTT-1,-6.189174,-5.303962,-0.36113873,15.143508,-4.2608404,-6.501547,3.418276,4.0962863
TGCGACACCCTAGTGC-1,33.75127,-8.294637,-1.1504382,-3.0961516,-5.5306797,0.2863122,0.32990175,0.44252357
TGCGACGGCCGAACGT-1,45.565945,-9.735128,3.444651,-2.0351288,2.7618847,2.7436016,-1.548372,1.0880159
TGCGAGAATATTACCC-1,40.9561,-4.9187503,-0.9233298,-5.7437053,-7.514369,-2.537737,2.9219646,6.220561
TGCGAGCCCTTCCGCG-1,-8.104843,5.8220415,6.656407,-4.025335,-1.343082,-2.6966908,1.1801077,-4.8542385
TGCGCAAAGCATTTGG-1,-12.16742,-11.580949,-3.0688426,10.452456,-5.573674,-0.2970817,-0.35538626,1.9826416
TGCGCGATTAACGGAG-1,-6.9494014,3.3733885,-8.024213,3.7247274,1.6159993,-0.85860074,0.0734165,0.88006705
TGCGGACTTGACTCCG-1,-1.2898668,7.326144,-5.901004,-1.2574767,4.3594036,3.926068,-1.0519689,-3.2227838
TGCGGAGTAAAGGTGC-1,-6.236907,2.08304,-5.517995,-5.175323,-0.4775606,5.2174487,0.32047865,-2.180888
TGCGGCATAGTTCAAC-1,-13.158381,-1.5693547,1.1096954,-0.6344084,-2.3054788,-7.403523,0.07921683,1.7903585
TGCGGGTATTGGGATC-1,-10.63594,1.1592407,13.13524,-0.18692985,-6.2468305,-0.149736,-1.5570192,-1.1215416
TGCGGTCTACGAGTAA-1,-0.68467927,16.485495,8.821012,-5.588608,-6.3670907,0.48754552,3.6900153,-4.3079443
TGCGGTGAAATTTCAT-1,-12.820055,0.304467,-5.9153795,-10.333153,5.698871,-3.5078142,0.6807556,3.350107
TGCGTAAGAACCTGAT-1,26.608232,1.3054794,-1.7887243,3.1226542,-5.67975,-0.34061185,-5.2076144,0.6033945
TGCGTCATGACTGAGC-1,43.875565,7.176796,-3.9173865,-5.0223107,-1.0517533,-6.4414353,3.618856,-2.69107
TGCGTGATTGGGTGTC-1,15.699852,38.57307,-1.117421,-1.2955512,10.538778,-0.79929626,-5.456029,-6.6424356
TGCGTTTGTTGACACT-1,-12.414134,-8.990374,-6.965713,2.4162474,-3.1581922,3.1192594,5.1988416,-1.6286789
TGCTAAGTGTCTATTT-1,-12.892454,-5.548023,-4.041165,-3.9571028,6.0499134,3.2596042,0.6751795,1.5292406
TGCTATACAAACGGAC-1,-11.243133,0.20585005,13.593482,0.518876,-6.992646,-4.9707785,0.7169194,1.0963725
TGCTCCACAGTTCTTA-1,-14.113638,-5.7084165,-1.1210779,-6.2748895,4.678276,0.4502368,1.3535516,0.31589532
TGCTCGGCGAAACCCA-1,0.86894256,7.679061,-6.101523,3.8415039,-5.2296414,3.2697897,-2.422456,-7.265538
TGCTCGGTGGGTCACC-1,-8.83352,-8.777093,-2.9436471,4.075055,2.8715413,8.284756,-1.9373646,-0.98802274
TGCTCTTGAGAGTTTG-1,-13.818938,-14.181161,-6.0990496,3.3389752,0.73604,4.5196986,-1.1593666,2.7945766
TGCTGGTTGGACAATT-1,-10.859472,0.09589327,-5.422122,-2.1950493,5.9607573,-3.425218,-4.0453134,4.422837
TGCTGTTGAAGAACTC-1,-4.897156,0.5151474,-3.133696,4.8637404,-9.744982,1.140042,1.2106817,-4.3400617
TGCTTAGAGAGAATGC-1,43.17429,-18.381973,-1.2305447,-3.1010053,2.8974679,-3.706259,-5.250299,1.4939222
TGCTTCCCAAGCAGTA-1,-9.190312,-4.4201603,-4.254189,6.4165287,-0.72089636,4.2343693,0.5780298,-3.3151078
TGGAAACGGAGTGAAC-1,4.124368,20.356081,7.1600976,13.788018,17.80927,5.144338,-5.762986,-1.53751
TGGAACCACTGACACA-1,-11.463184,2.0357244,2.0846841,-8.02262,-0.8459227,-2.7010145,0.19732893,-2.4166968
TGGAAGAAGGGAACGT-1,8.281639,22.606083,-11.47271,7.1158557,-2.2752397,-1.3678652,-7.4688406,-1.8414506
TGGAAGACGAACACCA-1,-14.151798,1.2435272,2.8599277,-3.7166886,-1.414114,-7.9734855,-0.15469183,4.6814275
TGGAAGGATAAAGATG-1,-10.934536,-3.5658267,-5.8501263,-0.5539907,0.7936239,-0.02932773,1.7007556,1.0342239
TGGAATATCCTTGACC-1,-12.077346,-0.37364137,8.085469,-3.460646,0.63983506,-1.8859595,-0.5118508,-3.9835382
TGGAATTAGACGCTTT-1,5.692096,16.064997,4.931324,-2.5024385,20.731209,18.118837,7.979452,-4.0506544
TGGACCAATCTAAGAT-1,-9.160636,-12.766568,-1.5032482,1.2370666,4.985928,5.9713387,1.6880064,-0.15799633
TGGACGCAATCCAGCC-1,50.491398,-9.612969,1.3003066,-6.7433953,7.9520907,-9.735676,-6.777603,0.44653195
TGGACTGTTCGCTCAA-1,-9.375566,-8.573254,-2.594362,5.9054,-9.493369,3.3515494,-1.3577896,-5.568847
TGGAGAATAATCGTCC-1,30.05423,12.523834,-4.415848,-4.284821,1.2814485,6.85989,-2.379791,-14.524689
TGGAGCTAAAGTTCCC-1,-19.45875,-11.196182,9.1890745,1.2174008,0.6388791,-7.060105,0.061141133,5.9537225
TGGAGTGATGCGATGA-1,-3.2955754,6.8611283,-7.818302,0.5793945,1.3758548,6.433065,-1.561089,2.591444
TGGCAAACTAAATTAC-1,-9.894966,-7.3201547,-3.675853,3.9313207,1.3741902,8.152554,-0.123194605,-0.23216069
TGGCAACTCGCGCGCC-1,-13.784836,-6.300398,-4.772731,-6.925335,3.4597838,0.19872265,2.7075295,1.3409162
TGGCAAGCACAAGTCG-1,1.4527649,-5.1257606,-1.356604,5.1856794,-5.1751814,7.6545877,2.2133148,-6.323171
TGGCAATGGGACGGCG-1,-15.372848,-8.301619,10.485932,1.748425,0.0319266,-2.7236538,-1.3070692,0.590381
TGGCACGAGCTCGAGT-1,-7.2041726,5.3677998,11.165981,-1.3862135,-2.9730387,0.036244206,1.5036626,-4.170004
TGGCAGATTACGATCA-1,7.323898,-5.381892,-1.3467553,12.819916,-6.6760616,6.255963,-0.86766803,-3.6551442
TGGCAGCAGTAATAGT-1,9.238088,17.757616,-5.7911277,1.7376423,-6.158715,-0.34761778,-0.7310728,-4.4819965
TGGCATGAAGTTTGGG-1,34.113464,-7.2707076,-2.917742,7.8823953,8.511035,-5.6167035,-0.05110501,-1.5811894
TGGCCAAACTGAAGTA-1,-0.7152482,-6.3012,-5.451893,-3.5830681,-5.2474694,0.42001686,0.97055835,0.4752185
TGGCCAATTTGGTACT-1,18.599415,-8.321045,-3.8539636,11.940434,0.15807447,-7.8303666,12.815744,-1.9905353
TGGCCGTATATTGACC-1,-6.738281,4.2043905,-6.674167,2.0401561,3.1459856,4.3901834,-3.6307054,2.2618215
TGGCGACTGCTCCAAA-1,35.311264,-9.95995,0.75634533,-7.3646154,-6.8878455,-0.40950185,2.8057182,1.5659783
TGGCGATCAAGTTATG-1,19.304436,-1.1472597,2.2487319,1.3289361,-5.911432,7.6363716,1.2228523,-0.78565884
TGGCGGTGTGCGATTG-1,4.846385,26.712816,7.266701,-7.576803,-6.314091,1.6126245,4.863073,0.83895105
TGGCTACACTCTACCT-1,-12.573369,-6.981736,7.7271004,4.5771194,4.9682975,-0.74973774,-1.8125817,-0.96638143
TGGCTATGTGACATAC-1,-12.401056,-8.663485,-2.2162662,-0.08593413,4.536947,6.243851,1.4552209,0.6002466
TGGCTCTTGTCGCGTA-1,-9.332758,0.60743904,-8.686587,15.305101,-5.1260605,-7.518977,1.6050863,1.4521407
TGGCTTTGGGTAGACA-1,-13.530416,-6.3753133,-1.8322382,-0.6750669,0.7311963,-4.3240786,1.0664145,9.367567
TGGGAAATGCCTTTCC-1,-4.956303,10.80256,-3.5926313,-3.0925856,4.4960065,-3.5770233,-1.8321416,-0.58797973
TGGGATGCACTCATTC-1,-12.426304,-1.5743412,6.858465,-0.78642106,-1.2420372,-2.2559063,-0.90760833,-3.0044434
TGGGCAATAGTTGGGT-1,-15.109242,-3.6775541,9.285744,0.26502964,-1.4344007,-1.4976296,-0.2318225,-1.5956489
TGGGCACAAACAGAAC-1,-10.501138,-0.7328916,14.009468,1.0516118,-5.340797,-2.6895223,-0.41384575,3.0215435
TGGGCACGTTCTATGG-1,-8.662185,4.6712813,-7.7230053,-8.179759,1.3793362,-0.944887,2.0955968,-0.07439813
TGGGCAGGCCACCGCA-1,-3.1527314,2.9676933,15.999648,8.638384,1.4905077,5.983475,-0.921677,-3.6574328
TGGGCCACAAGAGCGC-1,-12.55059,-2.0203114,-9.104216,-4.17646,-0.8123802,-1.3785716,0.77321005,1.5392058
TGGGCCCATACTAATT-1,-5.51494,-1.8159785,-3.2440965,-5.411912,3.947063,3.1793728,2.8024092,-2.4088774
TGGGCCTTGCCTGCAT-1,2.7197883,24.59574,-2.4434426,3.2881637,6.708655,-2.0593777,-5.1708636,-5.459091
TGGGCGATACAATAAG-1,12.184953,-2.9610856,-0.83915424,1.5938665,-0.68167025,7.6396213,2.4240618,-7.2374926
TGGGTAAGGTTCCCGC-1,-15.195899,-0.28521386,-7.6020155,-9.863769,1.6875435,-5.3284407,0.08086611,1.1901634
TGGTAAGCAGGATTGA-1,-2.7845397,10.455645,-8.4996195,6.25219,-2.022296,-4.4213605,3.3503983,0.47236043
TGGTAGAATATATGGG-1,-14.776365,-6.7815347,3.2474902,-3.1182096,3.1975188,-1.566603,1.2344284,0.49878526
TGGTATCGCATCCCAA-1,-20.195415,-3.5277047,-2.185011,-7.8281193,0.9659267,-7.7055454,-1.384488,3.0332918
TGGTATCGGTCTGTAT-1,-11.553322,4.17613,6.1720796,-0.6168299,-4.451329,-5.657573,-2.9215071,-2.3806014
TGGTCCCACGCTACGG-1,-9.387047,-8.310293,-5.948103,1.5627599,-0.7877989,6.5945697,1.8874425,-2.105138
TGGTCTGTTGGGCGTA-1,-5.8683853,-8.838868,-7.5957,13.179232,-1.9023802,-2.67228,-7.4590325,3.8774056
TGGTGATCGTATTTGT-1,-2.4678175,18.365068,-5.7717333,-7.4097886,6.0691876,-3.3338797,1.9120907,-7.6716747
TGGTTAACTTACATTT-1,54.300915,-15.877302,1.4598362,-1.9217557,8.800319,-5.9855795,-5.816913,2.8185859
TGGTTCAACGGGTAAT-1,-11.489318,-11.181774,-3.734271,4.047954,-2.2708745,5.4006386,1.8382918,-1.5612795
TGGTTCGTAGCAAAGG-1,-9.652449,-4.7032943,-6.330934,4.6666265,-3.7233717,0.14448527,0.6967361,2.688012
TGGTTGGAGGATCCTG-1,-8.47215,4.143366,4.3341827,-7.251867,-0.12602372,0.43961453,1.7595204,-4.026066
TGGTTTAAACGTGGGT-1,-15.223079,-10.024739,15.542122,1.0836911,-2.6579678,-1.7871108,-0.13467225,-1.6560775
TGTAACTTGTCAACCT-1,-1.4429954,14.953771,7.109136,4.991262,7.236738,4.6202517,-2.0266304,16.761494
TGTAATGACCACAATA-1,-13.494797,-8.978185,-10.012828,2.942599,0.23476449,-1.4064863,-1.0015494,2.408768
TGTACCCGACCCTAAT-1,54.31698,-18.480116,4.3895044,-2.2723951,6.9233966,-5.600847,-4.109165,8.969291
TGTACCTACACGAGGG-1,-17.738256,-13.692961,1.6952475,-1.4776734,5.4331594,0.29800305,0.39430496,0.5019587
TGTACGAACAAATCCG-1,0.78121483,-3.1771135,-1.8498118,9.898739,-5.938573,-0.49677995,-4.5835304,0.31475326
TGTACGCTATCAGCTT-1,-15.11547,-5.345511,14.1448345,1.4650965,-5.941603,-4.2678547,-0.6903573,-0.6979371
TGTACTGTGCCAAAGT-1,10.607952,29.65598,7.4378242,-3.3886652,-5.8033,8.469091,5.426864,7.4306216
TGTAGCCATCCCATTC-1,-1.519596,13.816645,5.174724,6.590038,0.65870893,-1.0310704,-5.097759,-4.910625
TGTAGGAGAAATTTCC-1,-11.742915,-2.8895931,-7.939087,-5.752696,-2.46641,1.727402,1.4718556,-0.28028977
TGTAGTGATCTATAAT-1,-15.742927,-7.0285563,-9.424761,8.501114,-3.6338918,-4.966164,-5.970357,4.1765203
TGTATAACAGATCCTG-1,-10.313429,1.6453273,-9.798188,-6.8831744,-4.774882,-0.016039753,1.2424757,-0.7837176
TGTATCCTTATTCCAT-1,-10.875581,11.205715,3.9444108,-5.9170923,-7.2894497,-10.310863,-1.8033885,0.8652616
TGTATGGCGCAGACAG-1,-12.328804,-6.1148343,-0.7963368,-3.676407,5.2037654,2.6500945,1.4258983,-0.9348242
TGTATTTACCTAATGC-1,-12.4517145,-4.62355,13.718651,0.8185948,0.7113775,-3.267632,-0.9739937,-4.0335674
TGTCATTTGTTGGGAA-1,-17.878223,-8.520045,12.896933,0.26018557,-1.8114513,-4.9088902,-2.9553823,-0.54959965
TGTCCACGGCTCAACT-1,-14.165181,-2.5134091,6.2916617,5.19507,0.36467555,-5.283508,-3.812733,-2.6357849
TGTCCCGACATAGCAC-1,-15.361372,0.7600765,0.5233661,-7.9292545,-0.54272133,-11.897772,-2.0947003,4.2759914
TGTCCGTGGCGCCTTT-1,-4.85714,8.1440525,-5.230371,-2.4020927,11.430144,-1.4439304,-1.6495461,-1.6727343
TGTCCTAAGTCACCGC-1,-6.6196933,-0.8807418,-8.328825,6.7518697,0.5515736,2.497543,-2.4710019,3.645004
TGTCGGCATGGTGGAA-1,9.212008,32.966827,-3.654375,9.006462,12.63615,3.6387496,-6.6512675,17.456308
TGTCGTTATCACATAT-1,46.852505,-17.380201,-0.6712399,-2.8901615,3.5362127,-8.591781,-9.084262,3.124655
TGTCTACAGTTTCTGT-1,-12.07675,8.589829,-0.43016222,-6.188714,-5.6008196,-9.960224,-1.6075412,2.106561
TGTGACTACGCCAGTC-1,-9.4372015,-0.17779413,-6.713749,-4.0732536,-2.9342997,0.42383146,0.98732996,2.2152767
TGTGAGACTAGCCCAA-1,-3.7001865,2.5714245,-1.7794348,5.03333,-2.4374728,5.20965,0.1378917,-2.5193279
TGTGATTCCAGCGCTT-1,-12.843133,-4.4307594,14.99572,1.7702208,-5.8763385,-2.398172,-0.8687685,-2.3567123
TGTGCCGGTGCCGGAA-1,-8.135523,-6.9715595,5.866244,-1.0211934,10.217432,9.767455,0.70098555,0.47635096
TGTGCTTTACGTAAGA-1,-7.837615,-4.120616,-8.043593,5.605559,4.146517,1.6545389,4.7354093,0.60343134
TGTGGAGGAAGCTTAA-1,2.2076101,17.730965,9.774802,-3.9745986,-1.1149076,3.1449134,0.8292116,-0.7619364
TGTGGCAAAGCGTATG-1,-12.593341,-6.9621043,-4.9529734,-3.1302965,0.04837808,1.8024704,0.7252834,1.7848297
TGTGGCGGGCTTCTGG-1,1.6681218,-0.09707595,-0.5199019,0.78737336,-5.9367867,7.0002074,3.6127284,-6.032769
TGTGGCTCCCACCAAC-1,-12.964219,-4.9007993,17.235834,7.084487,-2.8758688,-1.0989794,-0.6452294,-2.380572
TGTGGTTGCTAAAGCT-1,14.466722,-0.35689706,2.1368823,-0.0077608316,-6.7634325,8.677373,1.5156361,-3.4942322
TGTGTCGCGAGTTGCA-1,-1.03567,6.775489,-4.4850807,-0.70726067,4.20425,1.869895,1.4574673,3.3266196
TGTGTTCGTATCCAAG-1,-5.388071,3.53028,-5.761266,1.6618125,5.121765,4.2504125,-0.33734053,0.07715845
TGTTATTGTATGTGGC-1,-15.38871,-10.161798,-6.886353,-1.5051203,0.7947214,2.2720106,1.781047,1.0979128
TGTTCCGCTTCCATGA-1,-3.4969862,3.377107,-6.4460206,11.219133,-4.6871867,-2.7134984,-4.0312653,2.3506916
TGTTCCGGCCTGAGCT-1,11.898057,0.9756218,-1.9265231,3.1303968,-1.4915713,10.316822,-0.6903751,-9.388744
TGTTCGTATTGCGGTG-1,4.4588885,17.73783,-7.0225735,2.3695517,-10.383852,2.630937,7.9086604,-8.264679
TGTTCTTCCATTGACT-1,-0.5279319,4.4218287,-9.311107,7.4126616,-3.7522533,-2.1980429,-0.042501837,1.6608583
TGTTGTCAAGAAGTCT-1,-11.446724,-5.78404,-6.509817,-4.4060655,-0.9909621,2.7223833,2.3847382,2.5759792
TGTTTAATACTTCATC-1,-7.2072687,11.559632,-1.4218302,-9.483658,-3.016514,-6.554518,0.2515162,-0.17418338
TGTTTCGGTACTTCTC-1,-11.158389,1.956508,-6.68656,-5.47282,2.9543347,-0.1360503,1.4408425,4.7491965
TGTTTCTGAAGCGTGC-1,55.107758,-9.082403,1.2252902,-6.919011,2.1043694,-2.8894377,-4.260705,1.1216562
TGTTTGAGATCGTCAG-1,-12.341676,-0.5999375,15.497216,6.6556325,-3.4482524,-3.1398094,0.8752666,-0.0037419572
TTAAACAGAGTCCCGC-1,6.9756455,24.685999,3.905841,-2.2093537,-2.2837787,8.22013,9.7462435,11.008719
TTAAACCGGTAGCGAC-1,-13.633959,1.7346487,9.521303,-2.5796778,-4.088389,-9.146666,-1.4415472,2.0554845
TTAAACCTGGTTCCTT-1,-2.7719247,14.391441,1.4187955,-5.872746,7.015415,-3.3237092,0.68989986,-4.3796225
TTAAACTCGAATTCAT-1,-13.898726,-6.13543,-2.3612027,-8.976975,3.8953087,0.5926469,0.71249074,0.9198927
TTAACACCTCGAACAT-1,-0.33396402,12.832788,-0.90519375,-5.210475,6.949914,-0.06678605,3.2368429,-1.3987035
TTAACCAACCCTCCCT-1,-14.294973,-10.005801,-3.858287,2.3182356,0.71331775,-1.2057232,-0.3276611,6.6778564
TTAACGTCGCAAGACC-1,-7.8615456,10.784056,2.29478,-5.908406,-1.0153241,-7.1367035,-0.6442761,0.51354027
TTAACTCACGCGTGGA-1,-0.40796593,21.48116,-2.196879,-7.3249693,2.9825635,0.8890062,4.8349576,-2.4221628
TTAACTTCAGGTAGGA-1,14.876299,-2.2155926,-0.8303571,8.030202,-6.5917706,-1.6355668,-0.48301646,7.4502134
TTAAGACGAACGAACC-1,-9.335082,-1.6015071,10.012236,-2.3257523,-2.5425506,-1.0353854,0.13670711,-3.9758444
TTAAGATAGGATTGAC-1,-14.829136,-4.9929943,-0.3257554,-4.4564414,3.3870459,0.6959412,-1.7469759,-2.4147387
TTAAGCCGACAACTTC-1,-10.495504,7.325639,-7.4878097,-12.926855,-1.7747124,-4.4874706,0.77754176,0.27510315
TTAAGCGCCTGACCCA-1,-3.9687512,5.3014293,-5.767451,3.1492221,-1.9231762,-2.5454788,-1.6309434,2.815748
TTAAGGATACGGAGGT-1,9.851905,25.766191,9.693435,-2.921939,-3.5518787,12.296477,9.613043,9.437872
TTAAGGCCCGTACTTT-1,49.799637,-15.796923,3.450942,0.2676254,6.8619647,-8.276357,-5.7174177,3.3952715
TTAAGTATTGTTATCC-1,-16.509912,-6.1255283,-0.7378442,-4.342358,7.1203575,0.4650294,-1.9519202,0.3623784
TTAATCAGTACGTCAG-1,-12.851103,-1.6128846,-8.034003,-7.2964087,-1.2270484,-0.038513992,2.2481048,3.5659385
TTAATGCGAGGTAACT-1,-11.039525,-0.5647799,10.200562,1.3367835,-1.9270648,-5.0399294,-1.3483139,-1.3651146
TTAATGTAGACCAGGT-1,-12.396447,-4.8977866,-6.9352975,6.8161983,-8.756278,-1.2707077,-1.8467425,0.050648086
TTAATTGCTTTGGGTG-1,-10.865722,-8.408673,-4.7307186,2.0645342,4.184294,8.557375,1.6258184,-0.07874026
TTAATTTCAGACGCGG-1,-9.490513,-0.8616585,-8.29524,-5.8908596,-1.2536372,-2.6967971,1.2706575,1.9887098
TTACAACTACGCATCC-1,-11.641542,-2.2570128,-10.389747,2.1480975,-0.124235496,-0.26570103,-0.8864736,4.001185
TTACACGATCTGCGAC-1,-8.453132,3.5966814,9.870047,10.550633,-1.9241546,-0.59856826,-3.5649114,-2.1269145
TTACAGACCTAAATGA-1,-12.74444,-2.9084275,0.5633025,-10.474534,3.0779433,3.0004888,1.4116013,0.4718549
TTACATCGTGGCCTGG-1,-8.5884905,5.3304777,-2.5836854,-3.373723,7.646741,-6.1065145,0.5872586,2.3247764
TTACATGCCACAACTA-1,-13.109708,-0.7984051,-0.64461815,-3.0815825,2.8280673,-0.10902146,-2.624349,-3.7642205
TTACCATTGATTACCC-1,-9.416348,-2.0548913,-11.4212885,4.946819,0.77396965,-0.7638286,-6.224974,2.341505
TTACCCATTGCCGGGT-1,-14.056867,2.538162,-8.366753,-13.065149,2.259941,-2.5807147,1.7651056,-0.27264675
TTACCCTAACAGTCCT-1,-6.340836,7.2105093,-3.6148524,-5.1374598,7.3208113,-0.36741605,-2.3240674,-3.2261717
TTACCCTAGGGATTGG-1,2.447658,10.503164,-5.1539807,3.7467697,-4.076495,5.741063,0.29242525,-11.558968
TTACCGCCTTAGGGAA-1,10.56095,38.407936,-6.7481766,0.39355487,4.7044716,-5.296989,-3.6237853,-1.4209827
TTACGGATGGTTCGAG-1,-11.394366,-5.3338404,-2.1546705,-6.022988,2.7277584,3.605387,0.8624279,0.03965715
TTACGGTGTCACCGAG-1,12.181141,30.41264,6.6458764,2.5889378,8.222221,20.888466,7.823059,11.869915
TTACGTAGCGCGTGCT-1,5.8088884,24.276506,6.3497,-8.118679,-6.3533216,4.7847676,6.8671436,-4.1271276
TTACTAAAGGACTTTA-1,-8.803031,-0.45984226,-5.684555,-3.7651937,-1.1690643,4.657338,2.1777384,-1.5767466
TTACTATCGGCTTCTC-1,-6.012835,3.7338984,-7.429006,1.3684179,9.156123,1.1762129,-0.4560535,-0.46120685
TTACTCCGGCCGGGAA-1,-9.457191,-5.8345375,-5.0310597,1.4025114,-5.8285027,4.4501157,2.5259435,-1.302802
TTACTCTGGTACGTAC-1,10.076126,-3.8934493,-2.357221,14.225559,-4.93742,0.72689754,-6.454238,8.999641
TTACTGGGATATTTCA-1,18.899384,-0.33192968,1.9468158,5.512611,-7.159562,8.520276,0.5637403,-3.2557845
TTACTGTTTCTCTACG-1,-13.2685175,2.9256604,9.969304,-1.2161741,-5.2839923,-5.748011,-0.90559554,-0.3625012
TTAGAAGAACATGACT-1,-3.9893599,0.13351442,0.15337595,7.7900033,-3.5159807,4.839679,-0.7050327,-4.318124
TTAGAATAAGGGTCGG-1,31.33963,-6.8071413,-3.2161026,-5.7754326,-7.385856,0.02403153,2.3749468,-2.1455336
TTAGACACGATCGTTG-1,-7.551094,7.196153,-4.0033417,-12.013476,3.011062,-2.624316,0.8902425,-0.79539925
TTAGACGAGTCACCTC-1,-10.787229,-5.3243074,-5.5068727,-2.6901076,0.72413224,4.9077554,2.505531,-0.06590592
TTAGAGTTTAGAAGGA-1,-17.599428,-15.836351,-4.980341,-0.50381994,3.437636,3.1584566,0.8369255,1.2711763
TTAGATAGGTCGATAC-1,1.1874152,22.82421,1.6988599,3.576291,4.846141,-11.068319,-6.2539935,2.2372622
TTAGCAACATGGATGT-1,-6.201838,13.770087,-2.3700662,-6.833389,1.104749,-7.2930765,-0.53857625,-1.386892
TTAGCTAATACGATCT-1,-14.334345,-8.562199,2.8288474,-6.1343136,2.5614786,0.7556963,0.70120245,1.2805707
TTAGCTCTGTAATCCG-1,-8.36071,1.7267814,-0.33340213,-4.0475316,10.460083,2.2453277,4.410155,3.6323552
TTAGCTGATTTGCCGT-1,-9.198857,-0.85639846,-2.7354932,-5.8937807,3.4182198,4.531753,1.2308425,-2.4787827
TTAGGTCATAACCGAC-1,30.599825,-3.6056166,1.1022516,-0.4730076,-1.1709857,2.6561277,-0.27156475,1.348192
TTAGTAAACCTGCTCT-1,-12.993401,-7.455701,3.4023914,-0.9505728,6.250465,1.1807623,-1.5823488,0.0404382
TTAGTAGGGCGGCGGG-1,-10.856923,-5.313037,-8.224488,8.369774,1.6655762,4.8758264,-1.7800549,4.4731803
TTAGTTATTCGTGGCA-1,-4.9065137,-3.950329,-0.21714161,-1.5325431,5.8553395,8.400865,2.6349201,-1.8343248
TTAGTTCAAGTGTTCG-1,-13.2971,-6.4882984,16.975712,1.646721,-3.6532395,-2.9923093,0.8310568,-3.4040985
TTATAGATGCACATTA-1,-4.8071184,10.091266,14.6648245,-1.6721772,-7.4126472,-0.47955897,5.00691,6.3001113
TTATAGGTAATTGTCT-1,-10.677373,-7.7230935,-5.8124967,1.1327598,2.9180512,7.1950207,2.3501472,-0.12913354
TTATATACGCTGTCAC-1,-7.0719557,-3.944837,-3.7907615,2.937406,-10.790982,3.2117763,2.7248805,-6.7109885
TTATATTTGGCAATCC-1,-7.6186466,-1.0246662,-6.1033635,1.4177212,-4.240389,2.8378716,3.6203024,-2.6490595
TTATCCAATCGAACTC-1,-11.989594,1.5969442,6.950673,-0.41432938,-4.0973864,-5.8123813,-1.242636,1.7011365
TTATCCGGGATCTATA-1,-12.049975,-9.078127,-2.9699833,-0.6070034,7.699737,4.5836787,2.609704,-0.9502076
TTATCCTCAAGGAATA-1,46.075523,-3.039182,-1.3565499,2.9076695,4.09439,-16.974718,20.158268,0.8082476
TTATCGCCTGCGAAGC-1,-4.82633,6.943962,-1.8451031,-4.699135,5.340142,-0.59219176,-0.81775326,-0.609331
TTATCTGACATTAGGA-1,3.1724463,7.838705,-4.338238,9.692519,-0.47421452,-7.67281,3.325386,0.19846958
TTATCTGTATCATAAC-1,-8.750783,-1.8502758,-6.342197,-3.3411365,-1.6320263,-2.5826979,0.5576634,1.6731367
TTATGAATGAAAGGGA-1,11.538484,30.013878,-9.349813,-2.6633024,-8.95801,-3.1399624,0.14041847,-5.467214
TTATGACAAACTGGAT-1,-5.7983274,-0.3058399,-4.9799547,3.3342693,6.9915824,3.573331,-0.8091867,1.9459546
TTATGATCTTAACGAA-1,-8.097792,-3.0292654,-7.3035154,-3.600108,-1.055932,2.5637257,3.889307,-0.23810664
TTATGCGTCCCGGTCC-1,1.9924834,22.62763,8.292215,-5.4368515,-5.8033614,-1.3077854,1.7070855,2.9869409
TTATGTTTGCGATAGA-1,-5.736041,12.555878,-3.848447,-9.111091,5.656971,-0.271951,-0.4949251,-2.0348284
TTATTAGAGCGTGTTC-1,-10.222692,-2.8649466,-7.5452824,1.6079079,-9.605341,0.98384565,1.9492639,-1.7328844
TTATTAGGGAAGCATC-1,-12.717276,-1.0430408,-2.3537364,-5.538495,4.712733,-3.8472264,0.40901712,6.3203564
TTATTTCATCCCAAAC-1,5.214988,28.354261,-2.3222148,-2.7090247,2.7114785,-6.4259906,0.026214357,1.1773161
TTCAAAGTCTCTAGCC-1,-11.493303,-6.0116982,-5.058289,3.7932503,-8.608112,3.8713214,-1.4924576,-2.6150098
TTCAACGACCCGACCG-1,-14.335579,-8.058225,-3.7480986,0.558339,2.143343,-1.108464,0.7529046,5.6840587
TTCAAGCCGAGCTGAG-1,-12.636058,-1.7634028,-2.9174623,-7.4750457,2.2903378,-4.0991735,0.533162,1.219589
TTCAATACTCTGAATC-1,-13.733114,-5.321464,-8.000044,-5.2278967,-1.5745466,2.8365176,3.1486797,0.2303297
TTCAATTAGCCATAAT-1,-9.76419,1.9390191,1.7644272,-7.482582,0.39495075,-4.1608405,0.35434762,1.5402029
TTCACGAAAGGATCAC-1,5.299041,-2.4007783,-2.6474118,10.620403,-3.604525,2.0629864,-5.3572392,0.6242459
TTCACTCGAGCACCTA-1,-7.6139507,-4.6412277,-1.6606504,5.1890397,-0.6156453,7.7543974,3.810851,-5.5468116
TTCACTTCCTAGAACG-1,1.3384176,-8.233473,2.6508694,6.812885,-5.5117702,7.55788,2.9556353,-6.7837415
TTCAGAGTAACCTGAC-1,2.682955,20.201628,2.8729446,8.679731,12.763165,3.1773024,-15.169639,11.06329
TTCAGCCCTGGTCCAC-1,-13.529704,-8.365964,-3.576913,-0.9083622,3.363146,3.6442823,1.1882085,-0.35818356
TTCAGCTGGCGTGCCC-1,-9.582031,-0.55226207,1.4694215,-4.4151115,3.8462992,3.1622627,0.27904484,-3.422726
TTCAGGCGTCAAAGCC-1,-1.6253577,17.851831,-10.364777,2.8690796,-4.3454933,-5.240318,0.7174663,1.433717
TTCAGTTCAAGAGGAG-1,30.166935,2.3062406,1.7342443,3.8335521,3.7247646,9.501761,-5.7889204,-13.937473
TTCATAGCCTTGTAAC-1,7.972553,29.736767,-2.9027514,4.7950964,10.527116,-1.2393137,-10.487624,-2.2193124
TTCATGGCGCAACAGG-1,-11.176599,-3.0107665,-6.9887075,-3.967876,-2.7217667,1.5283749,1.8109337,2.8418298
TTCCAATCAGAGCTAG-1,-14.759425,-8.090116,0.48063555,-7.860949,4.1823454,1.3797029,1.3491532,-0.7948539
TTCCAATCTGGCTATC-1,36.095356,-9.284045,-1.0299511,-7.5364566,-5.6790833,-0.44693288,0.3536583,0.21993026
TTCCACACAGATTTGA-1,43.164112,-14.5065155,4.178545,-4.037474,-5.7499385,0.31253383,4.2271833,6.4919133
TTCCACATTTCTCGTC-1,-14.142447,-3.8364482,14.038237,1.3618755,-3.062107,-4.7752776,-2.0007868,-2.2978864
TTCCAGACGAGATTTA-1,-11.596639,-2.2454998,10.504266,-0.77346516,-0.8178792,0.41007498,-1.2566615,-4.301293
TTCCATCATGCGGTGA-1,-10.893476,-4.1981096,6.9339166,-1.5281073,1.204691,-0.7103437,0.992261,-3.3018272
TTCCATCGACAGCGTG-1,-10.246651,-2.182198,13.497178,10.861832,0.96201706,-2.3904655,-4.1274304,-1.7854176
TTCCCGACGCTTCACT-1,-8.930537,7.193072,9.949743,-1.4012682,-3.4427009,-1.672734,1.2547208,-1.903889
TTCCCGGCGCCAATAG-1,5.120854,6.091205,-6.0002756,8.421019,-2.8890038,-6.636626,5.3826413,0.65474284
TTCCGCAGAGAAATAT-1,-12.073944,-3.7640243,4.1753917,-5.518005,1.8537352,0.78085315,0.42108476,-0.22115678
TTCCGCGTGAGGCGAT-1,-1.2539175,1.6059635,-4.88873,5.9232883,-3.0574534,-0.42567158,0.12363511,-3.678429
TTCCGGCCTTGAGGCT-1,34.846935,-14.233073,0.6968401,-1.8030089,-2.3681948,-5.6156945,1.8511916,1.9111383
TTCCGGCTCGACTTCT-1,7.799599,20.8093,6.9220986,-4.262718,-2.107937,6.1934886,3.5304825,-5.8985376
TTCCGGTATCTGTGTC-1,-13.127974,-6.474132,12.674523,1.1607803,-0.73868334,-0.6944813,0.042070087,-2.6658244
TTCCGGTTACCCACTT-1,-10.845041,-7.81537,-4.080412,-4.017042,3.2737672,3.0673015,1.9637405,-2.616113
TTCCTCGAGGGTGTCT-1,-11.901487,-3.8832347,-5.952959,3.0908675,1.2969607,-3.8903868,1.0632443,4.505466
TTCCTCGGACTAACCA-1,-17.222803,-12.61675,-5.304307,-1.7209845,7.29881,4.4320846,-0.2003646,2.9710295
TTCCTCTGCCCGAATA-1,-11.699233,-7.799911,-7.936813,4.5716996,6.829642,2.409448,-1.9621661,2.6467385
TTCCTTTCTGTGTTGC-1,5.330358,31.797089,5.4483175,-0.8847413,-0.367649,0.28487805,0.9803536,6.243987
TTCGACAGAGCCCGTG-1,-12.512503,-8.413263,-2.7626507,4.093447,-3.88429,2.1704774,0.8012039,-3.9177313
TTCGACGGGAAGGGCG-1,-13.40987,1.0933647,-11.279027,-0.77493876,0.3345731,-2.162061,-1.5768652,5.8162894
TTCGCACTCGCGTGCT-1,-8.836838,2.472487,-8.038145,1.688778,2.7580216,2.229403,-0.4876669,4.7230453
TTCGCACTGTACGACA-1,9.83037,22.414373,-6.8976374,3.389155,0.095170125,6.151123,0.09121952,-8.341615
TTCGCATCCGGAAGCA-1,9.702135,32.85147,-0.3579934,5.6732883,13.6337385,-2.3867626,-9.159137,3.7522583
TTCGCCGCTCGCGCTA-1,48.157253,-12.49822,2.6915843,6.5490985,14.339911,-5.13785,1.0739352,-1.1296843
TTCGCGCGCCATACGA-1,26.593077,-1.2109609,0.47718495,-4.607606,-7.261513,2.8006258,2.331057,-3.484982
TTCGCTAGGAAGTTGT-1,-10.981926,-2.7902951,14.1430025,2.1894653,-2.3835783,1.5478321,-0.6137753,-3.0332744
TTCGCTATCTGACGTG-1,-9.476603,5.7260346,0.36610666,-9.975382,0.31708446,0.12284728,1.9534125,-0.89037025
TTCGGACTGATGCCTT-1,-13.4379635,-8.788337,14.459626,4.284904,0.21788669,-2.1928074,0.29651058,-4.148291
TTCGGACTGGGCATGG-1,46.286346,-1.57417,-3.3979251,-6.096024,4.770284,-4.5537195,-1.6515074,0.68363005
TTCGGCAACCCGCTGA-1,-8.48274,2.9367578,-2.4324772,-9.821412,1.3362175,-2.335756,0.8395786,-0.40776634
TTCGGCTAGAGATGGT-1,-9.663735,5.357378,3.304302,-1.5696375,1.9700122,-5.2632055,-5.931712,0.33710423
TTCGGGACTAATCGCG-1,-7.5462713,-2.0004363,-4.581444,3.464796,-7.4728723,1.0631218,0.41209933,-3.4685738
TTCGGGCGCTAGTCTT-1,46.274647,-9.07566,4.4708176,-5.2649794,-1.2833476,-0.14931946,1.9591628,3.3082929
TTCGGTACTGTAGAGG-1,-1.9626728,-5.250199,0.12622607,5.239142,-1.1001223,7.370165,5.0504136,-5.6837707
TTCGTAATCCCAGCGG-1,-12.30551,0.67073417,-0.96563995,-7.9862456,1.0451282,-3.840277,1.7896335,0.88474333
TTCGTACTCCAGAACG-1,-8.052,-3.1656165,-7.754385,3.0085657,7.8715787,4.3693404,-3.4782526,0.4439207
TTCGTTCAACGAAGTT-1,-11.184958,-0.07279207,6.233273,-3.2426796,-0.85249394,0.5239758,0.47393867,-0.21524276
TTCTAACCGAAGCTTA-1,-15.727799,-14.003773,-3.4500031,-0.7239873,1.8331391,2.2165158,0.06939673,0.13653907
TTCTACCTCAATCGGT-1,42.184998,-5.416947,1.341788,-2.6713974,3.172388,3.0774944,-4.787721,0.5873391
TTCTACCTTTATGTTG-1,-14.903381,2.0188959,3.0808902,-6.2938795,-3.67274,-5.145466,-0.6480213,0.14492096
TTCTACTTGCGAGGGC-1,-16.582771,-3.5985494,-4.8293767,-3.866505,7.4662437,-5.149353,0.45511812,1.188701
TTCTAGAAAGTCTTAT-1,25.233562,-8.507524,3.216288,-6.5627747,-7.2336636,3.0782218,3.6454813,-3.4882936
TTCTAGGCCAATTGTG-1,-10.7572565,1.8707095,-9.469093,-2.6257207,0.9166431,-3.5294094,-0.22158296,4.3745055
TTCTATTAAACGCAGC-1,0.54276824,-6.0053883,1.8620813,6.7146826,-4.786221,7.062275,2.066872,-3.2501094
TTCTCTTACAGGTGAT-1,53.64455,-11.894908,4.369361,-5.8152637,4.5960617,-2.9381564,-5.2783203,-0.9024654
TTCTGACCGGGCTCAA-1,-16.58985,-15.260781,-4.8817263,0.58959717,4.987964,4.9664445,0.32576773,2.419708
TTCTGCCGCGCCTAGA-1,-13.260537,-11.329828,-4.8014,4.2621617,-4.8329873,1.2336775,1.2904739,-1.0561223
TTCTGCGAGCGCCCTT-1,-4.5001197,7.363986,-6.1937695,0.084256604,6.033683,0.6797827,-0.039393324,1.4916695
TTCTGCGGGTTAGCGG-1,-14.948226,-17.886032,-9.916562,-0.98525244,0.5324788,3.2754407,2.639883,2.8732603
TTCTGCTAGACTCCAA-1,-15.780629,-6.8397155,7.35448,-3.746317,0.36686987,-1.0512711,0.6389841,-2.1734748
TTCTTAGTGAACGGTG-1,-14.792704,-4.083084,-1.283629,-2.5342555,6.6763754,-7.8153877,0.6689972,6.0784426
TTCTTAGTGGCTCAGA-1,-10.764024,0.57247835,-8.749691,-4.070432,-1.6021601,-2.5316505,2.261754,0.99534345
TTCTTATCCGCTGGGT-1,-12.058475,-0.4066409,0.9468408,-5.9433885,-0.031484533,-3.1270623,1.2121949,-0.18559316
TTCTTCCCTTTGATAT-1,-12.964322,3.3250768,6.7742977,-0.8356525,-5.3672357,-6.3137827,0.4308492,-2.4939244
TTCTTCGCAATAGAGC-1,-16.441418,-6.9643416,15.905509,-0.065853566,-3.8696516,-5.3614993,-0.37966564,-1.9430112
TTCTTGAGCCGCGCTA-1,31.264334,-9.053276,1.1438867,-0.6384558,-4.7736626,1.6117985,1.5805027,-0.811457
TTCTTGCTAGCATCTC-1,-11.648949,-5.180006,9.457599,-0.19196853,2.7011135,2.4229674,1.1966318,-3.3239734
TTCTTGGACGATCTGC-1,41.545914,-13.630372,2.2263339,-0.15157904,2.1834352,-5.461654,-1.3536247,6.437483
TTCTTGGAGTAATGAG-1,-11.329793,-0.6055782,-9.104904,-7.0842023,-1.8302295,-0.8232441,1.7833234,0.89279914
TTCTTGTAACCTAATG-1,-6.918155,9.598453,-8.899209,-5.7853317,4.9023657,-2.9218283,-0.76237667,1.4912757
TTCTTTGGTCGCGACG-1,-13.640808,-2.2665217,4.184173,-5.5675235,0.17189103,-1.0957884,2.3018966,-1.2432686
TTGAAAGGTGTAAAGG-1,-10.381398,-4.279917,11.678547,-0.11838153,-1.2316573,-1.3076438,-0.30393526,-2.88273
TTGAACGAATCCTTTG-1,-9.181907,7.612807,2.850289,-1.8871899,1.0946631,-6.7174616,-5.604368,-2.9238462
TTGAACGACGTGCTGA-1,-15.578729,-9.644083,-3.1499877,-3.6209939,6.635341,3.1316092,1.437592,-1.0752652
TTGAAGAATTCCCAGG-1,-6.0262184,-4.204589,-3.7709327,8.026606,-1.0127656,-0.06441341,-2.7708564,2.647232
TTGAAGGATGGGCGCC-1,51.523624,-5.336094,-1.2348107,-4.743887,2.89323,-4.2323313,-8.34836,-0.18501641
TTGAATATGGACTTTC-1,-9.437819,-3.2080343,-4.9591374,1.3229078,-6.8530107,2.5299964,0.0543051,-2.928304
TTGAATCGTTGTATAA-1,13.396544,4.8387055,-1.6240329,15.264003,2.5592575,-1.0713516,13.515806,-0.74355185
TTGAATTCACGTGAGG-1,-7.8993998,-2.301559,-0.8040336,-6.1485953,4.9337316,3.1796465,-1.4610422,-1.453519
TTGACAGGAGCTCCCG-1,-17.85531,-10.564664,3.3837354,-1.9956536,2.1699827,-1.5097266,-0.40141603,-0.58472484
TTGACATGAACGTGGA-1,12.621491,0.42402396,-2.9539452,15.354066,-5.213988,0.35932672,-3.91538,4.363013
TTGACCAGGAACAACT-1,-7.4790263,-7.5904303,-1.5775524,1.7400503,5.7191706,7.598367,1.1549952,-2.1476212
TTGACCATGTTCTCCG-1,-4.1004744,2.9833357,-7.9192715,-8.091111,-4.630301,-1.5837817,3.0580156,0.6842581
TTGACCGTGTTAATGA-1,43.076866,-3.5810986,4.21529,-2.569579,-3.3210564,-1.313004,5.3272443,9.573318
TTGACGATTCAGCACG-1,-11.334999,8.13298,6.7623434,-6.4344172,-8.191593,-9.592684,-0.8355448,1.4710373
TTGACGCTCCATGAGC-1,-13.752292,-2.870931,-2.391401,-4.4740386,3.7955837,-1.0181288,-1.6584754,-3.4785256
TTGACTACCATATGGT-1,23.776653,-1.765877,0.8218381,6.615337,-1.7122339,2.3802345,-3.3622158,0.6087803
TTGACTATTGTCCGGC-1,-11.339625,-5.3482156,7.5212417,-1.6578566,3.5152876,1.0456071,0.14793244,-2.030754
TTGAGAAGTTTAGCAT-1,-16.082005,-10.204999,-3.351279,-3.580555,7.0964894,1.8488995,-1.2136137,0.36656395
TTGAGAGTACTGCTAA-1,34.465046,-11.51848,-0.25301513,4.476149,-2.3376834,-2.6542902,-6.942633,7.281251
TTGAGCAGCCCACGGT-1,-14.2335205,-7.7875733,15.27485,4.1222157,-2.015669,-1.0360771,-0.9111268,-3.281798
TTGAGCGCCACGTGAT-1,-13.450399,-3.6885495,5.3400893,1.3228568,0.5002782,-0.44181967,-0.18323965,-2.7683575
TTGAGGCATTTAACTC-1,-8.8279505,10.091746,2.401614,-6.868108,-4.7639403,-5.485422,1.2755972,-5.589781
TTGATCTAACTTTGTC-1,-9.137445,-2.8585389,-9.261638,7.8569355,0.0040890635,-1.2424097,-5.4060555,4.892468
TTGATGTGTAGTCCCG-1,-11.742839,-10.416466,-2.4479418,-2.2602878,3.1998506,0.9453454,3.144757,3.4789014
TTGATTAGCTGTTTCT-1,37.608135,4.429697,-3.0974324,-5.226923,-4.1169996,-3.616813,2.4253476,0.43984476
TTGATTATGCAGATGA-1,-2.8708732,7.7992544,-7.8238845,1.4954315,6.704798,3.078603,-1.3544017,-0.33592516
TTGCAAGAAGACTCCT-1,2.6905096,3.8877892,-4.850894,-2.3373222,-1.2277868,3.9548984,1.3347574,-5.179325
TTGCACAATTCAGAAA-1,2.331479,-10.413675,0.8375742,11.348276,-7.19623,0.5238501,-2.8541036,1.0215088
TTGCACGGAGCAGCAC-1,-8.777378,2.6931417,-7.1057997,-4.744411,-3.6816263,-1.4009608,1.6918632,3.925225
TTGCATGCTGATCACG-1,12.630202,12.134845,-9.019102,7.881021,-4.760056,-1.9433124,-4.5202293,1.2624257
TTGCCAAGCAGAACCC-1,-15.014216,-10.203213,14.259158,2.165861,-0.5159403,-0.026747825,-1.7396141,-2.4769888
TTGCCATAGCCCGCTC-1,41.859444,-11.047346,0.23176311,-1.8222772,1.296724,-8.995726,-0.9945793,3.2024844
TTGCCCTGATCACGGG-1,-8.620418,-4.36134,-5.6282544,11.689468,-3.3472714,-2.0285015,-4.8627853,1.2513143
TTGCCGCAGACCTACA-1,48.82081,-6.873728,-2.104171,-4.496616,4.531473,-6.63757,-8.465386,-2.9979334
TTGCCGCTTTCTAGTA-1,-14.911816,-14.019823,-5.5120993,1.1757841,3.3730218,6.163792,-0.12908486,1.2616041
TTGCCGGTGATCCCTC-1,-8.295334,2.7025845,7.4687586,-3.2213502,-0.19047974,-1.3562435,-0.079833,-4.4871693
TTGCCTAATCCAAAGT-1,43.29479,-9.39896,2.0280433,-1.2232451,3.395646,1.6809099,-5.8087277,0.62914217
TTGCGGCATCAGAAAG-1,34.05632,-8.28147,-3.0474164,-7.9000998,-7.598518,-5.9504795,3.4670694,1.9483116
TTGCGGCGACTCATGC-1,-5.9503865,11.424375,7.625206,-4.424153,-6.7839236,-1.0656745,0.75161475,-0.48926756
TTGCGTAGTTTGAGGA-1,-4.07673,16.424793,-4.4107637,-6.9500184,1.5917757,-1.2351933,1.7588257,-3.00306
TTGCGTCGGCCAACCG-1,28.46708,-2.005711,-4.2762065,-7.677267,-10.297656,-2.9077272,2.9651055,1.1131113
TTGCGTGAACGCTTAG-1,-9.80909,0.9555738,2.6980052,-7.497162,-0.73460007,-0.75108385,0.19611451,-3.7774832
TTGCTAGCTACCAATC-1,-0.39447415,14.095775,5.1687026,3.9487064,8.293816,5.2650723,-1.9553565,12.331851
TTGCTCATAGTACGTG-1,-0.66911846,3.634782,4.2084517,6.450504,4.199819,4.962988,-4.3000226,-7.8163567
TTGCTCCCATACCGGA-1,-9.3424835,-0.2724384,-10.387875,-5.400441,-3.9270158,0.4083267,0.3146223,-0.20196675
TTGCTGAAGGAACCAC-1,-11.813561,-2.072702,-9.214442,-3.150429,2.0011058,-2.9314046,0.4599235,6.621609
TTGCTGATCATGTTCG-1,-1.4711386,3.073708,-5.4027467,10.366011,-3.382888,-0.35634306,-1.806119,-1.4356278
TTGCTGCACCTATCCA-1,-8.353672,5.5079427,1.0864419,-5.504901,4.694247,-7.7831426,-0.018652387,0.3118191
TTGCTGGCCGGGCTTC-1,-8.084775,12.547211,-1.9588497,-11.326453,-3.738427,-5.3659916,1.1283637,-3.8026514
TTGGAAGAATACAGTC-1,36.012638,-3.1120334,-2.757258,0.6895905,-2.2810807,-7.7154026,4.803429,4.757462
TTGGACATGTGGCTTA-1,-4.811468,3.64458,-7.289297,18.965263,-6.5479875,-3.3715785,-6.142288,3.8479836
TTGGACCATCTGGCAA-1,-13.227149,-6.418058,6.7559347,-0.068814985,1.9242768,-0.007453612,-0.90671086,0.76117694
TTGGACCTATAACAGT-1,-16.407673,-14.029709,-4.049,-1.4395338,8.539439,4.444722,0.026478937,0.2331764
TTGGAGTCTCCCTTCT-1,-2.521426,17.666655,12.162558,-1.9894403,-8.915827,-0.12785594,3.7506802,5.272747
TTGGATATCGTCTACG-1,11.908885,-18.19233,-3.4489975,2.8804898,-7.276443,-0.43191442,-0.49326816,-0.5355605
TTGGATCGACTTCTGG-1,-12.733743,8.29895,-2.5105581,-8.968529,-2.3523047,-10.5953665,-2.498135,0.6595968
TTGGATTGGGTACCAC-1,-9.451127,8.2242155,-10.469645,-6.744024,1.5104207,-4.49806,1.8432626,6.321711
TTGGCCATCTTGCGCT-1,-6.5371966,13.242732,5.2492166,-2.174789,1.3559787,-11.131984,-9.379667,0.6753477
TTGGCCTAGAATTTCG-1,-15.2307,-2.616322,-8.246761,-11.696066,2.7041214,-2.8021035,0.9183488,1.5267512
TTGGCTCAATATGTGT-1,-1.3240958,4.1832566,5.7170873,10.509365,6.3510695,5.343703,-6.6204653,-6.545969
TTGGCTCGCATGAGAC-1,-0.60208035,16.553864,-7.805695,-6.194071,3.6611226,-0.9108845,0.027551215,-1.0120376
TTGGGAAGACGAGCCG-1,7.278277,-1.5867714,-2.3364284,2.134016,-1.6378899,14.709741,2.9318433,-12.098186
TTGGGACACTGCCCGC-1,-7.8594046,5.268392,-9.914961,-2.4919434,-8.222184,-0.8609558,0.42543146,-1.9383574
TTGGGACGTAAGAGTT-1,-17.642225,-9.287001,15.630145,7.2990384,0.14680748,-4.7239685,-1.3996798,1.9665427
TTGGGCGGCGGTTGCC-1,-10.013733,-6.396732,-7.4492497,-0.23749198,-3.7466822,1.9380605,1.748662,1.3903568
TTGGTCACACTCGTAA-1,26.720282,-10.12429,-0.5384049,-1.2675954,-8.8639,0.8313071,0.42728496,0.5543772
TTGGTTGCGGTGCGCG-1,39.07281,-8.413442,2.428802,5.435089,-1.8086406,-11.222115,9.557396,7.215379
TTGTAAGGACCTAAGT-1,25.760681,0.75028396,0.009136723,7.10747,-1.7325207,1.6972605,0.95097315,1.6736826
TTGTAAGGCCAGTTGG-1,-9.189575,-3.912745,-5.06366,-5.2786345,-0.88437897,1.6790994,1.4019138,1.0724404
TTGTAATCCGTACTCG-1,-1.6307724,1.4828986,-1.8467168,7.5514584,-3.7157407,0.23343118,-3.7609143,-0.027429704
TTGTATCACACAGAAT-1,-10.8965435,-0.2525344,-3.4520788,-9.025681,1.2013907,-2.0697405,0.46260506,2.3274317
TTGTCGTTCAGTTACC-1,-4.9986115,4.5110803,-8.542479,-3.4275439,-3.3863654,-7.199029,1.184975,3.4044068
TTGTGAACCTAATCCG-1,-13.684561,-13.439505,0.2209994,-1.3998468,5.6523833,0.32322046,-0.67273194,0.8561607
TTGTGAGGCATGACGC-1,-1.904053,8.620595,-7.5632396,12.332349,0.3100675,-10.818543,10.530447,4.1240673
TTGTGCAGCCACGTCA-1,-0.89032185,-7.665223,-4.8596964,1.0122954,2.2912908,6.476485,2.2517772,-0.77000856
TTGTGGCCCTGACAGT-1,-14.356457,-5.7756586,-8.55325,-1.6679211,1.9151546,-2.579776,1.7411653,4.0459533
TTGTGGTAGGAGGGAT-1,40.343018,0.58175534,-0.63430095,-5.3431787,-1.0110042,-3.0146658,1.6270093,3.1723325
TTGTGGTGGTACTAAG-1,-12.41646,-8.316061,5.0870924,0.9603219,5.923167,1.258317,-1.4755846,0.16032855
TTGTGTATGCCACCAA-1,4.7104874,11.944451,-6.4186387,-2.2165728,-7.50545,0.28164032,2.5302732,-3.9452477
TTGTGTTTCCCGAAAG-1,9.715893,13.629749,-3.45399,2.2110107,-7.987353,5.116708,5.657517,-3.62744
TTGTTAGCAAATTCGA-1,-12.476026,-5.7606425,-3.7154856,-1.6958923,4.5553937,-1.1632929,-2.0766468,6.8774796
TTGTTCAGTGTGCTAC-1,-13.502397,-9.84427,-5.1095667,3.5542934,-1.8734998,-1.665473,2.114766,1.2880812
TTGTTGTGTGTCAAGA-1,-8.412695,-1.2223167,-6.7837634,-3.3801856,-3.3609302,0.784962,1.8208276,-2.2856495
TTGTTTCACATCCAGG-1,48.320942,-14.092839,1.1755104,-7.283125,-1.6735374,-1.7291391,-2.4839592,2.3997731
TTGTTTCATTAGTCTA-1,45.93037,-3.3428376,4.5336037,-2.7738693,4.5160108,4.3365154,-0.56161547,-1.2965142
TTGTTTCCATACAACT-1,20.128176,2.692496,-1.3005354,2.3165877,-9.38959,-4.1570816,3.2077515,6.135481
TTGTTTGTATTACACG-1,28.24651,0.9615193,-1.3255758,2.5621376,0.6916699,7.8433156,-4.1619453,-11.399719
TTGTTTGTGTAAATTC-1,-14.030621,4.3419194,9.590552,-3.6655478,-8.935601,-11.7101965,-2.90072,1.6191047
